{"type":"FeatureCollection","features":[{"type":"Feature","geometry":{"type":"Point","coordinates":[-84.64484,43.39173]},"properties":{"StationName":"Alma, MI","Code":"AAM","City":"Alma","State":"MI","StaType":"Station Building (with waiting room)"}},{"type":"Feature","geometry":{"type":"Point","coordinates":[-73.80919,42.7445]},"properties":{"StationName":"Albany, NY","Code":"ABA","City":"Albany","State":"NY","StaType":"Curbside Bus Stop only (no shelter)"}},{"type":"Feature","geometry":{"type":"Point","coordinates":[-90.31467,44.92856]},"properties":{"StationName":"Abbotsford-Colby, WI","Code":"ABB","City":"Colby","State":"WI","StaType":"Curbside Bus Stop only (no shelter)"}},{"type":"Feature","geometry":{"type":"Point","coordinates":[-76.16326,39.50845]},"properties":{"StationName":"Aberdeen, MD","Code":"ABE","City":"Aberdeen","State":"MD","StaType":"Station Building (with waiting room)"}},{"type":"Feature","geometry":{"type":"Point","coordinates":[-74.50148,39.42405]},"properties":{"StationName":"Absecon, NJ","Code":"ABN","City":"Absecon","State":"NJ","StaType":"Platform with Shelter"}},{"type":"Feature","geometry":{"type":"Point","coordinates":[-106.64799,35.08207]},"properties":{"StationName":"Albuquerque, NM","Code":"ABQ","City":"Albuquerque","State":"NM","StaType":"Station Building (with waiting room)"}},{"type":"Feature","geometry":{"type":"Point","coordinates":[-121.81604,38.01771]},"properties":{"StationName":"Antioch-Pittsburg, CA","Code":"ACA","City":"Antioch","State":"CA","StaType":"Platform with Shelter"}},{"type":"Feature","geometry":{"type":"Point","coordinates":[-74.43479,39.35956]},"properties":{"StationName":"Atlantic City, NJ","Code":"ACB","City":"Atlantic City","State":"NJ","StaType":"Station Building (with waiting room)"}},{"type":"Feature","geometry":{"type":"Point","coordinates":[-90.62441,37.59217]},"properties":{"StationName":"Arcadia, MO","Code":"ACD","City":"Arcadia","State":"MO","StaType":"Station Building (with waiting room)"}},{"type":"Feature","geometry":{"type":"Point","coordinates":[-74.4399,39.3627]},"properties":{"StationName":"Atlantic City, NJ","Code":"ACY","City":"Atlantic City","State":"NJ","StaType":"Station Building (with waiting room)"}},{"type":"Feature","geometry":{"type":"Point","coordinates":[-97.12552,34.17247]},"properties":{"StationName":"Ardmore, OK","Code":"ADM","City":"Ardmore","State":"OK","StaType":"Platform only (no shelter)"}},{"type":"Feature","geometry":{"type":"Point","coordinates":[-69.79913,44.35592]},"properties":{"StationName":"Augusta, ME","Code":"AGM","City":"Augusta","State":"ME","StaType":"Curbside Bus Stop only (no shelter)"}},{"type":"Feature","geometry":{"type":"Point","coordinates":[-122.6896,42.18575]},"properties":{"StationName":"Ashland, OR","Code":"AHL","City":"Ashland","State":"OR","StaType":"Curbside Bus Stop only (no shelter)"}},{"type":"Feature","geometry":{"type":"Point","coordinates":[-120.5783,37.36423]},"properties":{"StationName":"Atwater, CA","Code":"AIR","City":"Atwater","State":"CA","StaType":"Curbside Bus Stop only (no shelter)"}},{"type":"Feature","geometry":{"type":"Point","coordinates":[-82.63961,38.48088]},"properties":{"StationName":"Ashland, KY","Code":"AKY","City":"Ashland","State":"KY","StaType":"Platform with Shelter"}},{"type":"Feature","geometry":{"type":"Point","coordinates":[-84.7906,45.44021]},"properties":{"StationName":"Alanson, MI","Code":"ALA","City":"Alanson","State":"MI","StaType":"Curbside Bus Stop only (no shelter)"}},{"type":"Feature","geometry":{"type":"Point","coordinates":[-73.74115,42.64104]},"properties":{"StationName":"Albany-Rensselaer, NY","Code":"ALB","City":"Rensselaer","State":"NY","StaType":"Station Building (with waiting room)"}},{"type":"Feature","geometry":{"type":"Point","coordinates":[-81.09291,40.92128]},"properties":{"StationName":"Alliance, OH","Code":"ALC","City":"Alliance","State":"OH","StaType":"Platform only (no shelter)"}},{"type":"Feature","geometry":{"type":"Point","coordinates":[-80.64486,37.72428]},"properties":{"StationName":"Alderson, WV","Code":"ALD","City":"Alderson","State":"WV","StaType":"Platform only (no shelter)"}},{"type":"Feature","geometry":{"type":"Point","coordinates":[-84.75582,42.2472]},"properties":{"StationName":"Albion, MI","Code":"ALI","City":"Albion","State":"MI","StaType":"Station Building (with waiting room)"}},{"type":"Feature","geometry":{"type":"Point","coordinates":[-83.47646,45.06221]},"properties":{"StationName":"Alpena, MI","Code":"ALM","City":"Alpena","State":"MI","StaType":"Curbside Bus Stop only (no shelter)"}},{"type":"Feature","geometry":{"type":"Point","coordinates":[-90.1573,38.92101]},"properties":{"StationName":"Alton, IL","Code":"ALN","City":"Alton","State":"IL","StaType":"Station Building (with waiting room)"}},{"type":"Feature","geometry":{"type":"Point","coordinates":[-103.66152,30.35731]},"properties":{"StationName":"Alpine, TX","Code":"ALP","City":"Alpine","State":"TX","StaType":"Station Building (with waiting room)"}},{"type":"Feature","geometry":{"type":"Point","coordinates":[-78.40162,40.51448]},"properties":{"StationName":"Altoona, PA","Code":"ALT","City":"Altoona","State":"PA","StaType":"Station Building (with waiting room)"}},{"type":"Feature","geometry":{"type":"Point","coordinates":[-77.06233,38.80651]},"properties":{"StationName":"Alexandria, VA","Code":"ALX","City":"Alexandria","State":"VA","StaType":"Station Building (with waiting room)"}},{"type":"Feature","geometry":{"type":"Point","coordinates":[-123.10279,44.63047]},"properties":{"StationName":"Albany, OR","Code":"ALY","City":"Albany","State":"OR","StaType":"Station Building (with waiting room)"}},{"type":"Feature","geometry":{"type":"Point","coordinates":[-74.2195,42.95373]},"properties":{"StationName":"Amsterdam, NY","Code":"AMS","City":"Amsterdam","State":"NY","StaType":"Station Building (with waiting room)"}},{"type":"Feature","geometry":{"type":"Point","coordinates":[-117.87732,33.80381]},"properties":{"StationName":"Anaheim, CA","Code":"ANA","City":"Anaheim","State":"CA","StaType":"Station Building (with waiting room)"}},{"type":"Feature","geometry":{"type":"Point","coordinates":[-106.84598,38.66568]},"properties":{"StationName":"Almont, CO","Code":"ANT","City":"Almont","State":"CO","StaType":"Curbside Bus Stop only (no shelter)"}},{"type":"Feature","geometry":{"type":"Point","coordinates":[-88.40586,44.26332]},"properties":{"StationName":"Appleton, WI","Code":"APP","City":"Appleton","State":"WI","StaType":"Station Building (with waiting room)"}},{"type":"Feature","geometry":{"type":"Point","coordinates":[-83.74316,42.2877]},"properties":{"StationName":"Ann Arbor, MI","Code":"ARB","City":"Ann Arbor","State":"MI","StaType":"Station Building (with waiting room)"}},{"type":"Feature","geometry":{"type":"Point","coordinates":[-124.08382,40.86864]},"properties":{"StationName":"Arcata, CA","Code":"ARC","City":"Arcata","State":"CA","StaType":"Curbside Bus Stop only (no shelter)"}},{"type":"Feature","geometry":{"type":"Point","coordinates":[-75.2904,40.00829]},"properties":{"StationName":"Ardmore, PA","Code":"ARD","City":"Ardmore","State":"PA","StaType":"Station Building (with waiting room)"}},{"type":"Feature","geometry":{"type":"Point","coordinates":[-93.05329,34.11393]},"properties":{"StationName":"Arkadelphia, AR","Code":"ARK","City":"Arkadelphia","State":"AR","StaType":"Station Building (with waiting room)"}},{"type":"Feature","geometry":{"type":"Point","coordinates":[-121.0832,38.90364]},"properties":{"StationName":"Auburn, CA","Code":"ARN","City":"Auburn","State":"CA","StaType":"Platform with Shelter"}},{"type":"Feature","geometry":{"type":"Point","coordinates":[-123.8333,46.19022]},"properties":{"StationName":"Astoria, OR","Code":"ART","City":"Astoria","State":"OR","StaType":"Curbside Bus Stop only (no shelter)"}},{"type":"Feature","geometry":{"type":"Point","coordinates":[-77.48131,37.7596]},"properties":{"StationName":"Ashland, VA","Code":"ASD","City":"Ashland","State":"VA","StaType":"Platform with Shelter"}},{"type":"Feature","geometry":{"type":"Point","coordinates":[-79.85572,43.31342]},"properties":{"StationName":"Aldershot, ON","Code":"AST","City":"Aldershot","State":"ON","StaType":"Station Building (with waiting room)"}},{"type":"Feature","geometry":{"type":"Point","coordinates":[-120.66477,35.48896]},"properties":{"StationName":"Atascadero, CA","Code":"ATA","City":"Atascadero","State":"CA","StaType":"Curbside Bus Stop only (no shelter)"}},{"type":"Feature","geometry":{"type":"Point","coordinates":[-84.39248,33.79945]},"properties":{"StationName":"Atlanta, GA","Code":"ATL","City":"Atlanta","State":"GA","StaType":"Station Building (with waiting room)"}},{"type":"Feature","geometry":{"type":"Point","coordinates":[-85.83215,33.64912]},"properties":{"StationName":"Anniston, AL","Code":"ATN","City":"Anniston","State":"AL","StaType":"Station Building (with waiting room)"}},{"type":"Feature","geometry":{"type":"Point","coordinates":[-74.90789,39.78351]},"properties":{"StationName":"Atco, NJ","Code":"ATO","City":"Atco","State":"NJ","StaType":"Platform with Shelter"}},{"type":"Feature","geometry":{"type":"Point","coordinates":[-70.26641,44.03771]},"properties":{"StationName":"Auburn, ME","Code":"AUR","City":"Auburn","State":"ME","StaType":"Station Building (with waiting room)"}},{"type":"Feature","geometry":{"type":"Point","coordinates":[-97.75695,30.26945]},"properties":{"StationName":"Austin, TX","Code":"AUS","City":"Austin","State":"TX","StaType":"Station Building (with waiting room)"}},{"type":"Feature","geometry":{"type":"Point","coordinates":[-75.47152,40.60406]},"properties":{"StationName":"Allentown, PA","Code":"AWN","City":"Allentown","State":"PA","StaType":"Station Building (with waiting room)"}},{"type":"Feature","geometry":{"type":"Point","coordinates":[-117.81315,44.78156]},"properties":{"StationName":"Baker City, OR","Code":"BAK","City":"Baker City","State":"OR","StaType":"Station Building (with waiting room)"}},{"type":"Feature","geometry":{"type":"Point","coordinates":[-76.61569,39.30731]},"properties":{"StationName":"Baltimore, MD","Code":"BAL","City":"Baltimore","State":"MD","StaType":"Station Building (with waiting room)"}},{"type":"Feature","geometry":{"type":"Point","coordinates":[-86.11165,42.31453]},"properties":{"StationName":"Bangor, MI","Code":"BAM","City":"Bangor","State":"MI","StaType":"Station Building (with waiting room)"}},{"type":"Feature","geometry":{"type":"Point","coordinates":[-68.80875,44.81662]},"properties":{"StationName":"Bangor, ME","Code":"BAN","City":"Bangor","State":"ME","StaType":"Station Building (with waiting room)"}},{"type":"Feature","geometry":{"type":"Point","coordinates":[-117.02545,34.90483]},"properties":{"StationName":"Barstow, CA","Code":"BAR","City":"Barstow","State":"CA","StaType":"Platform with Shelter"}},{"type":"Feature","geometry":{"type":"Point","coordinates":[-89.33401,30.30874]},"properties":{"StationName":"Bay Saint Louis, MS","Code":"BAS","City":"Bay St. Louis","State":"MS","StaType":"Platform only (no shelter)"}},{"type":"Feature","geometry":{"type":"Point","coordinates":[-118.29991,34.1713]},"properties":{"StationName":"Burbank, CA","Code":"BBK","City":"Burbank","State":"CA","StaType":"Station Building (with waiting room)"}},{"type":"Feature","geometry":{"type":"Point","coordinates":[-116.99845,34.89128]},"properties":{"StationName":"Barstow, CA","Code":"BBS","City":"Barstow","State":"CA","StaType":"Curbside Bus Stop only (no shelter)"}},{"type":"Feature","geometry":{"type":"Point","coordinates":[-71.07583,42.34733]},"properties":{"StationName":"Boston, MA","Code":"BBY","City":"Boston","State":"MA","StaType":"Station Building (with waiting room)"}},{"type":"Feature","geometry":{"type":"Point","coordinates":[-118.62842,43.64232]},"properties":{"StationName":"Buchanan, OR","Code":"BCH","City":"Buchanan","State":"OR","StaType":"Curbside Bus Stop only (no shelter)"}},{"type":"Feature","geometry":{"type":"Point","coordinates":[-77.29879,38.79728]},"properties":{"StationName":"Burke Centre, VA","Code":"BCV","City":"Burke","State":"VA","StaType":"Platform with Shelter"}},{"type":"Feature","geometry":{"type":"Point","coordinates":[-83.88693,43.60186]},"properties":{"StationName":"Bay City, MI","Code":"BCY","City":"Bay City","State":"MI","StaType":"Station Building (with waiting room)"}},{"type":"Feature","geometry":{"type":"Point","coordinates":[-73.08709,43.79835]},"properties":{"StationName":"Brandon, VT","Code":"BDN","City":"Brandon","State":"VT","StaType":"Curbside Bus Stop only (no shelter)"}},{"type":"Feature","geometry":{"type":"Point","coordinates":[-82.45745,27.48586]},"properties":{"StationName":"Bradenton, FL","Code":"BDT","City":"Bradenton","State":"FL","StaType":"Curbside Bus Stop only (no shelter)"}},{"type":"Feature","geometry":{"type":"Point","coordinates":[-88.44697,44.72987]},"properties":{"StationName":"Bonduel, WI","Code":"BDU","City":"Bonduel","State":"WI","StaType":"Curbside Bus Stop only (no shelter)"}},{"type":"Feature","geometry":{"type":"Point","coordinates":[-122.51127,48.72027]},"properties":{"StationName":"Bellingham, WA","Code":"BEL","City":"Bellingham","State":"WA","StaType":"Station Building (with waiting room)"}},{"type":"Feature","geometry":{"type":"Point","coordinates":[-110.29691,31.96876]},"properties":{"StationName":"Benson, AZ","Code":"BEN","City":"Benson","State":"AZ","StaType":"Platform with Shelter"}},{"type":"Feature","geometry":{"type":"Point","coordinates":[-72.76528,41.6356]},"properties":{"StationName":"Berlin, CT","Code":"BER","City":"Berlin","State":"CT","StaType":"Platform with Shelter"}},{"type":"Feature","geometry":{"type":"Point","coordinates":[-88.98912,42.49007]},"properties":{"StationName":"South Beloit, IL","Code":"BET","City":"South Beloit","State":"IL","StaType":"Curbside Bus Stop only (no shelter)"}},{"type":"Feature","geometry":{"type":"Point","coordinates":[-119.00822,35.37214]},"properties":{"StationName":"Bakersfield, CA","Code":"BFD","City":"Bakersfield","State":"CA","StaType":"Station Building (with waiting room)"}},{"type":"Feature","geometry":{"type":"Point","coordinates":[-69.02598,44.4227]},"properties":{"StationName":"Belfast, ME","Code":"BFT","City":"Belfast","State":"ME","StaType":"Curbside Bus Stop only (no shelter)"}},{"type":"Feature","geometry":{"type":"Point","coordinates":[-78.87375,42.87846]},"properties":{"StationName":"Buffalo, NY","Code":"BFX","City":"Buffalo","State":"NY","StaType":"Station Building (with waiting room)"}},{"type":"Feature","geometry":{"type":"Point","coordinates":[-85.48362,43.67336]},"properties":{"StationName":"Big Rapids, MI","Code":"BGP","City":"Big Rapids","State":"MI","StaType":"Curbside Bus Stop only (no shelter)"}},{"type":"Feature","geometry":{"type":"Point","coordinates":[-86.80703,33.51294]},"properties":{"StationName":"Birmingham, AL","Code":"BHM","City":"Birmingham","State":"AL","StaType":"Station Building (with waiting room)"}},{"type":"Feature","geometry":{"type":"Point","coordinates":[-120.60356,43.81404]},"properties":{"StationName":"Brothers, OR","Code":"BHS","City":"Brothers","State":"OR","StaType":"Curbside Bus Stop only (no shelter)"}},{"type":"Feature","geometry":{"type":"Point","coordinates":[-71.18743,44.45905]},"properties":{"StationName":"Berlin, NH","Code":"BIN","City":"Berlin","State":"NH","StaType":"Curbside Bus Stop only (no shelter)"}},{"type":"Feature","geometry":{"type":"Point","coordinates":[-78.87022,40.96872]},"properties":{"StationName":"Big Run, PA","Code":"BIR","City":"Big Run","State":"PA","StaType":"Curbside Bus Stop only (no shelter)"}},{"type":"Feature","geometry":{"type":"Point","coordinates":[-88.89114,30.399]},"properties":{"StationName":"Biloxi, MS","Code":"BIX","City":"Biloxi","State":"MS","StaType":"Platform only (no shelter)"}},{"type":"Feature","geometry":{"type":"Point","coordinates":[-124.28833,42.0548]},"properties":{"StationName":"Brookings, OR","Code":"BKO","City":"Brookings","State":"OR","StaType":"Station Building (with waiting room)"}},{"type":"Feature","geometry":{"type":"Point","coordinates":[-123.11405,45.61787]},"properties":{"StationName":"Banks, OR","Code":"BKS","City":"Banks","State":"OR","StaType":"Curbside Bus Stop only (no shelter)"}},{"type":"Feature","geometry":{"type":"Point","coordinates":[-122.30072,37.86726]},"properties":{"StationName":"Berkeley, CA","Code":"BKY","City":"Berkeley","State":"CA","StaType":"Platform with Shelter"}},{"type":"Feature","geometry":{"type":"Point","coordinates":[-72.4446,43.13655]},"properties":{"StationName":"Bellows Falls, VT","Code":"BLF","City":"Bellows Falls","State":"VT","StaType":"Station Building (with waiting room)"}},{"type":"Feature","geometry":{"type":"Point","coordinates":[-80.42459,37.23202]},"properties":{"StationName":"Blacksburg, VA","Code":"BLK","City":"Blacksburg","State":"VA","StaType":"Curbside Bus Stop only (no shelter)"}},{"type":"Feature","geometry":{"type":"Point","coordinates":[-79.21978,40.4447]},"properties":{"StationName":"Blairsville, PA","Code":"BLS","City":"Blairsville","State":"PA","StaType":"Curbside Bus Stop only (no shelter)"}},{"type":"Feature","geometry":{"type":"Point","coordinates":[-73.21417,44.48034]},"properties":{"StationName":"Burlington, VT","Code":"BLT","City":"Burlington","State":"VT","StaType":"Station Building (with waiting room)"}},{"type":"Feature","geometry":{"type":"Point","coordinates":[-94.12737,30.07646]},"properties":{"StationName":"Beaumont, TX","Code":"BMT","City":"Beaumont","State":"TX","StaType":"Platform with Shelter"}},{"type":"Feature","geometry":{"type":"Point","coordinates":[-79.43453,36.09423]},"properties":{"StationName":"Burlington, NC","Code":"BNC","City":"Burlington","State":"NC","StaType":"Station Building (with waiting room)"}},{"type":"Feature","geometry":{"type":"Point","coordinates":[-121.30128,44.05823]},"properties":{"StationName":"Bend, OR","Code":"BND","City":"Bend","State":"OR","StaType":"Station Building (with waiting room)"}},{"type":"Feature","geometry":{"type":"Point","coordinates":[-72.81635,41.27469]},"properties":{"StationName":"Branford, CT","Code":"BNF","City":"Branford","State":"CT","StaType":"Station Building (with waiting room)"}},{"type":"Feature","geometry":{"type":"Point","coordinates":[-121.46874,45.71503]},"properties":{"StationName":"Bingen-White Salmon, WA","Code":"BNG","City":"Bingen","State":"WA","StaType":"Platform with Shelter"}},{"type":"Feature","geometry":{"type":"Point","coordinates":[-73.19324,42.87879]},"properties":{"StationName":"Bennington, VT","Code":"BNI","City":"Bennington","State":"VT","StaType":"Curbside Bus Stop only (no shelter)"}},{"type":"Feature","geometry":{"type":"Point","coordinates":[-88.98431,40.50902]},"properties":{"StationName":"Bloomington-Normal, IL","Code":"BNL","City":"Normal","State":"IL","StaType":"Station Building (with waiting room)"}},{"type":"Feature","geometry":{"type":"Point","coordinates":[-119.06444,43.58372]},"properties":{"StationName":"Burns, OR","Code":"BNS","City":"Burns","State":"OR","StaType":"Curbside Bus Stop only (no shelter)"}},{"type":"Feature","geometry":{"type":"Point","coordinates":[-71.06112,42.36624]},"properties":{"StationName":"Boston, MA","Code":"BON","City":"Boston","State":"MA","StaType":"Station Building (with waiting room)"}},{"type":"Feature","geometry":{"type":"Point","coordinates":[-71.0553,42.35232]},"properties":{"StationName":"Boston, MA","Code":"BOS","City":"Boston","State":"MA","StaType":"Station Building (with waiting room)"}},{"type":"Feature","geometry":{"type":"Point","coordinates":[-72.5565,42.85086]},"properties":{"StationName":"Brattleboro, VT","Code":"BRA","City":"Brattleboro","State":"VT","StaType":"Station Building (with waiting room)"}},{"type":"Feature","geometry":{"type":"Point","coordinates":[-89.77368,43.45936]},"properties":{"StationName":"Baraboo, WI","Code":"BRB","City":"Baraboo","State":"WI","StaType":"Curbside Bus Stop only (no shelter)"}},{"type":"Feature","geometry":{"type":"Point","coordinates":[-90.44108,31.58297]},"properties":{"StationName":"Brookhaven, MS","Code":"BRH","City":"Brookhaven","State":"MS","StaType":"Station Building (with waiting room)"}},{"type":"Feature","geometry":{"type":"Point","coordinates":[-69.96554,43.9114]},"properties":{"StationName":"Brunswick, ME","Code":"BRK","City":"Brunswick","State":"ME","StaType":"Station Building (with waiting room)"}},{"type":"Feature","geometry":{"type":"Point","coordinates":[-91.10196,40.8058]},"properties":{"StationName":"Burlington, IA","Code":"BRL","City":"Burlington","State":"IA","StaType":"Station Building (with waiting room)"}},{"type":"Feature","geometry":{"type":"Point","coordinates":[-113.01316,48.53407]},"properties":{"StationName":"Browning, MT","Code":"BRO","City":"Browning","State":"MT","StaType":"Platform with Shelter"}},{"type":"Feature","geometry":{"type":"Point","coordinates":[-73.18754,41.17801]},"properties":{"StationName":"Bridgeport, CT","Code":"BRP","City":"Bridgeport","State":"CT","StaType":"Station Building (with waiting room)"}},{"type":"Feature","geometry":{"type":"Point","coordinates":[-85.18783,42.31846]},"properties":{"StationName":"Battle Creek, MI","Code":"BTL","City":"Battle Creek","State":"MI","StaType":"Station Building (with waiting room)"}},{"type":"Feature","geometry":{"type":"Point","coordinates":[-73.21927,44.47571]},"properties":{"StationName":"Burlington, VT","Code":"BTN","City":"Burlington","State":"VT","StaType":"Station Building (with waiting room)"}},{"type":"Feature","geometry":{"type":"Point","coordinates":[-91.17638,30.44975]},"properties":{"StationName":"Baton Rouge, LA","Code":"BTR","City":"Baton Rouge","State":"LA","StaType":"Station Building (with waiting room)"}},{"type":"Feature","geometry":{"type":"Point","coordinates":[-73.15546,44.46987]},"properties":{"StationName":"South Burlington, VT","Code":"BTV","City":"South Burlington","State":"VT","StaType":"Station Building (with waiting room)"}},{"type":"Feature","geometry":{"type":"Point","coordinates":[-78.72659,42.90703]},"properties":{"StationName":"Buffalo, NY","Code":"BUF","City":"Depew","State":"NY","StaType":"Station Building (with waiting room)"}},{"type":"Feature","geometry":{"type":"Point","coordinates":[-120.18661,34.61066]},"properties":{"StationName":"Buellton, CA","Code":"BUL","City":"Buellton","State":"CA","StaType":"Curbside Bus Stop only (no shelter)"}},{"type":"Feature","geometry":{"type":"Point","coordinates":[-118.35378,34.19308]},"properties":{"StationName":"Burbank, CA","Code":"BUR","City":"Burbank","State":"CA","StaType":"Platform with Shelter"}},{"type":"Feature","geometry":{"type":"Point","coordinates":[-106.13107,38.8429]},"properties":{"StationName":"Buena Vista, CO","Code":"BUV","City":"Buena Vista","State":"CO","StaType":"Curbside Bus Stop only (no shelter)"}},{"type":"Feature","geometry":{"type":"Point","coordinates":[-121.8032,43.13458]},"properties":{"StationName":"Beaver Marsh, OR","Code":"BVM","City":"Beaver Marsh","State":"OR","StaType":"Platform only (no shelter)"}},{"type":"Feature","geometry":{"type":"Point","coordinates":[-122.78218,45.51023]},"properties":{"StationName":"Beaverton, OR","Code":"BVT","City":"Beaverton","State":"OR","StaType":"Curbside Bus Stop only (no shelter)"}},{"type":"Feature","geometry":{"type":"Point","coordinates":[-76.6943,39.19237]},"properties":{"StationName":"BWI Marshall Airport, MD","Code":"BWI","City":"Baltimore","State":"MD","StaType":"Station Building (with waiting room)"}},{"type":"Feature","geometry":{"type":"Point","coordinates":[-84.5518,41.48033]},"properties":{"StationName":"Bryan, OH","Code":"BYN","City":"Bryan","State":"OH","StaType":"Station Building (with waiting room)"}},{"type":"Feature","geometry":{"type":"Point","coordinates":[-80.62519,34.24816]},"properties":{"StationName":"Camden, SC","Code":"CAM","City":"Camden","State":"SC","StaType":"Station Building (with waiting room)"}},{"type":"Feature","geometry":{"type":"Point","coordinates":[-71.12657,43.97831]},"properties":{"StationName":"Conway, NH","Code":"CAY","City":"Conway","State":"NH","StaType":"Curbside Bus Stop only (no shelter)"}},{"type":"Feature","geometry":{"type":"Point","coordinates":[-106.98092,38.87036]},"properties":{"StationName":"Crested Butte, CO","Code":"CBC","City":"Crested Butte","State":"CO","StaType":"Curbside Bus Stop only (no shelter)"}},{"type":"Feature","geometry":{"type":"Point","coordinates":[-123.96186,45.8895]},"properties":{"StationName":"Cannon Beach, OR","Code":"CBO","City":"Cannon Beach","State":"OR","StaType":"Curbside Bus Stop only (no shelter)"}},{"type":"Feature","geometry":{"type":"Point","coordinates":[-97.38234,32.34975]},"properties":{"StationName":"Cleburne, TX","Code":"CBR","City":"Cleburne","State":"TX","StaType":"Platform with Shelter"}},{"type":"Feature","geometry":{"type":"Point","coordinates":[-89.01262,43.34062]},"properties":{"StationName":"Columbus, WI","Code":"CBS","City":"Columbus","State":"WI","StaType":"Station Building (with waiting room)"}},{"type":"Feature","geometry":{"type":"Point","coordinates":[-124.21738,43.36711]},"properties":{"StationName":"Coos Bay, OR","Code":"CBY","City":"Coos Bay","State":"OR","StaType":"Curbside Bus Stop only (no shelter)"}},{"type":"Feature","geometry":{"type":"Point","coordinates":[-116.79872,33.9215]},"properties":{"StationName":"Cabazon, CA","Code":"CBZ","City":"Cabazon","State":"CA","StaType":"Curbside Bus Stop only (no shelter)"}},{"type":"Feature","geometry":{"type":"Point","coordinates":[-76.04839,38.56176]},"properties":{"StationName":"Cambridge, MD","Code":"CDE","City":"Cambridge","State":"MD","StaType":"Curbside Bus Stop only (no shelter)"}},{"type":"Feature","geometry":{"type":"Point","coordinates":[-89.21633,37.72459]},"properties":{"StationName":"Carbondale, IL","Code":"CDL","City":"Carbondale","State":"IL","StaType":"Station Building (with waiting room)"}},{"type":"Feature","geometry":{"type":"Point","coordinates":[-69.07863,44.1991]},"properties":{"StationName":"Camden-Rockport, ME","Code":"CDN","City":"Rockport","State":"ME","StaType":"Curbside Bus Stop only (no shelter)"}},{"type":"Feature","geometry":{"type":"Point","coordinates":[-85.57049,43.21961]},"properties":{"StationName":"Cedar Springs, MI","Code":"CDS","City":"Cedar Springs","State":"MI","StaType":"Curbside Bus Stop only (no shelter)"}},{"type":"Feature","geometry":{"type":"Point","coordinates":[-89.13612,38.52754]},"properties":{"StationName":"Centralia, IL","Code":"CEN","City":"Centralia","State":"IL","StaType":"Station Building (with waiting room)"}},{"type":"Feature","geometry":{"type":"Point","coordinates":[-78.43533,41.0211]},"properties":{"StationName":"Clearfield, PA","Code":"CFD","City":"Clearfield","State":"PA","StaType":"Station Building (with waiting room)"}},{"type":"Feature","geometry":{"type":"Point","coordinates":[-117.36517,46.87569]},"properties":{"StationName":"Colfax, WA","Code":"CFX","City":"Colfax","State":"WA","StaType":"Curbside Bus Stop only (no shelter)"}},{"type":"Feature","geometry":{"type":"Point","coordinates":[-119.69969,37.2619]},"properties":{"StationName":"Coarsegold, CA","Code":"CGD","City":"Coarsegold","State":"CA","StaType":"Curbside Bus Stop only (no shelter)"}},{"type":"Feature","geometry":{"type":"Point","coordinates":[-84.47629,45.64673]},"properties":{"StationName":"Cheboygan, MI","Code":"CHB","City":"Cheboygan","State":"MI","StaType":"Curbside Bus Stop only (no shelter)"}},{"type":"Feature","geometry":{"type":"Point","coordinates":[-87.64102,41.879]},"properties":{"StationName":"Chicago, IL","Code":"CHI","City":"Chicago","State":"IL","StaType":"Station Building (with waiting room)"}},{"type":"Feature","geometry":{"type":"Point","coordinates":[-85.25795,45.31846]},"properties":{"StationName":"Charlevoix, MI","Code":"CHL","City":"Charlevoix","State":"MI","StaType":"Station Building (with waiting room)"}},{"type":"Feature","geometry":{"type":"Point","coordinates":[-88.24137,40.11585]},"properties":{"StationName":"Champaign-Urbana, IL","Code":"CHM","City":"Champaign","State":"IL","StaType":"Station Building (with waiting room)"}},{"type":"Feature","geometry":{"type":"Point","coordinates":[-121.88317,42.5357]},"properties":{"StationName":"Chiloquin, OR","Code":"CHN","City":"Chiloquin","State":"OR","StaType":"Curbside Bus Stop only (no shelter)"}},{"type":"Feature","geometry":{"type":"Point","coordinates":[-91.4278,44.8831]},"properties":{"StationName":"Chippewa Falls, WI","Code":"CHP","City":"Chippewa Falls","State":"WI","StaType":"Curbside Bus Stop only (no shelter)"}},{"type":"Feature","geometry":{"type":"Point","coordinates":[-79.99805,32.87548]},"properties":{"StationName":"Charleston, SC","Code":"CHS","City":"North Charleston","State":"SC","StaType":"Station Building (with waiting room)"}},{"type":"Feature","geometry":{"type":"Point","coordinates":[-81.6385,38.34638]},"properties":{"StationName":"Charleston, WV","Code":"CHW","City":"Charleston","State":"WV","StaType":"Station Building (with waiting room)"}},{"type":"Feature","geometry":{"type":"Point","coordinates":[-121.84587,39.72326]},"properties":{"StationName":"Chico, CA","Code":"CIC","City":"Chico","State":"CA","StaType":"Platform only (no shelter)"}},{"type":"Feature","geometry":{"type":"Point","coordinates":[-84.53707,39.10993]},"properties":{"StationName":"Cincinnati, OH","Code":"CIN","City":"Cincinnati","State":"OH","StaType":"Station Building (with waiting room)"}},{"type":"Feature","geometry":{"type":"Point","coordinates":[-72.37765,43.36834]},"properties":{"StationName":"Claremont, NH","Code":"CLA","City":"Claremont","State":"NH","StaType":"Platform with Shelter"}},{"type":"Feature","geometry":{"type":"Point","coordinates":[-81.04049,33.9943]},"properties":{"StationName":"Columbia, SC","Code":"CLB","City":"Columbia","State":"SC","StaType":"Station Building (with waiting room)"}},{"type":"Feature","geometry":{"type":"Point","coordinates":[-85.38975,44.27041]},"properties":{"StationName":"Cadillac, MI","Code":"CLC","City":"Cadillac","State":"MI","StaType":"Curbside Bus Stop only (no shelter)"}},{"type":"Feature","geometry":{"type":"Point","coordinates":[-81.69618,41.5058]},"properties":{"StationName":"Cleveland, OH","Code":"CLE","City":"Cleveland","State":"OH","StaType":"Station Building (with waiting room)"}},{"type":"Feature","geometry":{"type":"Point","coordinates":[-79.82737,37.81453]},"properties":{"StationName":"Clifton Forge, VA","Code":"CLF","City":"Clifton Forge","State":"VA","StaType":"Station Building (with waiting room)"}},{"type":"Feature","geometry":{"type":"Point","coordinates":[-117.71687,34.09447]},"properties":{"StationName":"Claremont, CA","Code":"CLM","City":"Claremont","State":"CA","StaType":"Platform with Shelter"}},{"type":"Feature","geometry":{"type":"Point","coordinates":[-72.52929,41.28075]},"properties":{"StationName":"Clinton, CT","Code":"CLN","City":"Clinton","State":"CT","StaType":"Station Building (with waiting room)"}},{"type":"Feature","geometry":{"type":"Point","coordinates":[-77.99342,38.47237]},"properties":{"StationName":"Culpeper, VA","Code":"CLP","City":"Culpeper","State":"VA","StaType":"Station Building (with waiting room)"}},{"type":"Feature","geometry":{"type":"Point","coordinates":[-84.76747,43.84098]},"properties":{"StationName":"Clare, MI","Code":"CLR","City":"Clare","State":"MI","StaType":"Curbside Bus Stop only (no shelter)"}},{"type":"Feature","geometry":{"type":"Point","coordinates":[-80.82282,35.24141]},"properties":{"StationName":"Charlotte, NC","Code":"CLT","City":"Charlotte","State":"NC","StaType":"Station Building (with waiting room)"}},{"type":"Feature","geometry":{"type":"Point","coordinates":[-123.01186,38.79811]},"properties":{"StationName":"Cloverdale, CA","Code":"CLV","City":"Cloverdale","State":"CA","StaType":"Curbside Bus Stop only (no shelter)"}},{"type":"Feature","geometry":{"type":"Point","coordinates":[-119.03413,34.21594]},"properties":{"StationName":"Camarillo, CA","Code":"CML","City":"Camarillo","State":"CA","StaType":"Platform only (no shelter)"}},{"type":"Feature","geometry":{"type":"Point","coordinates":[-121.78161,43.21679]},"properties":{"StationName":"Chemult, OR","Code":"CMO","City":"Chemult","State":"OR","StaType":"Platform with Shelter"}},{"type":"Feature","geometry":{"type":"Point","coordinates":[-119.38588,35.86434]},"properties":{"StationName":"Col Allensworth State Park, CA","Code":"CNL","City":"Allensworth","State":"CA","StaType":"Platform only (no shelter)"}},{"type":"Feature","geometry":{"type":"Point","coordinates":[-73.17134,43.61339]},"properties":{"StationName":"Castleton, VT","Code":"CNV","City":"Castleton","State":"VT","StaType":"Station Building (with waiting room)"}},{"type":"Feature","geometry":{"type":"Point","coordinates":[-119.55706,36.09852]},"properties":{"StationName":"Corcoran, CA","Code":"COC","City":"Corcoran","State":"CA","StaType":"Station Building (with waiting room)"}},{"type":"Feature","geometry":{"type":"Point","coordinates":[-85.13338,39.64598]},"properties":{"StationName":"Connersville, IN","Code":"COI","City":"Connersville","State":"IN","StaType":"Platform with Shelter"}},{"type":"Feature","geometry":{"type":"Point","coordinates":[-75.82093,39.9857]},"properties":{"StationName":"Coatesville, PA","Code":"COT","City":"Coatesville","State":"PA","StaType":"Platform with Shelter"}},{"type":"Feature","geometry":{"type":"Point","coordinates":[-79.59282,40.02029]},"properties":{"StationName":"Connellsville, PA","Code":"COV","City":"Connellsville","State":"PA","StaType":"Platform with Shelter"}},{"type":"Feature","geometry":{"type":"Point","coordinates":[-120.95309,39.09918]},"properties":{"StationName":"Colfax, CA","Code":"COX","City":"Colfax","State":"CA","StaType":"Station Building (with waiting room)"}},{"type":"Feature","geometry":{"type":"Point","coordinates":[-120.99861,38.6585]},"properties":{"StationName":"Cameron Park, CA","Code":"CPC","City":"Cameron Park","State":"CA","StaType":"Curbside Bus Stop only (no shelter)"}},{"type":"Feature","geometry":{"type":"Point","coordinates":[-119.52299,34.39678]},"properties":{"StationName":"Carpinteria, CA","Code":"CPN","City":"Carpinteria","State":"CA","StaType":"Platform with Shelter"}},{"type":"Feature","geometry":{"type":"Point","coordinates":[-124.19349,41.75238]},"properties":{"StationName":"Crescent City, CA","Code":"CRC","City":"Crescent City","State":"CA","StaType":"Curbside Bus Stop only (no shelter)"}},{"type":"Feature","geometry":{"type":"Point","coordinates":[-86.89919,40.04471]},"properties":{"StationName":"Crawfordsville, IN","Code":"CRF","City":"Crawfordsville","State":"IN","StaType":"Platform with Shelter"}},{"type":"Feature","geometry":{"type":"Point","coordinates":[-75.04183,39.92895]},"properties":{"StationName":"Cherry Hill, NJ","Code":"CRH","City":"Cherry Hill","State":"NJ","StaType":"Station Building (with waiting room)"}},{"type":"Feature","geometry":{"type":"Point","coordinates":[-121.90881,36.53904]},"properties":{"StationName":"Carmel, CA","Code":"CRM","City":"Carmel","State":"CA","StaType":"Curbside Bus Stop only (no shelter)"}},{"type":"Feature","geometry":{"type":"Point","coordinates":[-94.36162,41.05693]},"properties":{"StationName":"Creston, IA","Code":"CRN","City":"Creston","State":"IA","StaType":"Platform only (no shelter)"}},{"type":"Feature","geometry":{"type":"Point","coordinates":[-73.8824,41.18991]},"properties":{"StationName":"Croton-Harmon, NY","Code":"CRT","City":"Croton-on-Hudson","State":"NY","StaType":"Station Building (with waiting room)"}},{"type":"Feature","geometry":{"type":"Point","coordinates":[-89.88928,39.2793]},"properties":{"StationName":"Carlinville, IL","Code":"CRV","City":"Carlinville","State":"IL","StaType":"Station Building (with waiting room)"}},{"type":"Feature","geometry":{"type":"Point","coordinates":[-82.8325,34.69112]},"properties":{"StationName":"Clemson, SC","Code":"CSN","City":"Clemson","State":"SC","StaType":"Station Building (with waiting room)"}},{"type":"Feature","geometry":{"type":"Point","coordinates":[-121.69567,43.46298]},"properties":{"StationName":"Crescent, OR","Code":"CSO","City":"Crescent","State":"OR","StaType":"Curbside Bus Stop only (no shelter)"}},{"type":"Feature","geometry":{"type":"Point","coordinates":[-122.95308,46.71748]},"properties":{"StationName":"Centralia, WA","Code":"CTL","City":"Centralia","State":"WA","StaType":"Station Building (with waiting room)"}},{"type":"Feature","geometry":{"type":"Point","coordinates":[-75.17083,44.59421]},"properties":{"StationName":"Canton, NY","Code":"CTO","City":"Canton","State":"NY","StaType":"Curbside Bus Stop only (no shelter)"}},{"type":"Feature","geometry":{"type":"Point","coordinates":[-75.18496,44.60331]},"properties":{"StationName":"Canton, NY","Code":"CTS","City":"Canton","State":"NY","StaType":"Curbside Bus Stop only (no shelter)"}},{"type":"Feature","geometry":{"type":"Point","coordinates":[-78.73044,39.65046]},"properties":{"StationName":"Cumberland, MD","Code":"CUA","City":"Cumberland","State":"MD","StaType":"Curbside Bus Stop only (no shelter)"}},{"type":"Feature","geometry":{"type":"Point","coordinates":[-78.758,39.65064]},"properties":{"StationName":"Cumberland, MD","Code":"CUM","City":"Cumberland","State":"MD","StaType":"Station Building (with waiting room)"}},{"type":"Feature","geometry":{"type":"Point","coordinates":[-112.3316,48.63837]},"properties":{"StationName":"Cut Bank, MT","Code":"CUT","City":"Cut Bank","State":"MT","StaType":"Station Building (with waiting room)"}},{"type":"Feature","geometry":{"type":"Point","coordinates":[-123.26347,44.56491]},"properties":{"StationName":"Corvallis, OR","Code":"CVI","City":"Corvallis","State":"OR","StaType":"Station Building (with waiting room)"}},{"type":"Feature","geometry":{"type":"Point","coordinates":[-123.64701,42.16301]},"properties":{"StationName":"Cave Junction, OR","Code":"CVJ","City":"Cave Junction","State":"OR","StaType":"Curbside Bus Stop only (no shelter)"}},{"type":"Feature","geometry":{"type":"Point","coordinates":[-123.27277,44.56442]},"properties":{"StationName":"Corvallis, OR","Code":"CVO","City":"Corvallis","State":"OR","StaType":"Curbside Bus Stop only (no shelter)"}},{"type":"Feature","geometry":{"type":"Point","coordinates":[-78.49169,38.03149]},"properties":{"StationName":"Charlottesville, VA","Code":"CVS","City":"Charlottesville","State":"VA","StaType":"Station Building (with waiting room)"}},{"type":"Feature","geometry":{"type":"Point","coordinates":[-73.16539,44.59501]},"properties":{"StationName":"Colchester, VT","Code":"CVT","City":"Colchester","State":"VT","StaType":"Curbside Bus Stop only (no shelter)"}},{"type":"Feature","geometry":{"type":"Point","coordinates":[-74.95219,40.07167]},"properties":{"StationName":"Cornwells Heights, PA","Code":"CWH","City":"Cornwells Heights","State":"PA","StaType":"Platform with Shelter"}},{"type":"Feature","geometry":{"type":"Point","coordinates":[-118.59943,34.25321]},"properties":{"StationName":"Chatsworth, CA","Code":"CWT","City":"Chatsworth","State":"CA","StaType":"Platform with Shelter"}},{"type":"Feature","geometry":{"type":"Point","coordinates":[-78.78225,35.7883]},"properties":{"StationName":"Cary, NC","Code":"CYN","City":"Cary","State":"NC","StaType":"Station Building (with waiting room)"}},{"type":"Feature","geometry":{"type":"Point","coordinates":[-96.80413,32.77864]},"properties":{"StationName":"Dallas, TX","Code":"DAG","City":"Dallas","State":"TX","StaType":"Station Building (with waiting room)"}},{"type":"Feature","geometry":{"type":"Point","coordinates":[-96.80724,32.7761]},"properties":{"StationName":"Dallas, TX","Code":"DAL","City":"Dallas","State":"TX","StaType":"Station Building (with waiting room)"}},{"type":"Feature","geometry":{"type":"Point","coordinates":[-69.53101,44.03241]},"properties":{"StationName":"Damariscotta, ME","Code":"DAM","City":"Damariscotta","State":"ME","StaType":"Curbside Bus Stop only (no shelter)"}},{"type":"Feature","geometry":{"type":"Point","coordinates":[-79.38397,36.5841]},"properties":{"StationName":"Danville, VA","Code":"DAN","City":"Danville","State":"VA","StaType":"Station Building (with waiting room)"}},{"type":"Feature","geometry":{"type":"Point","coordinates":[-84.27806,39.81763]},"properties":{"StationName":"Dayton-Trotwood, OH","Code":"DAT","City":"Trotwood","State":"OH","StaType":"Station Building (with waiting room)"}},{"type":"Feature","geometry":{"type":"Point","coordinates":[-121.73772,38.54357]},"properties":{"StationName":"Davis, CA","Code":"DAV","City":"Davis","State":"CA","StaType":"Station Building (with waiting room)"}},{"type":"Feature","geometry":{"type":"Point","coordinates":[-78.72441,41.11174]},"properties":{"StationName":"Du Bois, PA","Code":"DBI","City":"Du Bois","State":"PA","StaType":"Station Building (with waiting room)"}},{"type":"Feature","geometry":{"type":"Point","coordinates":[-121.89771,37.70284]},"properties":{"StationName":"Dublin-Pleasanton, CA","Code":"DBP","City":"Pleasanton","State":"CA","StaType":"Station Building (with waiting room)"}},{"type":"Feature","geometry":{"type":"Point","coordinates":[-122.88735,47.9878]},"properties":{"StationName":"Discovery Bay, WA","Code":"DBY","City":"Discovery Bay","State":"WA","StaType":"Curbside Bus Stop only (no shelter)"}},{"type":"Feature","geometry":{"type":"Point","coordinates":[-82.18744,28.36786]},"properties":{"StationName":"Dade City, FL","Code":"DDE","City":"Dade City","State":"FL","StaType":"Platform with Shelter"}},{"type":"Feature","geometry":{"type":"Point","coordinates":[-100.01697,37.75231]},"properties":{"StationName":"Dodge City, KS","Code":"DDG","City":"Dodge City","State":"KS","StaType":"Station Building (with waiting room)"}},{"type":"Feature","geometry":{"type":"Point","coordinates":[-107.75436,32.27178]},"properties":{"StationName":"Deming, NM","Code":"DEM","City":"Deming","State":"NM","StaType":"Platform with Shelter"}},{"type":"Feature","geometry":{"type":"Point","coordinates":[-104.99994,39.75297]},"properties":{"StationName":"Denver, CO","Code":"DEN","City":"Denver","State":"CO","StaType":"Station Building (with waiting room)"}},{"type":"Feature","geometry":{"type":"Point","coordinates":[-83.23532,42.30718]},"properties":{"StationName":"Dearborn, MI","Code":"DER","City":"Dearborn","State":"MI","StaType":"Station Building (with waiting room)"}},{"type":"Feature","geometry":{"type":"Point","coordinates":[-83.0724,42.36811]},"properties":{"StationName":"Detroit, MI","Code":"DET","City":"Detroit","State":"MI","StaType":"Station Building (with waiting room)"}},{"type":"Feature","geometry":{"type":"Point","coordinates":[-80.12215,26.31707]},"properties":{"StationName":"Deerfield Beach, FL","Code":"DFB","City":"Deerfield Beach","State":"FL","StaType":"Station Building (with waiting room)"}},{"type":"Feature","geometry":{"type":"Point","coordinates":[-70.93601,43.13934]},"properties":{"StationName":"Durham, NH","Code":"DHM","City":"Durham","State":"NH","StaType":"Station Building (with waiting room)"}},{"type":"Feature","geometry":{"type":"Point","coordinates":[-79.3723,34.41765]},"properties":{"StationName":"Dillon, SC","Code":"DIL","City":"Dillon","State":"SC","StaType":"Station Building (with waiting room)"}},{"type":"Feature","geometry":{"type":"Point","coordinates":[-75.27438,44.50469]},"properties":{"StationName":"De Kalb Junction, NY","Code":"DKJ","City":"De Kalb Junction","State":"NY","StaType":"Curbside Bus Stop only (no shelter)"}},{"type":"Feature","geometry":{"type":"Point","coordinates":[-80.09116,26.45403]},"properties":{"StationName":"Delray Beach, FL","Code":"DLB","City":"Delray Beach","State":"FL","StaType":"Platform with Shelter"}},{"type":"Feature","geometry":{"type":"Point","coordinates":[-81.35248,29.01785]},"properties":{"StationName":"DeLand, FL","Code":"DLD","City":"DeLand","State":"FL","StaType":"Station Building (with waiting room)"}},{"type":"Feature","geometry":{"type":"Point","coordinates":[-95.84601,46.8197]},"properties":{"StationName":"Detroit Lakes, MN","Code":"DLK","City":"Detroit Lakes","State":"MN","StaType":"Station Building (with waiting room)"}},{"type":"Feature","geometry":{"type":"Point","coordinates":[-79.58038,40.39904]},"properties":{"StationName":"Delmont, PA","Code":"DLT","City":"Delmont","State":"PA","StaType":"Curbside Bus Stop only (no shelter)"}},{"type":"Feature","geometry":{"type":"Point","coordinates":[-78.9063,35.99735]},"properties":{"StationName":"Durham, NC","Code":"DNC","City":"Durham","State":"NC","StaType":"Station Building (with waiting room)"}},{"type":"Feature","geometry":{"type":"Point","coordinates":[-81.14364,33.32619]},"properties":{"StationName":"Denmark, SC","Code":"DNK","City":"Denmark","State":"SC","StaType":"Station Building (with waiting room)"}},{"type":"Feature","geometry":{"type":"Point","coordinates":[-86.10905,41.98095]},"properties":{"StationName":"Dowagiac, MI","Code":"DOA","City":"Dowagiac","State":"MI","StaType":"Station Building (with waiting room)"}},{"type":"Feature","geometry":{"type":"Point","coordinates":[-70.87836,43.19798]},"properties":{"StationName":"Dover, NH","Code":"DOV","City":"Dover","State":"NH","StaType":"Station Building (with waiting room)"}},{"type":"Feature","geometry":{"type":"Point","coordinates":[-75.71078,40.0022]},"properties":{"StationName":"Downingtown, PA","Code":"DOW","City":"Downingtown","State":"PA","StaType":"Platform with Shelter"}},{"type":"Feature","geometry":{"type":"Point","coordinates":[-88.08843,44.45138]},"properties":{"StationName":"Green Bay, WI","Code":"DPE","City":"De Pere","State":"WI","StaType":"Curbside Bus Stop only (no shelter)"}},{"type":"Feature","geometry":{"type":"Point","coordinates":[-89.24026,38.01234]},"properties":{"StationName":"Du Quoin, IL","Code":"DQN","City":"Du Quoin","State":"IL","StaType":"Station Building (with waiting room)"}},{"type":"Feature","geometry":{"type":"Point","coordinates":[-83.98232,42.9095]},"properties":{"StationName":"Durand, MI","Code":"DRD","City":"Durand","State":"MI","StaType":"Station Building (with waiting room)"}},{"type":"Feature","geometry":{"type":"Point","coordinates":[-100.90267,29.36221]},"properties":{"StationName":"Del Rio, TX","Code":"DRT","City":"Del Rio","State":"TX","StaType":"Platform only (no shelter)"}},{"type":"Feature","geometry":{"type":"Point","coordinates":[-118.35733,43.7782]},"properties":{"StationName":"Drewsey, OR","Code":"DRW","City":"Drewsey","State":"OR","StaType":"Curbside Bus Stop only (no shelter)"}},{"type":"Feature","geometry":{"type":"Point","coordinates":[-92.10122,46.78388]},"properties":{"StationName":"Duluth, MN","Code":"DUL","City":"Duluth","State":"MN","StaType":"Station Building (with waiting room)"}},{"type":"Feature","geometry":{"type":"Point","coordinates":[-122.2706,41.21113]},"properties":{"StationName":"Dunsmuir, CA","Code":"DUN","City":"Dunsmuir","State":"CA","StaType":"Station Building (with waiting room)"}},{"type":"Feature","geometry":{"type":"Point","coordinates":[-92.0861,46.81785]},"properties":{"StationName":"Duluth, MN","Code":"DUU","City":"Duluth","State":"MN","StaType":"Curbside Bus Stop only (no shelter)"}},{"type":"Feature","geometry":{"type":"Point","coordinates":[-87.54053,40.12206]},"properties":{"StationName":"Danville, IL","Code":"DVI","City":"Danville","State":"IL","StaType":"Curbside Bus Stop only (no shelter)"}},{"type":"Feature","geometry":{"type":"Point","coordinates":[-98.86138,48.11048]},"properties":{"StationName":"Devils Lake, ND","Code":"DVL","City":"Devils Lake","State":"ND","StaType":"Station Building (with waiting room)"}},{"type":"Feature","geometry":{"type":"Point","coordinates":[-90.5778,41.52076]},"properties":{"StationName":"Davenport, IA","Code":"DVP","City":"Davenport","State":"IA","StaType":"Station Building (with waiting room)"}},{"type":"Feature","geometry":{"type":"Point","coordinates":[-88.43071,41.08986]},"properties":{"StationName":"Dwight, IL","Code":"DWT","City":"Dwight","State":"IL","StaType":"Station Building (with waiting room)"}},{"type":"Feature","geometry":{"type":"Point","coordinates":[-81.00893,29.22893]},"properties":{"StationName":"Daytona Beach, FL","Code":"DYA","City":"Daytona Beach","State":"FL","StaType":"Curbside Bus Stop only (no shelter)"}},{"type":"Feature","geometry":{"type":"Point","coordinates":[-87.51808,41.51542]},"properties":{"StationName":"Dyer, IN","Code":"DYE","City":"Dyer","State":"IN","StaType":"Platform with Shelter"}},{"type":"Feature","geometry":{"type":"Point","coordinates":[-78.72615,40.48513]},"properties":{"StationName":"Ebensburg, PA","Code":"EBN","City":"Ebensburg","State":"PA","StaType":"Curbside Bus Stop only (no shelter)"}},{"type":"Feature","geometry":{"type":"Point","coordinates":[-122.38416,47.81109]},"properties":{"StationName":"Edmonds, WA","Code":"EDM","City":"Edmonds","State":"WA","StaType":"Station Building (with waiting room)"}},{"type":"Feature","geometry":{"type":"Point","coordinates":[-88.54712,39.11707]},"properties":{"StationName":"Effingham, IL","Code":"EFG","City":"Effingham","State":"IL","StaType":"Station Building (with waiting room)"}},{"type":"Feature","geometry":{"type":"Point","coordinates":[-74.64802,39.5265]},"properties":{"StationName":"Egg Harbor City, NJ","Code":"EGH","City":"Egg Harbor City","State":"NJ","StaType":"Platform with Shelter"}},{"type":"Feature","geometry":{"type":"Point","coordinates":[-124.16934,40.80074]},"properties":{"StationName":"Eureka, CA","Code":"EKA","City":"Eureka","State":"CA","StaType":"Curbside Bus Stop only (no shelter)"}},{"type":"Feature","geometry":{"type":"Point","coordinates":[-121.48082,38.42475]},"properties":{"StationName":"Elk Grove, CA","Code":"EKG","City":"Elk Grove","State":"CA","StaType":"Curbside Bus Stop only (no shelter)"}},{"type":"Feature","geometry":{"type":"Point","coordinates":[-85.97185,41.68076]},"properties":{"StationName":"Elkhart, IN","Code":"EKH","City":"Elkhart","State":"IN","StaType":"Station Building (with waiting room)"}},{"type":"Feature","geometry":{"type":"Point","coordinates":[-115.75054,40.83649]},"properties":{"StationName":"Elko, NV","Code":"ELK","City":"Elko","State":"NV","StaType":"Platform with Shelter"}},{"type":"Feature","geometry":{"type":"Point","coordinates":[-106.49565,31.75735]},"properties":{"StationName":"El Paso, TX","Code":"ELP","City":"El Paso","State":"TX","StaType":"Station Building (with waiting room)"}},{"type":"Feature","geometry":{"type":"Point","coordinates":[-123.61512,45.88685]},"properties":{"StationName":"Elsie, OR","Code":"ELS","City":"Elsie","State":"OR","StaType":"Curbside Bus Stop only (no shelter)"}},{"type":"Feature","geometry":{"type":"Point","coordinates":[-76.61224,40.14704]},"properties":{"StationName":"Elizabethtown, PA","Code":"ELT","City":"Elizabethtown","State":"PA","StaType":"Station Building (with waiting room)"}},{"type":"Feature","geometry":{"type":"Point","coordinates":[-82.09669,41.37004]},"properties":{"StationName":"Elyria, OH","Code":"ELY","City":"Elyria","State":"OH","StaType":"Station Building (with waiting room)"}},{"type":"Feature","geometry":{"type":"Point","coordinates":[-87.08987,45.77987]},"properties":{"StationName":"Escanaba, MI","Code":"EMI","City":"Escanaba","State":"MI","StaType":"Curbside Bus Stop only (no shelter)"}},{"type":"Feature","geometry":{"type":"Point","coordinates":[-122.29163,37.84048]},"properties":{"StationName":"Emeryville, CA","Code":"EMY","City":"Emeryville","State":"CA","StaType":"Station Building (with waiting room)"}},{"type":"Feature","geometry":{"type":"Point","coordinates":[-119.54928,47.32095]},"properties":{"StationName":"Ephrata, WA","Code":"EPH","City":"Ephrata","State":"WA","StaType":"Platform with Shelter"}},{"type":"Feature","geometry":{"type":"Point","coordinates":[-119.76575,37.67846]},"properties":{"StationName":"El Portal, CA","Code":"EPL","City":"El Portal","State":"CA","StaType":"Curbside Bus Stop only (no shelter)"}},{"type":"Feature","geometry":{"type":"Point","coordinates":[-80.08245,42.12086]},"properties":{"StationName":"Erie, PA","Code":"ERI","City":"Erie","State":"PA","StaType":"Station Building (with waiting room)"}},{"type":"Feature","geometry":{"type":"Point","coordinates":[-118.38355,33.90661]},"properties":{"StationName":"El Segundo, CA","Code":"ESG","City":"El Segundo","State":"CA","StaType":"Curbside Bus Stop only (no shelter)"}},{"type":"Feature","geometry":{"type":"Point","coordinates":[-113.61096,48.27555]},"properties":{"StationName":"Essex, MT","Code":"ESM","City":"Essex","State":"MT","StaType":"Platform only (no shelter)"}},{"type":"Feature","geometry":{"type":"Point","coordinates":[-76.06491,38.8114]},"properties":{"StationName":"Easton, MD","Code":"ESN","City":"Easton","State":"MD","StaType":"Curbside Bus Stop only (no shelter)"}},{"type":"Feature","geometry":{"type":"Point","coordinates":[-73.11028,44.49247]},"properties":{"StationName":"Essex Junction, VT","Code":"ESX","City":"Essex Junction","State":"VT","StaType":"Station Building (with waiting room)"}},{"type":"Feature","geometry":{"type":"Point","coordinates":[-123.09287,44.04751]},"properties":{"StationName":"Eugene-Springfield, OR","Code":"EUB","City":"Eugene","State":"OR","StaType":"Curbside Bus Stop only (no shelter)"}},{"type":"Feature","geometry":{"type":"Point","coordinates":[-91.50635,44.79657]},"properties":{"StationName":"Eau Claire, WI","Code":"EUC","City":"Eau Claire","State":"WI","StaType":"Curbside Bus Stop only (no shelter)"}},{"type":"Feature","geometry":{"type":"Point","coordinates":[-123.09238,44.05505]},"properties":{"StationName":"Eugene, OR","Code":"EUG","City":"Eugene","State":"OR","StaType":"Station Building (with waiting room)"}},{"type":"Feature","geometry":{"type":"Point","coordinates":[-123.06876,44.04556]},"properties":{"StationName":"Eugene, OR","Code":"EUO","City":"Eugene","State":"OR","StaType":"Curbside Bus Stop only (no shelter)"}},{"type":"Feature","geometry":{"type":"Point","coordinates":[-75.79945,44.08428]},"properties":{"StationName":"Evans Mills, NY","Code":"EVM","City":"Evans Mills","State":"NY","StaType":"Curbside Bus Stop only (no shelter)"}},{"type":"Feature","geometry":{"type":"Point","coordinates":[-122.19787,47.97541]},"properties":{"StationName":"Everett, WA","Code":"EVR","City":"Everett","State":"WA","StaType":"Station Building (with waiting room)"}},{"type":"Feature","geometry":{"type":"Point","coordinates":[-110.95761,41.26418]},"properties":{"StationName":"Evanston, WY","Code":"EVY","City":"Evanston","State":"WY","StaType":"Curbside Bus Stop only (no shelter)"}},{"type":"Feature","geometry":{"type":"Point","coordinates":[-74.18229,40.69663]},"properties":{"StationName":"Newark, NJ","Code":"EWR","City":"Newark","State":"NJ","StaType":"Station Building (with waiting room)"}},{"type":"Feature","geometry":{"type":"Point","coordinates":[-70.9587,42.98103]},"properties":{"StationName":"Exeter, NH","Code":"EXR","City":"Exeter","State":"NH","StaType":"Platform with Shelter"}},{"type":"Feature","geometry":{"type":"Point","coordinates":[-75.62171,40.0193]},"properties":{"StationName":"Exton, PA","Code":"EXT","City":"Exton","State":"PA","StaType":"Station Building (with waiting room)"}},{"type":"Feature","geometry":{"type":"Point","coordinates":[-96.78538,46.88099]},"properties":{"StationName":"Fargo, ND","Code":"FAR","City":"Fargo","State":"ND","StaType":"Station Building (with waiting room)"}},{"type":"Feature","geometry":{"type":"Point","coordinates":[-78.88479,35.055]},"properties":{"StationName":"Fayetteville, NC","Code":"FAY","City":"Fayetteville","State":"NC","StaType":"Station Building (with waiting room)"}},{"type":"Feature","geometry":{"type":"Point","coordinates":[-77.45771,38.29809]},"properties":{"StationName":"Fredericksburg, VA","Code":"FBG","City":"Fredericksburg","State":"VA","StaType":"Platform with Shelter"}},{"type":"Feature","geometry":{"type":"Point","coordinates":[-104.99654,40.52424]},"properties":{"StationName":"Fort Collins, CO","Code":"FCC","City":"Fort Collins","State":"CO","StaType":"Curbside Bus Stop only (no shelter)"}},{"type":"Feature","geometry":{"type":"Point","coordinates":[-88.46395,43.74883]},"properties":{"StationName":"Fond du Lac, WI","Code":"FDL","City":"Fond du Lac","State":"WI","StaType":"Curbside Bus Stop only (no shelter)"}},{"type":"Feature","geometry":{"type":"Point","coordinates":[-73.58055,43.26961]},"properties":{"StationName":"Fort Edward-Glens Falls, NY","Code":"FED","City":"Fort Edward","State":"NY","StaType":"Platform only (no shelter)"}},{"type":"Feature","geometry":{"type":"Point","coordinates":[-121.96794,38.28563]},"properties":{"StationName":"Fairfield-Vacaville, CA","Code":"FFV","City":"Fairfield","State":"CA","StaType":"Station Building (with waiting room)"}},{"type":"Feature","geometry":{"type":"Point","coordinates":[-111.63881,35.1923]},"properties":{"StationName":"Flagstaff, AZ","Code":"FGG","City":"Flagstaff","State":"AZ","StaType":"Station Building (with waiting room)"}},{"type":"Feature","geometry":{"type":"Point","coordinates":[-97.76682,31.1416]},"properties":{"StationName":"Fort Hood, TX","Code":"FHD","City":"Fort Hood","State":"TX","StaType":"Curbside Bus Stop only (no shelter)"}},{"type":"Feature","geometry":{"type":"Point","coordinates":[-118.91833,34.39601]},"properties":{"StationName":"Fillmore, CA","Code":"FIL","City":"Fillmore","State":"CA","StaType":"Curbside Bus Stop only (no shelter)"}},{"type":"Feature","geometry":{"type":"Point","coordinates":[-111.64888,35.19738]},"properties":{"StationName":"Flagstaff, AZ","Code":"FLG","City":"Flagstaff","State":"AZ","StaType":"Station Building (with waiting room)"}},{"type":"Feature","geometry":{"type":"Point","coordinates":[-83.65173,43.01543]},"properties":{"StationName":"Flint, MI","Code":"FLN","City":"Flint","State":"MI","StaType":"Station Building (with waiting room)"}},{"type":"Feature","geometry":{"type":"Point","coordinates":[-79.75706,34.19916]},"properties":{"StationName":"Florence, SC","Code":"FLO","City":"Florence","State":"SC","StaType":"Station Building (with waiting room)"}},{"type":"Feature","geometry":{"type":"Point","coordinates":[-91.31354,40.62957]},"properties":{"StationName":"Fort Madison, IA","Code":"FMD","City":"Fort Madison","State":"IA","StaType":"Station Building (with waiting room)"}},{"type":"Feature","geometry":{"type":"Point","coordinates":[-103.80283,40.24718]},"properties":{"StationName":"Fort Morgan, CO","Code":"FMG","City":"Fort Morgan","State":"CO","StaType":"Station Building (with waiting room)"}},{"type":"Feature","geometry":{"type":"Point","coordinates":[-122.00751,37.5591]},"properties":{"StationName":"Fremont, CA","Code":"FMT","City":"Fremont","State":"CA","StaType":"Station Building (with waiting room)"}},{"type":"Feature","geometry":{"type":"Point","coordinates":[-119.78294,36.73846]},"properties":{"StationName":"Fresno, CA","Code":"FNO","City":"Fresno","State":"CA","StaType":"Station Building (with waiting room)"}},{"type":"Feature","geometry":{"type":"Point","coordinates":[-71.42003,42.276]},"properties":{"StationName":"Framingham, MA","Code":"FRA","City":"Framingham","State":"MA","StaType":"Platform with Shelter"}},{"type":"Feature","geometry":{"type":"Point","coordinates":[-77.40558,39.41186]},"properties":{"StationName":"Frederick, MD","Code":"FRC","City":"Frederick","State":"MD","StaType":"Station Building (with waiting room)"}},{"type":"Feature","geometry":{"type":"Point","coordinates":[-70.10236,43.85504]},"properties":{"StationName":"Freeport, ME","Code":"FRE","City":"Freeport","State":"ME","StaType":"Station Building (with waiting room)"}},{"type":"Feature","geometry":{"type":"Point","coordinates":[-105.99162,39.22552]},"properties":{"StationName":"Fairplay, CO","Code":"FRP","City":"Fairplay","State":"CO","StaType":"Curbside Bus Stop only (no shelter)"}},{"type":"Feature","geometry":{"type":"Point","coordinates":[-77.3823,39.41627]},"properties":{"StationName":"Frederick, MD","Code":"FRR","City":"Frederick","State":"MD","StaType":"Curbside Bus Stop only (no shelter)"}},{"type":"Feature","geometry":{"type":"Point","coordinates":[-121.92365,37.53915]},"properties":{"StationName":"Fremont, CA","Code":"FRT","City":"Fremont","State":"CA","StaType":"Curbside Bus Stop only (no shelter)"}},{"type":"Feature","geometry":{"type":"Point","coordinates":[-78.93317,39.64891]},"properties":{"StationName":"Frostburg, MD","Code":"FSB","City":"Frostburg","State":"MD","StaType":"Curbside Bus Stop only (no shelter)"}},{"type":"Feature","geometry":{"type":"Point","coordinates":[-119.63503,37.4727]},"properties":{"StationName":"Fish Camp, CA","Code":"FSH","City":"Fish Camp","State":"CA","StaType":"Curbside Bus Stop only (no shelter)"}},{"type":"Feature","geometry":{"type":"Point","coordinates":[-124.11561,44.16052]},"properties":{"StationName":"Florence, OR","Code":"FSP","City":"Florence","State":"OR","StaType":"Curbside Bus Stop only (no shelter)"}},{"type":"Feature","geometry":{"type":"Point","coordinates":[-124.1462,40.58368]},"properties":{"StationName":"Fortuna, CA","Code":"FTA","City":"Fortuna","State":"CA","StaType":"Curbside Bus Stop only (no shelter)"}},{"type":"Feature","geometry":{"type":"Point","coordinates":[-73.38968,43.8538]},"properties":{"StationName":"Ticonderoga, NY","Code":"FTC","City":"Ticonderoga","State":"NY","StaType":"Platform with Shelter"}},{"type":"Feature","geometry":{"type":"Point","coordinates":[-80.17,26.11926]},"properties":{"StationName":"Fort Lauderdale, FL","Code":"FTL","City":"Fort Lauderdale","State":"FL","StaType":"Station Building (with waiting room)"}},{"type":"Feature","geometry":{"type":"Point","coordinates":[-81.81506,26.71413]},"properties":{"StationName":"North Fort Myers, FL","Code":"FTM","City":"Fort Myers","State":"FL","StaType":"Curbside Bus Stop only (no shelter)"}},{"type":"Feature","geometry":{"type":"Point","coordinates":[-88.88878,36.52571]},"properties":{"StationName":"Fulton, KY","Code":"FTN","City":"Fulton","State":"KY","StaType":"Station Building (with waiting room)"}},{"type":"Feature","geometry":{"type":"Point","coordinates":[-97.32668,32.75257]},"properties":{"StationName":"Fort Worth, TX","Code":"FTW","City":"Fort Worth","State":"TX","StaType":"Station Building (with waiting room)"}},{"type":"Feature","geometry":{"type":"Point","coordinates":[-117.92286,33.86897]},"properties":{"StationName":"Fullerton, CA","Code":"FUL","City":"Fullerton","State":"CA","StaType":"Station Building (with waiting room)"}},{"type":"Feature","geometry":{"type":"Point","coordinates":[-121.96702,37.40678]},"properties":{"StationName":"Santa Clara, CA","Code":"GAC","City":"Santa Clara","State":"CA","StaType":"Platform only (no shelter)"}},{"type":"Feature","geometry":{"type":"Point","coordinates":[-81.16237,35.26919]},"properties":{"StationName":"Gastonia, NC","Code":"GAS","City":"Gastonia","State":"NC","StaType":"Station Building (with waiting room)"}},{"type":"Feature","geometry":{"type":"Point","coordinates":[-90.36411,40.94469]},"properties":{"StationName":"Galesburg, IL","Code":"GBB","City":"Galesburg","State":"IL","StaType":"Station Building (with waiting room)"}},{"type":"Feature","geometry":{"type":"Point","coordinates":[-78.00334,35.38568]},"properties":{"StationName":"Goldsboro, NC","Code":"GBO","City":"Goldsboro","State":"NC","StaType":"Station Building (with waiting room)"}},{"type":"Feature","geometry":{"type":"Point","coordinates":[-123.79524,40.09772]},"properties":{"StationName":"Garberville, CA","Code":"GBV","City":"Garberville","State":"CA","StaType":"Curbside Bus Stop only (no shelter)"}},{"type":"Feature","geometry":{"type":"Point","coordinates":[-88.00277,44.51706]},"properties":{"StationName":"Green Bay, WI","Code":"GBY","City":"Green Bay","State":"WI","StaType":"Platform with Shelter"}},{"type":"Feature","geometry":{"type":"Point","coordinates":[-112.14466,36.05365]},"properties":{"StationName":"Grand Canyon Village, AZ","Code":"GCB","City":"Grand Canyon Village","State":"AZ","StaType":"Curbside Bus Stop only (no shelter)"}},{"type":"Feature","geometry":{"type":"Point","coordinates":[-100.87326,37.96437]},"properties":{"StationName":"Garden City, KS","Code":"GCK","City":"Garden City","State":"KS","StaType":"Station Building (with waiting room)"}},{"type":"Feature","geometry":{"type":"Point","coordinates":[-118.25888,34.12371]},"properties":{"StationName":"Glendale, CA","Code":"GDL","City":"Glendale","State":"CA","StaType":"Platform with Shelter"}},{"type":"Feature","geometry":{"type":"Point","coordinates":[-117.5369,47.62665]},"properties":{"StationName":"Spokane, WA","Code":"GEG","City":"Spokane","State":"WA","StaType":"Curbside Bus Stop only (no shelter)"}},{"type":"Feature","geometry":{"type":"Point","coordinates":[-72.60077,42.58547]},"properties":{"StationName":"Greenfield, MA","Code":"GFD","City":"Greenfield","State":"MA","StaType":"Station Building (with waiting room)"}},{"type":"Feature","geometry":{"type":"Point","coordinates":[-97.11084,47.91753]},"properties":{"StationName":"Grand Forks, ND","Code":"GFK","City":"Grand Forks","State":"ND","StaType":"Station Building (with waiting room)"}},{"type":"Feature","geometry":{"type":"Point","coordinates":[-73.64486,43.30892]},"properties":{"StationName":"Glens Falls, NY","Code":"GFS","City":"Glens Falls","State":"NY","StaType":"Curbside Bus Stop only (no shelter)"}},{"type":"Feature","geometry":{"type":"Point","coordinates":[-106.6362,48.19486]},"properties":{"StationName":"Glasgow, MT","Code":"GGW","City":"Glasgow","State":"MT","StaType":"Station Building (with waiting room)"}},{"type":"Feature","geometry":{"type":"Point","coordinates":[-123.91167,46.02519]},"properties":{"StationName":"Gearhart - Northbound, OR","Code":"GHN","City":"Gearhart","State":"OR","StaType":"Curbside Bus Stop only (no shelter)"}},{"type":"Feature","geometry":{"type":"Point","coordinates":[-123.91203,46.02553]},"properties":{"StationName":"Gearhart - Southbound, OR","Code":"GHT","City":"Gearhart","State":"OR","StaType":"Curbside Bus Stop only (no shelter)"}},{"type":"Feature","geometry":{"type":"Point","coordinates":[-121.68719,43.47744]},"properties":{"StationName":"Gilchrist, OR","Code":"GIL","City":"Gilchrist","State":"OR","StaType":"Curbside Bus Stop only (no shelter)"}},{"type":"Feature","geometry":{"type":"Point","coordinates":[-108.56994,39.06438]},"properties":{"StationName":"Grand Junction, CO","Code":"GJT","City":"Grand Junction","State":"CO","StaType":"Station Building (with waiting room)"}},{"type":"Feature","geometry":{"type":"Point","coordinates":[-97.1409,33.62516]},"properties":{"StationName":"Gainesville, TX","Code":"GLE","City":"Gainesville","State":"TX","StaType":"Station Building (with waiting room)"}},{"type":"Feature","geometry":{"type":"Point","coordinates":[-87.99806,40.75255]},"properties":{"StationName":"Gilman, IL","Code":"GLM","City":"Gilman","State":"IL","StaType":"Platform with Shelter"}},{"type":"Feature","geometry":{"type":"Point","coordinates":[-87.80557,42.07505]},"properties":{"StationName":"Glenview, IL","Code":"GLN","City":"Glenview","State":"IL","StaType":"Station Building (with waiting room)"}},{"type":"Feature","geometry":{"type":"Point","coordinates":[-108.74056,35.52918]},"properties":{"StationName":"Gallup, NM","Code":"GLP","City":"Gallup","State":"NM","StaType":"Platform only (no shelter)"}},{"type":"Feature","geometry":{"type":"Point","coordinates":[-121.56681,37.00397]},"properties":{"StationName":"Gilroy, CA","Code":"GLY","City":"Gilroy","State":"CA","StaType":"Curbside Bus Stop only (no shelter)"}},{"type":"Feature","geometry":{"type":"Point","coordinates":[-79.55795,43.19596]},"properties":{"StationName":"Grimsby, ON","Code":"GMS","City":"Grimsby","State":"ON","StaType":"Platform with Shelter"}},{"type":"Feature","geometry":{"type":"Point","coordinates":[-79.5469,40.30499]},"properties":{"StationName":"Greensburg, PA","Code":"GNB","City":"Greensburg","State":"PA","StaType":"Platform with Shelter"}},{"type":"Feature","geometry":{"type":"Point","coordinates":[-82.32338,29.67366]},"properties":{"StationName":"Gainesville, FL","Code":"GNF","City":"Gainesville","State":"FL","StaType":"Station Building (with waiting room)"}},{"type":"Feature","geometry":{"type":"Point","coordinates":[-79.54705,40.30278]},"properties":{"StationName":"Greensburg, PA","Code":"GNG","City":"Greensburg","State":"PA","StaType":"Curbside Bus Stop only (no shelter)"}},{"type":"Feature","geometry":{"type":"Point","coordinates":[-83.8197,34.2889]},"properties":{"StationName":"Gainesville, GA","Code":"GNS","City":"Gainesville","State":"GA","StaType":"Station Building (with waiting room)"}},{"type":"Feature","geometry":{"type":"Point","coordinates":[-124.09934,43.98497]},"properties":{"StationName":"Florence, OR","Code":"GOF","City":"Florence","State":"OR","StaType":"Platform only (no shelter)"}},{"type":"Feature","geometry":{"type":"Point","coordinates":[-121.74484,45.30245]},"properties":{"StationName":"Government Camp, OR","Code":"GOV","City":"Government Camp","State":"OR","StaType":"Curbside Bus Stop only (no shelter)"}},{"type":"Feature","geometry":{"type":"Point","coordinates":[-113.21954,48.44234]},"properties":{"StationName":"East Glacier Park, MT","Code":"GPK","City":"East Glacier Park","State":"MT","StaType":"Station Building (with waiting room)"}},{"type":"Feature","geometry":{"type":"Point","coordinates":[-105.93551,40.08419]},"properties":{"StationName":"Granby, CO","Code":"GRA","City":"Granby","State":"CO","StaType":"Station Building (with waiting room)"}},{"type":"Feature","geometry":{"type":"Point","coordinates":[-123.61402,45.07426]},"properties":{"StationName":"Grand Ronde, OR","Code":"GRC","City":"Grand Ronde","State":"OR","StaType":"Curbside Bus Stop only (no shelter)"}},{"type":"Feature","geometry":{"type":"Point","coordinates":[-122.41813,45.50181]},"properties":{"StationName":"Gresham, OR","Code":"GRH","City":"Gresham","State":"OR","StaType":"Curbside Bus Stop only (no shelter)"}},{"type":"Feature","geometry":{"type":"Point","coordinates":[-110.16524,38.99204]},"properties":{"StationName":"Green River, UT","Code":"GRI","City":"Green River","State":"UT","StaType":"Platform with Shelter"}},{"type":"Feature","geometry":{"type":"Point","coordinates":[-123.58103,45.05859]},"properties":{"StationName":"Grand Ronde, OR","Code":"GRM","City":"Grand Ronde","State":"OR","StaType":"Curbside Bus Stop only (no shelter)"}},{"type":"Feature","geometry":{"type":"Point","coordinates":[-77.37708,35.61021]},"properties":{"StationName":"Greenville, NC","Code":"GRN","City":"Greenville","State":"NC","StaType":"Station Building (with waiting room)"}},{"type":"Feature","geometry":{"type":"Point","coordinates":[-79.78708,36.0698]},"properties":{"StationName":"Greensboro, NC","Code":"GRO","City":"Greensboro","State":"NC","StaType":"Station Building (with waiting room)"}},{"type":"Feature","geometry":{"type":"Point","coordinates":[-85.67245,42.9558]},"properties":{"StationName":"Grand Rapids, MI","Code":"GRR","City":"Grand Rapids","State":"MI","StaType":"Station Building (with waiting room)"}},{"type":"Feature","geometry":{"type":"Point","coordinates":[-82.41349,34.85826]},"properties":{"StationName":"Greenville, SC","Code":"GRV","City":"Greenville","State":"SC","StaType":"Station Building (with waiting room)"}},{"type":"Feature","geometry":{"type":"Point","coordinates":[-87.33895,41.60428]},"properties":{"StationName":"Gary, IN","Code":"GRY","City":"Gary","State":"IN","StaType":"Station Building (with waiting room)"}},{"type":"Feature","geometry":{"type":"Point","coordinates":[-107.32323,39.54791]},"properties":{"StationName":"Glenwood Springs, CO","Code":"GSC","City":"Glenwood Springs","State":"CO","StaType":"Station Building (with waiting room)"}},{"type":"Feature","geometry":{"type":"Point","coordinates":[-123.96948,41.84562]},"properties":{"StationName":"Gasquet, CA","Code":"GSQ","City":"Gasquet","State":"CA","StaType":"Curbside Bus Stop only (no shelter)"}},{"type":"Feature","geometry":{"type":"Point","coordinates":[-119.8431,34.43773]},"properties":{"StationName":"Goleta, CA","Code":"GTA","City":"Goleta","State":"CA","StaType":"Platform with Shelter"}},{"type":"Feature","geometry":{"type":"Point","coordinates":[-123.32403,42.44303]},"properties":{"StationName":"Grants Pass, OR","Code":"GTP","City":"Grants Pass","State":"OR","StaType":"Curbside Bus Stop only (no shelter)"}},{"type":"Feature","geometry":{"type":"Point","coordinates":[-79.10033,39.69236]},"properties":{"StationName":"Grantsville, MD","Code":"GTV","City":"Grantsville","State":"MD","StaType":"Curbside Bus Stop only (no shelter)"}},{"type":"Feature","geometry":{"type":"Point","coordinates":[-120.57342,34.96293]},"properties":{"StationName":"Guadalupe, CA","Code":"GUA","City":"Guadalupe","State":"CA","StaType":"Station Building (with waiting room)"}},{"type":"Feature","geometry":{"type":"Point","coordinates":[-89.09479,30.36904]},"properties":{"StationName":"Gulfport, MS","Code":"GUF","City":"Gulfport","State":"MS","StaType":"Platform only (no shelter)"}},{"type":"Feature","geometry":{"type":"Point","coordinates":[-72.67361,41.27538]},"properties":{"StationName":"Guilford, CT","Code":"GUI","City":"Guilford","State":"CT","StaType":"Station Building (with waiting room)"}},{"type":"Feature","geometry":{"type":"Point","coordinates":[-106.92207,38.54418]},"properties":{"StationName":"Gunnison, CO","Code":"GUN","City":"Gunnison","State":"CO","StaType":"Curbside Bus Stop only (no shelter)"}},{"type":"Feature","geometry":{"type":"Point","coordinates":[-120.62928,35.12126]},"properties":{"StationName":"Grover Beach, CA","Code":"GVB","City":"Grover Beach","State":"CA","StaType":"Platform with Shelter"}},{"type":"Feature","geometry":{"type":"Point","coordinates":[-75.468,44.33562]},"properties":{"StationName":"Gouverneur, NY","Code":"GVR","City":"Gouverneur","State":"NY","StaType":"Curbside Bus Stop only (no shelter)"}},{"type":"Feature","geometry":{"type":"Point","coordinates":[-90.17646,33.51717]},"properties":{"StationName":"Greenwood, MS","Code":"GWD","City":"Greenwood","State":"MS","StaType":"Station Building (with waiting room)"}},{"type":"Feature","geometry":{"type":"Point","coordinates":[-84.70807,44.64766]},"properties":{"StationName":"Grayling, MI","Code":"GYG","City":"Grayling","State":"MI","StaType":"Curbside Bus Stop only (no shelter)"}},{"type":"Feature","geometry":{"type":"Point","coordinates":[-84.69192,45.02707]},"properties":{"StationName":"Gaylord, MI","Code":"GYL","City":"Gaylord","State":"MI","StaType":"Curbside Bus Stop only (no shelter)"}},{"type":"Feature","geometry":{"type":"Point","coordinates":[-77.7225,39.64467]},"properties":{"StationName":"Hagerstown, MD","Code":"HAG","City":"Hagerstown","State":"MD","StaType":"Curbside Bus Stop only (no shelter)"}},{"type":"Feature","geometry":{"type":"Point","coordinates":[-79.69922,34.88367]},"properties":{"StationName":"Hamlet, NC","Code":"HAM","City":"Hamlet","State":"NC","StaType":"Station Building (with waiting room)"}},{"type":"Feature","geometry":{"type":"Point","coordinates":[-76.87826,40.26206]},"properties":{"StationName":"Harrisburg, PA","Code":"HAR","City":"Harrisburg","State":"PA","StaType":"Station Building (with waiting room)"}},{"type":"Feature","geometry":{"type":"Point","coordinates":[-98.38754,40.58428]},"properties":{"StationName":"Hastings, NE","Code":"HAS","City":"Hastings","State":"NE","StaType":"Station Building (with waiting room)"}},{"type":"Feature","geometry":{"type":"Point","coordinates":[-109.67836,48.55447]},"properties":{"StationName":"Havre, MT","Code":"HAV","City":"Havre","State":"MT","StaType":"Station Building (with waiting room)"}},{"type":"Feature","geometry":{"type":"Point","coordinates":[-122.09929,37.666]},"properties":{"StationName":"Hayward, CA","Code":"HAY","City":"Hayward","State":"CA","StaType":"Platform with Shelter"}},{"type":"Feature","geometry":{"type":"Point","coordinates":[-90.39435,31.86133]},"properties":{"StationName":"Hazlehurst, MS","Code":"HAZ","City":"Hazlehurst","State":"MS","StaType":"Platform with Shelter"}},{"type":"Feature","geometry":{"type":"Point","coordinates":[-89.28647,31.32693]},"properties":{"StationName":"Hattiesburg, MS","Code":"HBG","City":"Hattiesburg","State":"MS","StaType":"Station Building (with waiting room)"}},{"type":"Feature","geometry":{"type":"Point","coordinates":[-122.86947,38.60685]},"properties":{"StationName":"Healdsburg, CA","Code":"HEA","City":"Healdsburg","State":"CA","StaType":"Curbside Bus Stop only (no shelter)"}},{"type":"Feature","geometry":{"type":"Point","coordinates":[-91.43256,38.70729]},"properties":{"StationName":"Hermann, MO","Code":"HEM","City":"Hermann","State":"MO","StaType":"Station Building (with waiting room)"}},{"type":"Feature","geometry":{"type":"Point","coordinates":[-110.85391,39.68404]},"properties":{"StationName":"Helper, UT","Code":"HER","City":"Helper","State":"UT","StaType":"Station Building (with waiting room)"}},{"type":"Feature","geometry":{"type":"Point","coordinates":[-72.68132,41.76877]},"properties":{"StationName":"Hartford, CT","Code":"HFD","City":"Hartford","State":"CT","StaType":"Station Building (with waiting room)"}},{"type":"Feature","geometry":{"type":"Point","coordinates":[-77.73108,39.32446]},"properties":{"StationName":"Harpers Ferry, WV","Code":"HFY","City":"Harpers Ferry","State":"WV","StaType":"Platform with Shelter"}},{"type":"Feature","geometry":{"type":"Point","coordinates":[-78.01178,40.48367]},"properties":{"StationName":"Huntingdon, PA","Code":"HGD","City":"Huntingdon","State":"PA","StaType":"Station Building (with waiting room)"}},{"type":"Feature","geometry":{"type":"Point","coordinates":[-88.54964,47.11873]},"properties":{"StationName":"Houghton, MI","Code":"HGH","City":"Houghton","State":"MI","StaType":"Curbside Bus Stop only (no shelter)"}},{"type":"Feature","geometry":{"type":"Point","coordinates":[-84.80112,44.33543]},"properties":{"StationName":"Houghton Lake, MI","Code":"HGL","City":"Houghton Lake","State":"MI","StaType":"Curbside Bus Stop only (no shelter)"}},{"type":"Feature","geometry":{"type":"Point","coordinates":[-74.64004,44.96683]},"properties":{"StationName":"Hogansburg, NY","Code":"HGS","City":"Hogansburg","State":"NY","StaType":"Curbside Bus Stop only (no shelter)"}},{"type":"Feature","geometry":{"type":"Point","coordinates":[-71.08638,42.77331]},"properties":{"StationName":"Haverhill, MA","Code":"HHL","City":"Haverhill","State":"MA","StaType":"Platform with Shelter"}},{"type":"Feature","geometry":{"type":"Point","coordinates":[-80.89224,37.67504]},"properties":{"StationName":"Hinton, WV","Code":"HIN","City":"Hinton","State":"WV","StaType":"Station Building (with waiting room)"}},{"type":"Feature","geometry":{"type":"Point","coordinates":[-124.07218,41.79284]},"properties":{"StationName":"Hiouchi, CA","Code":"HIO","City":"Crescent City","State":"CA","StaType":"Curbside Bus Stop only (no shelter)"}},{"type":"Feature","geometry":{"type":"Point","coordinates":[-88.5803,47.12699]},"properties":{"StationName":"Hancock, MI","Code":"HKM","City":"Hancock","State":"MI","StaType":"Curbside Bus Stop only (no shelter)"}},{"type":"Feature","geometry":{"type":"Point","coordinates":[-122.86632,45.53728]},"properties":{"StationName":"Hillsboro, OR","Code":"HLB","City":"Hillsboro","State":"OR","StaType":"Curbside Bus Stop only (no shelter)"}},{"type":"Feature","geometry":{"type":"Point","coordinates":[-99.37009,40.43602]},"properties":{"StationName":"Holdrege, NE","Code":"HLD","City":"Holdrege","State":"NE","StaType":"Platform only (no shelter)"}},{"type":"Feature","geometry":{"type":"Point","coordinates":[-72.60231,42.20416]},"properties":{"StationName":"Holyoke, MA","Code":"HLK","City":"Holyoke","State":"MA","StaType":"Platform with Shelter"}},{"type":"Feature","geometry":{"type":"Point","coordinates":[-90.46217,30.50719]},"properties":{"StationName":"Hammond, LA","Code":"HMD","City":"Hammond","State":"LA","StaType":"Station Building (with waiting room)"}},{"type":"Feature","geometry":{"type":"Point","coordinates":[-87.50652,41.69116]},"properties":{"StationName":"Hammond-Whiting, IN","Code":"HMI","City":"Hammond","State":"IN","StaType":"Station Building (with waiting room)"}},{"type":"Feature","geometry":{"type":"Point","coordinates":[-87.66869,41.56245]},"properties":{"StationName":"Homewood, IL","Code":"HMW","City":"Homewood","State":"IL","StaType":"Station Building (with waiting room)"}},{"type":"Feature","geometry":{"type":"Point","coordinates":[-119.65183,36.32608]},"properties":{"StationName":"Hanford, CA","Code":"HNF","City":"Hanford","State":"CA","StaType":"Station Building (with waiting room)"}},{"type":"Feature","geometry":{"type":"Point","coordinates":[-78.15432,39.69528]},"properties":{"StationName":"Hancock, MD","Code":"HNK","City":"Hancock","State":"MD","StaType":"Curbside Bus Stop only (no shelter)"}},{"type":"Feature","geometry":{"type":"Point","coordinates":[-95.30203,29.73549]},"properties":{"StationName":"Houston, TX","Code":"HOG","City":"Houston","State":"TX","StaType":"Station Building (with waiting room)"}},{"type":"Feature","geometry":{"type":"Point","coordinates":[-80.16789,26.01165]},"properties":{"StationName":"Hollywood, FL","Code":"HOL","City":"Hollywood","State":"FL","StaType":"Station Building (with waiting room)"}},{"type":"Feature","geometry":{"type":"Point","coordinates":[-86.09656,42.7911]},"properties":{"StationName":"Holland, MI","Code":"HOM","City":"Holland","State":"MI","StaType":"Station Building (with waiting room)"}},{"type":"Feature","geometry":{"type":"Point","coordinates":[-121.51163,45.70965]},"properties":{"StationName":"Hood River, OR","Code":"HOO","City":"Hood River","State":"OR","StaType":"Station Building (with waiting room)"}},{"type":"Feature","geometry":{"type":"Point","coordinates":[-93.59225,33.66892]},"properties":{"StationName":"Hope, AR","Code":"HOP","City":"Hope","State":"AR","StaType":"Station Building (with waiting room)"}},{"type":"Feature","geometry":{"type":"Point","coordinates":[-95.36753,29.76725]},"properties":{"StationName":"Houston, TX","Code":"HOS","City":"Houston","State":"TX","StaType":"Station Building (with waiting room)"}},{"type":"Feature","geometry":{"type":"Point","coordinates":[-80.0061,35.95714]},"properties":{"StationName":"High Point, NC","Code":"HPT","City":"High Point","State":"NC","StaType":"Station Building (with waiting room)"}},{"type":"Feature","geometry":{"type":"Point","coordinates":[-117.60531,43.85531]},"properties":{"StationName":"Harper, OR","Code":"HRP","City":"Harper","State":"OR","StaType":"Curbside Bus Stop only (no shelter)"}},{"type":"Feature","geometry":{"type":"Point","coordinates":[-124.08151,40.87335]},"properties":{"StationName":"Arcata, CA","Code":"HSU","City":"Arcata","State":"CA","StaType":"Curbside Bus Stop only (no shelter)"}},{"type":"Feature","geometry":{"type":"Point","coordinates":[-74.79934,39.63133]},"properties":{"StationName":"Hammonton, NJ","Code":"HTN","City":"Hammonton","State":"NJ","StaType":"Platform with Shelter"}},{"type":"Feature","geometry":{"type":"Point","coordinates":[-73.79773,42.2539]},"properties":{"StationName":"Hudson, NY","Code":"HUD","City":"Hudson","State":"NY","StaType":"Station Building (with waiting room)"}},{"type":"Feature","geometry":{"type":"Point","coordinates":[-82.43974,38.41583]},"properties":{"StationName":"Huntington, WV","Code":"HUN","City":"Huntington","State":"WV","StaType":"Station Building (with waiting room)"}},{"type":"Feature","geometry":{"type":"Point","coordinates":[-97.93153,38.05572]},"properties":{"StationName":"Hutchinson, KS","Code":"HUT","City":"Hutchinson","State":"KS","StaType":"Station Building (with waiting room)"}},{"type":"Feature","geometry":{"type":"Point","coordinates":[-76.92612,34.8912]},"properties":{"StationName":"Havelock, NC","Code":"HVL","City":"Havelock","State":"NC","StaType":"Curbside Bus Stop only (no shelter)"}},{"type":"Feature","geometry":{"type":"Point","coordinates":[-85.46964,43.39831]},"properties":{"StationName":"Howard City, MI","Code":"HWC","City":"Howard City","State":"MI","StaType":"Curbside Bus Stop only (no shelter)"}},{"type":"Feature","geometry":{"type":"Point","coordinates":[-116.23314,33.71487]},"properties":{"StationName":"Indio, CA","Code":"IDO","City":"Indio","State":"CA","StaType":"Curbside Bus Stop only (no shelter)"}},{"type":"Feature","geometry":{"type":"Point","coordinates":[-94.42972,39.08692]},"properties":{"StationName":"Independence, MO","Code":"IDP","City":"Independence","State":"MO","StaType":"Platform only (no shelter)"}},{"type":"Feature","geometry":{"type":"Point","coordinates":[-79.16001,40.61315]},"properties":{"StationName":"Indiana, PA","Code":"INA","City":"Indiana","State":"PA","StaType":"Curbside Bus Stop only (no shelter)"}},{"type":"Feature","geometry":{"type":"Point","coordinates":[-86.16043,39.76199]},"properties":{"StationName":"Indianapolis, IN","Code":"IND","City":"Indianapolis","State":"IN","StaType":"Station Building (with waiting room)"}},{"type":"Feature","geometry":{"type":"Point","coordinates":[-117.73371,33.65678]},"properties":{"StationName":"Irvine, CA","Code":"IRV","City":"Irvine","State":"CA","StaType":"Station Building (with waiting room)"}},{"type":"Feature","geometry":{"type":"Point","coordinates":[-90.19094,32.30081]},"properties":{"StationName":"Jackson, MS","Code":"JAN","City":"Jackson","State":"MS","StaType":"Station Building (with waiting room)"}},{"type":"Feature","geometry":{"type":"Point","coordinates":[-81.7239,30.36561]},"properties":{"StationName":"Jacksonville, FL","Code":"JAX","City":"Jacksonville","State":"FL","StaType":"Station Building (with waiting room)"}},{"type":"Feature","geometry":{"type":"Point","coordinates":[-92.16991,38.57888]},"properties":{"StationName":"Jefferson City, MO","Code":"JEF","City":"Jefferson City","State":"MO","StaType":"Platform with Shelter"}},{"type":"Feature","geometry":{"type":"Point","coordinates":[-77.40727,34.76694]},"properties":{"StationName":"Jacksonville, NC","Code":"JNC","City":"Jacksonville","State":"NC","StaType":"Station Building (with waiting room)"}},{"type":"Feature","geometry":{"type":"Point","coordinates":[-119.054,37.81277]},"properties":{"StationName":"June Lake, CA","Code":"JNL","City":"June Lake","State":"CA","StaType":"Curbside Bus Stop only (no shelter)"}},{"type":"Feature","geometry":{"type":"Point","coordinates":[-88.76311,43.09]},"properties":{"StationName":"Johnson Creek, WI","Code":"JOC","City":"Johnson Creek","State":"WI","StaType":"Curbside Bus Stop only (no shelter)"}},{"type":"Feature","geometry":{"type":"Point","coordinates":[-88.07874,41.52465]},"properties":{"StationName":"Joliet, IL","Code":"JOL","City":"Joliet","State":"IL","StaType":"Station Building (with waiting room)"}},{"type":"Feature","geometry":{"type":"Point","coordinates":[-81.88218,31.6056]},"properties":{"StationName":"Jesup, GA","Code":"JSP","City":"Jesup","State":"GA","StaType":"Station Building (with waiting room)"}},{"type":"Feature","geometry":{"type":"Point","coordinates":[-78.922,40.3297]},"properties":{"StationName":"Johnstown, PA","Code":"JST","City":"Johnstown","State":"PA","StaType":"Station Building (with waiting room)"}},{"type":"Feature","geometry":{"type":"Point","coordinates":[-118.08009,43.74526]},"properties":{"StationName":"Juntura, OR","Code":"JTR","City":"Juntura","State":"OR","StaType":"Curbside Bus Stop only (no shelter)"}},{"type":"Feature","geometry":{"type":"Point","coordinates":[-88.98819,42.72]},"properties":{"StationName":"Janesville, WI","Code":"JVL","City":"Janesville","State":"WI","StaType":"Station Building (with waiting room)"}},{"type":"Feature","geometry":{"type":"Point","coordinates":[-84.39967,42.24812]},"properties":{"StationName":"Jackson, MI","Code":"JXN","City":"Jackson","State":"MI","StaType":"Station Building (with waiting room)"}},{"type":"Feature","geometry":{"type":"Point","coordinates":[-85.58402,42.29526]},"properties":{"StationName":"Kalamazoo, MI","Code":"KAL","City":"Kalamazoo","State":"MI","StaType":"Station Building (with waiting room)"}},{"type":"Feature","geometry":{"type":"Point","coordinates":[-80.62493,35.49618]},"properties":{"StationName":"Kannapolis, NC","Code":"KAN","City":"Kannapolis","State":"NC","StaType":"Station Building (with waiting room)"}},{"type":"Feature","geometry":{"type":"Point","coordinates":[-94.58514,39.08458]},"properties":{"StationName":"Kansas City, MO","Code":"KCY","City":"Kansas City","State":"MO","StaType":"Station Building (with waiting room)"}},{"type":"Feature","geometry":{"type":"Point","coordinates":[-89.92755,41.24577]},"properties":{"StationName":"Kewanee, IL","Code":"KEE","City":"Kewanee","State":"IL","StaType":"Station Building (with waiting room)"}},{"type":"Feature","geometry":{"type":"Point","coordinates":[-122.91303,46.14227]},"properties":{"StationName":"Kelso-Longview, WA","Code":"KEL","City":"Kelso","State":"WA","StaType":"Station Building (with waiting room)"}},{"type":"Feature","geometry":{"type":"Point","coordinates":[-121.77197,42.22551]},"properties":{"StationName":"Klamath Falls, OR","Code":"KFS","City":"Klamath Falls","State":"OR","StaType":"Station Building (with waiting room)"}},{"type":"Feature","geometry":{"type":"Point","coordinates":[-121.13636,36.20255]},"properties":{"StationName":"King City, CA","Code":"KGC","City":"King City","State":"CA","StaType":"Curbside Bus Stop only (no shelter)"}},{"type":"Feature","geometry":{"type":"Point","coordinates":[-122.4963,47.79607]},"properties":{"StationName":"Kingston - Eastbound, WA","Code":"KGE","City":"Kingston","State":"WA","StaType":"Curbside Bus Stop only (no shelter)"}},{"type":"Feature","geometry":{"type":"Point","coordinates":[-85.53521,44.58481]},"properties":{"StationName":"Kingsley, MI","Code":"KGS","City":"Kingsley","State":"MI","StaType":"Curbside Bus Stop only (no shelter)"}},{"type":"Feature","geometry":{"type":"Point","coordinates":[-122.5005,47.80203]},"properties":{"StationName":"Kingston - Westbound, WA","Code":"KGW","City":"Kingston","State":"WA","StaType":"Curbside Bus Stop only (no shelter)"}},{"type":"Feature","geometry":{"type":"Point","coordinates":[-97.72862,31.12116]},"properties":{"StationName":"Killeen, TX","Code":"KIL","City":"Killeen","State":"TX","StaType":"Station Building (with waiting room)"}},{"type":"Feature","geometry":{"type":"Point","coordinates":[-71.5606,41.48397]},"properties":{"StationName":"Kingston, RI","Code":"KIN","City":"West Kingston","State":"RI","StaType":"Station Building (with waiting room)"}},{"type":"Feature","geometry":{"type":"Point","coordinates":[-81.40424,28.29384]},"properties":{"StationName":"Kissimmee, FL","Code":"KIS","City":"Kissimmee","State":"FL","StaType":"Station Building (with waiting room)"}},{"type":"Feature","geometry":{"type":"Point","coordinates":[-87.86544,41.11927]},"properties":{"StationName":"Kankakee, IL","Code":"KKI","City":"Kankakee","State":"IL","StaType":"Station Building (with waiting room)"}},{"type":"Feature","geometry":{"type":"Point","coordinates":[-72.79431,43.62701]},"properties":{"StationName":"Killington, VT","Code":"KLT","City":"Killington","State":"VT","StaType":"Curbside Bus Stop only (no shelter)"}},{"type":"Feature","geometry":{"type":"Point","coordinates":[-77.58448,35.24371]},"properties":{"StationName":"Kinston, NC","Code":"KNC","City":"Kinston","State":"NC","StaType":"Station Building (with waiting room)"}},{"type":"Feature","geometry":{"type":"Point","coordinates":[-114.05283,35.18828]},"properties":{"StationName":"Kingman, AZ","Code":"KNG","City":"Kingman","State":"AZ","StaType":"Station Building (with waiting room)"}},{"type":"Feature","geometry":{"type":"Point","coordinates":[-84.50654,46.27376]},"properties":{"StationName":"Kinross Charter Twp, MI","Code":"KNS","City":"Kinross Charter Twp","State":"MI","StaType":"Curbside Bus Stop only (no shelter)"}},{"type":"Feature","geometry":{"type":"Point","coordinates":[-76.24083,38.96651]},"properties":{"StationName":"Kent Island-Grasonville, MD","Code":"KNT","City":"Grasonville","State":"MD","StaType":"Curbside Bus Stop only (no shelter)"}},{"type":"Feature","geometry":{"type":"Point","coordinates":[-79.82903,33.66389]},"properties":{"StationName":"Kingstree, SC","Code":"KTR","City":"Kingstree","State":"SC","StaType":"Station Building (with waiting room)"}},{"type":"Feature","geometry":{"type":"Point","coordinates":[-73.78623,44.18854]},"properties":{"StationName":"Keene Valley, NY","Code":"KVL","City":"Keene Valley","State":"NY","StaType":"Curbside Bus Stop only (no shelter)"}},{"type":"Feature","geometry":{"type":"Point","coordinates":[-90.40677,38.58107]},"properties":{"StationName":"Kirkwood, MO","Code":"KWD","City":"Kirkwood","State":"MO","StaType":"Station Building (with waiting room)"}},{"type":"Feature","geometry":{"type":"Point","coordinates":[-79.38509,40.31741]},"properties":{"StationName":"Latrobe, PA","Code":"LAB","City":"Latrobe","State":"PA","StaType":"Platform only (no shelter)"}},{"type":"Feature","geometry":{"type":"Point","coordinates":[-118.07763,45.32648]},"properties":{"StationName":"La Grande, OR","Code":"LAE","City":"La Grande","State":"OR","StaType":"Station Building (with waiting room)"}},{"type":"Feature","geometry":{"type":"Point","coordinates":[-86.89591,40.41935]},"properties":{"StationName":"Lafayette, IN","Code":"LAF","City":"Lafayette","State":"IN","StaType":"Station Building (with waiting room)"}},{"type":"Feature","geometry":{"type":"Point","coordinates":[-87.87155,41.81564]},"properties":{"StationName":"La Grange, IL","Code":"LAG","City":"La Grange","State":"IL","StaType":"Station Building (with waiting room)"}},{"type":"Feature","geometry":{"type":"Point","coordinates":[-103.54359,37.98826]},"properties":{"StationName":"La Junta, CO","Code":"LAJ","City":"La Junta","State":"CO","StaType":"Station Building (with waiting room)"}},{"type":"Feature","geometry":{"type":"Point","coordinates":[-81.95188,28.04561]},"properties":{"StationName":"Lakeland, FL","Code":"LAK","City":"Lakeland","State":"FL","StaType":"Station Building (with waiting room)"}},{"type":"Feature","geometry":{"type":"Point","coordinates":[-88.45317,46.75696]},"properties":{"StationName":"L'Anse, MI","Code":"LAN","City":"L'Anse","State":"MI","StaType":"Curbside Bus Stop only (no shelter)"}},{"type":"Feature","geometry":{"type":"Point","coordinates":[-92.49339,40.02923]},"properties":{"StationName":"La Plata, MO","Code":"LAP","City":"La Plata","State":"MO","StaType":"Station Building (with waiting room)"}},{"type":"Feature","geometry":{"type":"Point","coordinates":[-115.1485,36.08598]},"properties":{"StationName":"Las Vegas, NV","Code":"LAS","City":"Las Vegas","State":"NV","StaType":"Curbside Bus Stop only (no shelter)"}},{"type":"Feature","geometry":{"type":"Point","coordinates":[-86.89445,40.42068]},"properties":{"StationName":"Lafayette, IN","Code":"LAT","City":"Lafayette","State":"IN","StaType":"Station Building (with waiting room)"}},{"type":"Feature","geometry":{"type":"Point","coordinates":[-89.12794,31.69217]},"properties":{"StationName":"Laurel, MS","Code":"LAU","City":"Laurel","State":"MS","StaType":"Station Building (with waiting room)"}},{"type":"Feature","geometry":{"type":"Point","coordinates":[-118.23679,34.05618]},"properties":{"StationName":"Los Angeles, CA","Code":"LAX","City":"Los Angeles","State":"CA","StaType":"Station Building (with waiting room)"}},{"type":"Feature","geometry":{"type":"Point","coordinates":[-120.86187,37.0641]},"properties":{"StationName":"Los Banos, CA","Code":"LBO","City":"Los Banos","State":"CA","StaType":"Curbside Bus Stop only (no shelter)"}},{"type":"Feature","geometry":{"type":"Point","coordinates":[-118.26652,34.23195]},"properties":{"StationName":"La Crescenta, CA","Code":"LCA","City":"La Crescenta","State":"CA","StaType":"Curbside Bus Stop only (no shelter)"}},{"type":"Feature","geometry":{"type":"Point","coordinates":[-93.21704,30.23813]},"properties":{"StationName":"Lake Charles, LA","Code":"LCH","City":"Lake Charles","State":"LA","StaType":"Station Building (with waiting room)"}},{"type":"Feature","geometry":{"type":"Point","coordinates":[-89.36306,40.14821]},"properties":{"StationName":"Lincoln, IL","Code":"LCN","City":"Lincoln","State":"IL","StaType":"Station Building (with waiting room)"}},{"type":"Feature","geometry":{"type":"Point","coordinates":[-124.01039,44.99653]},"properties":{"StationName":"Lincoln City, OR","Code":"LCO","City":"Lincoln City","State":"OR","StaType":"Curbside Bus Stop only (no shelter)"}},{"type":"Feature","geometry":{"type":"Point","coordinates":[-106.78007,32.30551]},"properties":{"StationName":"Las Cruces, NM","Code":"LCR","City":"Las Cruces","State":"NM","StaType":"Curbside Bus Stop only (no shelter)"}},{"type":"Feature","geometry":{"type":"Point","coordinates":[-118.13644,34.6963]},"properties":{"StationName":"Lancaster, CA","Code":"LCS","City":"Lancaster","State":"CA","StaType":"Platform with Shelter"}},{"type":"Feature","geometry":{"type":"Point","coordinates":[-69.00864,44.28208]},"properties":{"StationName":"Lincolnville, ME","Code":"LCV","City":"Lincolnville","State":"ME","StaType":"Curbside Bus Stop only (no shelter)"}},{"type":"Feature","geometry":{"type":"Point","coordinates":[-108.70704,32.35008]},"properties":{"StationName":"Lordsburg, NM","Code":"LDB","City":"Lordsburg","State":"NM","StaType":"Platform with Shelter"}},{"type":"Feature","geometry":{"type":"Point","coordinates":[-75.00076,39.83384]},"properties":{"StationName":"Lindenwold, NJ","Code":"LDW","City":"Somerdale","State":"NJ","StaType":"Station Building (with waiting room)"}},{"type":"Feature","geometry":{"type":"Point","coordinates":[-94.37798,38.91263]},"properties":{"StationName":"Lee's Summit, MO","Code":"LEE","City":"Lee's Summit","State":"MO","StaType":"Platform with Shelter"}},{"type":"Feature","geometry":{"type":"Point","coordinates":[-123.72798,39.87823]},"properties":{"StationName":"Leggett, CA","Code":"LEG","City":"Leggett","State":"CA","StaType":"Curbside Bus Stop only (no shelter)"}},{"type":"Feature","geometry":{"type":"Point","coordinates":[-120.64462,47.59768]},"properties":{"StationName":"Leavenworth, WA","Code":"LEV","City":"Leavenworth","State":"WA","StaType":"Curbside Bus Stop only (no shelter)"}},{"type":"Feature","geometry":{"type":"Point","coordinates":[-77.58005,40.58832]},"properties":{"StationName":"Lewistown, PA","Code":"LEW","City":"Lewistown","State":"PA","StaType":"Station Building (with waiting room)"}},{"type":"Feature","geometry":{"type":"Point","coordinates":[-80.25157,35.82086]},"properties":{"StationName":"Lexington Barbeque Festival, NC","Code":"LEX","City":"Lexington","State":"NC","StaType":"Platform only (no shelter)"}},{"type":"Feature","geometry":{"type":"Point","coordinates":[-92.01453,30.22655]},"properties":{"StationName":"Lafayette, LA","Code":"LFT","City":"Lafayette","State":"LA","StaType":"Station Building (with waiting room)"}},{"type":"Feature","geometry":{"type":"Point","coordinates":[-73.52114,45.52385]},"properties":{"StationName":"Longueuil, QC","Code":"LGU","City":"Longueuil","State":"QC","StaType":"Station Building (with waiting room)"}},{"type":"Feature","geometry":{"type":"Point","coordinates":[-115.5489,48.39485]},"properties":{"StationName":"Libby, MT","Code":"LIB","City":"Libby","State":"MT","StaType":"Station Building (with waiting room)"}},{"type":"Feature","geometry":{"type":"Point","coordinates":[-121.76713,37.68492]},"properties":{"StationName":"Livermore, CA","Code":"LIV","City":"Livermore","State":"CA","StaType":"Station Building (with waiting room)"}},{"type":"Feature","geometry":{"type":"Point","coordinates":[-81.95188,28.04561]},"properties":{"StationName":"Lakeland, FL","Code":"LKL","City":"Lakeland","State":"FL","StaType":"Station Building (with waiting room)"}},{"type":"Feature","geometry":{"type":"Point","coordinates":[-119.78456,36.30314]},"properties":{"StationName":"Lemoore, CA","Code":"LMC","City":"Lemoore","State":"CA","StaType":"Curbside Bus Stop only (no shelter)"}},{"type":"Feature","geometry":{"type":"Point","coordinates":[-102.61858,38.08963]},"properties":{"StationName":"Lamar, CO","Code":"LMR","City":"Lamar","State":"CO","StaType":"Platform only (no shelter)"}},{"type":"Feature","geometry":{"type":"Point","coordinates":[-105.87998,35.48098]},"properties":{"StationName":"Lamy, NM","Code":"LMY","City":"Lamy","State":"NM","StaType":"Station Building (with waiting room)"}},{"type":"Feature","geometry":{"type":"Point","coordinates":[-76.30772,40.05419]},"properties":{"StationName":"Lancaster, PA","Code":"LNC","City":"Lancaster","State":"PA","StaType":"Station Building (with waiting room)"}},{"type":"Feature","geometry":{"type":"Point","coordinates":[-96.71318,40.81588]},"properties":{"StationName":"Lincoln, NE","Code":"LNK","City":"Lincoln","State":"NE","StaType":"Station Building (with waiting room)"}},{"type":"Feature","geometry":{"type":"Point","coordinates":[-84.49597,42.71874]},"properties":{"StationName":"East Lansing, MI","Code":"LNS","City":"East Lansing","State":"MI","StaType":"Station Building (with waiting room)"}},{"type":"Feature","geometry":{"type":"Point","coordinates":[-114.57579,35.15857]},"properties":{"StationName":"Laughlin, NV","Code":"LNV","City":"Laughlin","State":"NV","StaType":"Curbside Bus Stop only (no shelter)"}},{"type":"Feature","geometry":{"type":"Point","coordinates":[-81.24174,42.98401]},"properties":{"StationName":"London, ON","Code":"LOB","City":"London","State":"ON","StaType":"Curbside Bus Stop only (no shelter)"}},{"type":"Feature","geometry":{"type":"Point","coordinates":[-121.2719,38.13321]},"properties":{"StationName":"Lodi, CA","Code":"LOD","City":"Lodi","State":"CA","StaType":"Station Building (with waiting room)"}},{"type":"Feature","geometry":{"type":"Point","coordinates":[-106.20881,35.8278]},"properties":{"StationName":"Los Alamos, NM","Code":"LOH","City":"Los Alamos","State":"NM","StaType":"Curbside Bus Stop only (no shelter)"}},{"type":"Feature","geometry":{"type":"Point","coordinates":[-120.4593,34.63834]},"properties":{"StationName":"Lompoc, CA","Code":"LOM","City":"Lompoc","State":"CA","StaType":"Curbside Bus Stop only (no shelter)"}},{"type":"Feature","geometry":{"type":"Point","coordinates":[-77.22094,38.70815]},"properties":{"StationName":"Lorton, VA","Code":"LOR","City":"Lorton","State":"VA","StaType":"Station Building (with waiting room)"}},{"type":"Feature","geometry":{"type":"Point","coordinates":[-106.29993,35.8818]},"properties":{"StationName":"Los Alamos, NM","Code":"LOS","City":"Los Alamos","State":"NM","StaType":"Curbside Bus Stop only (no shelter)"}},{"type":"Feature","geometry":{"type":"Point","coordinates":[-83.30616,43.04953]},"properties":{"StationName":"Lapeer, MI","Code":"LPE","City":"Lapeer","State":"MI","StaType":"Station Building (with waiting room)"}},{"type":"Feature","geometry":{"type":"Point","coordinates":[-121.49997,43.67418]},"properties":{"StationName":"La Pine, OR","Code":"LPN","City":"La Pine","State":"OR","StaType":"Curbside Bus Stop only (no shelter)"}},{"type":"Feature","geometry":{"type":"Point","coordinates":[-120.60501,34.68271]},"properties":{"StationName":"Lompoc-Surf, CA","Code":"LPS","City":"Surf","State":"CA","StaType":"Platform with Shelter"}},{"type":"Feature","geometry":{"type":"Point","coordinates":[-116.28998,33.71098]},"properties":{"StationName":"La Quinta, CA","Code":"LQT","City":"La Quinta","State":"CA","StaType":"Curbside Bus Stop only (no shelter)"}},{"type":"Feature","geometry":{"type":"Point","coordinates":[-95.23055,38.97117]},"properties":{"StationName":"Lawrence, KS","Code":"LRC","City":"Lawrence","State":"KS","StaType":"Station Building (with waiting room)"}},{"type":"Feature","geometry":{"type":"Point","coordinates":[-92.28679,34.7503]},"properties":{"StationName":"Little Rock, AR","Code":"LRK","City":"Little Rock","State":"AR","StaType":"Station Building (with waiting room)"}},{"type":"Feature","geometry":{"type":"Point","coordinates":[-105.60856,41.32993]},"properties":{"StationName":"Laramie, WY","Code":"LRY","City":"Laramie","State":"WY","StaType":"Curbside Bus Stop only (no shelter)"}},{"type":"Feature","geometry":{"type":"Point","coordinates":[-76.88734,40.96308]},"properties":{"StationName":"Lewisburg, PA","Code":"LSB","City":"Lewisburg","State":"PA","StaType":"Curbside Bus Stop only (no shelter)"}},{"type":"Feature","geometry":{"type":"Point","coordinates":[-91.24731,43.83316]},"properties":{"StationName":"La Crosse, WI","Code":"LSE","City":"La Crosse","State":"WI","StaType":"Station Building (with waiting room)"}},{"type":"Feature","geometry":{"type":"Point","coordinates":[-105.21279,35.59344]},"properties":{"StationName":"Las Vegas, NM","Code":"LSV","City":"Las Vegas","State":"NM","StaType":"Station Building (with waiting room)"}},{"type":"Feature","geometry":{"type":"Point","coordinates":[-91.22934,43.81712]},"properties":{"StationName":"La Crosse, WI","Code":"LSW","City":"La Crosse","State":"WI","StaType":"Curbside Bus Stop only (no shelter)"}},{"type":"Feature","geometry":{"type":"Point","coordinates":[-79.40541,40.27285]},"properties":{"StationName":"Latrobe, PA","Code":"LTB","City":"Latrobe","State":"PA","StaType":"Curbside Bus Stop only (no shelter)"}},{"type":"Feature","geometry":{"type":"Point","coordinates":[-121.26367,37.79837]},"properties":{"StationName":"Lathrop-Manteca, CA","Code":"LTM","City":"Manteca","State":"CA","StaType":"Platform with Shelter"}},{"type":"Feature","geometry":{"type":"Point","coordinates":[-118.00059,34.52134]},"properties":{"StationName":"Littlerock, CA","Code":"LTR","City":"Littlerock","State":"CA","StaType":"Curbside Bus Stop only (no shelter)"}},{"type":"Feature","geometry":{"type":"Point","coordinates":[-123.48203,39.68664]},"properties":{"StationName":"Laytonville, CA","Code":"LTV","City":"Laytonville","State":"CA","StaType":"Curbside Bus Stop only (no shelter)"}},{"type":"Feature","geometry":{"type":"Point","coordinates":[-85.77263,38.24873]},"properties":{"StationName":"Louisville, KY","Code":"LVL","City":"Louisville","State":"KY","StaType":"Station Building (with waiting room)"}},{"type":"Feature","geometry":{"type":"Point","coordinates":[-119.1187,37.95541]},"properties":{"StationName":"Lee Vining, CA","Code":"LVN","City":"Lee Vining","State":"CA","StaType":"Curbside Bus Stop only (no shelter)"}},{"type":"Feature","geometry":{"type":"Point","coordinates":[-76.95427,40.62015]},"properties":{"StationName":"Liverpool, PA","Code":"LVP","City":"Liverpool","State":"PA","StaType":"Curbside Bus Stop only (no shelter)"}},{"type":"Feature","geometry":{"type":"Point","coordinates":[-76.99413,40.56633]},"properties":{"StationName":"Liverpool, PA","Code":"LVR","City":"Liverpool","State":"PA","StaType":"Curbside Bus Stop only (no shelter)"}},{"type":"Feature","geometry":{"type":"Point","coordinates":[-115.14975,36.16446]},"properties":{"StationName":"Las Vegas, NV","Code":"LVS","City":"Las Vegas","State":"NV","StaType":"Curbside Bus Stop only (no shelter)"}},{"type":"Feature","geometry":{"type":"Point","coordinates":[-115.16364,36.06847]},"properties":{"StationName":"Las Vegas, NV","Code":"LVT","City":"Las Vegas","State":"NV","StaType":"Curbside Bus Stop only (no shelter)"}},{"type":"Feature","geometry":{"type":"Point","coordinates":[-94.72833,32.49404]},"properties":{"StationName":"Longview, TX","Code":"LVW","City":"Longview","State":"TX","StaType":"Station Building (with waiting room)"}},{"type":"Feature","geometry":{"type":"Point","coordinates":[-120.64398,47.6065]},"properties":{"StationName":"Leavenworth, WA","Code":"LWA","City":"Leavenworth","State":"WA","StaType":"Platform with Shelter"}},{"type":"Feature","geometry":{"type":"Point","coordinates":[-77.57465,40.59713]},"properties":{"StationName":"Lewistown, PA","Code":"LWB","City":"Lewistown","State":"PA","StaType":"Curbside Bus Stop only (no shelter)"}},{"type":"Feature","geometry":{"type":"Point","coordinates":[-117.00594,46.42694]},"properties":{"StationName":"Lewiston, ID","Code":"LWN","City":"Lewiston","State":"ID","StaType":"Curbside Bus Stop only (no shelter)"}},{"type":"Feature","geometry":{"type":"Point","coordinates":[-79.15694,37.40645]},"properties":{"StationName":"Lynchburg, VA","Code":"LYH","City":"Lynchburg","State":"VA","StaType":"Station Building (with waiting room)"}},{"type":"Feature","geometry":{"type":"Point","coordinates":[-90.67095,40.46122]},"properties":{"StationName":"Macomb, IL","Code":"MAC","City":"Macomb","State":"IL","StaType":"Station Building (with waiting room)"}},{"type":"Feature","geometry":{"type":"Point","coordinates":[-121.13355,44.6189]},"properties":{"StationName":"Madras, OR","Code":"MAD","City":"Madras","State":"OR","StaType":"Curbside Bus Stop only (no shelter)"}},{"type":"Feature","geometry":{"type":"Point","coordinates":[-88.95522,37.72965]},"properties":{"StationName":"Marion, IL","Code":"MAI","City":"Marion","State":"IL","StaType":"Station Building (with waiting room)"}},{"type":"Feature","geometry":{"type":"Point","coordinates":[-84.72578,45.78134]},"properties":{"StationName":"Mackinaw City, MI","Code":"MAK","City":"Mackinaw City","State":"MI","StaType":"Curbside Bus Stop only (no shelter)"}},{"type":"Feature","geometry":{"type":"Point","coordinates":[-107.87225,48.36048]},"properties":{"StationName":"Malta, MT","Code":"MAL","City":"Malta","State":"MT","StaType":"Station Building (with waiting room)"}},{"type":"Feature","geometry":{"type":"Point","coordinates":[-88.37605,39.48274]},"properties":{"StationName":"Mattoon, IL","Code":"MAT","City":"Mattoon","State":"IL","StaType":"Station Building (with waiting room)"}},{"type":"Feature","geometry":{"type":"Point","coordinates":[-83.77108,38.65216]},"properties":{"StationName":"Maysville, KY","Code":"MAY","City":"Maysville","State":"KY","StaType":"Station Building (with waiting room)"}},{"type":"Feature","geometry":{"type":"Point","coordinates":[-73.16978,44.01743]},"properties":{"StationName":"Middlebury, VT","Code":"MBY","City":"Middlebury","State":"VT","StaType":"Platform with Shelter"}},{"type":"Feature","geometry":{"type":"Point","coordinates":[-90.45134,31.24447]},"properties":{"StationName":"McComb, MS","Code":"MCB","City":"McComb","State":"MS","StaType":"Station Building (with waiting room)"}},{"type":"Feature","geometry":{"type":"Point","coordinates":[-120.47682,37.30719]},"properties":{"StationName":"Merced, CA","Code":"MCD","City":"Merced","State":"CA","StaType":"Station Building (with waiting room)"}},{"type":"Feature","geometry":{"type":"Point","coordinates":[-97.40476,31.44336]},"properties":{"StationName":"McGregor, TX","Code":"MCG","City":"McGregor","State":"TX","StaType":"Station Building (with waiting room)"}},{"type":"Feature","geometry":{"type":"Point","coordinates":[-100.6258,40.19764]},"properties":{"StationName":"McCook, NE","Code":"MCK","City":"McCook","State":"NE","StaType":"Station Building (with waiting room)"}},{"type":"Feature","geometry":{"type":"Point","coordinates":[-73.56372,45.51694]},"properties":{"StationName":"Montreal, QC","Code":"MCT","City":"Montreal ","State":"QC","StaType":"Station Building (with waiting room)"}},{"type":"Feature","geometry":{"type":"Point","coordinates":[-73.05833,43.17772]},"properties":{"StationName":"Manchester Center, VT","Code":"MCV","City":"Manchester Center","State":"VT","StaType":"Curbside Bus Stop only (no shelter)"}},{"type":"Feature","geometry":{"type":"Point","coordinates":[-72.80068,41.53939]},"properties":{"StationName":"Meriden, CT","Code":"MDN","City":"Meriden","State":"CT","StaType":"Platform with Shelter"}},{"type":"Feature","geometry":{"type":"Point","coordinates":[-119.92021,37.54415]},"properties":{"StationName":"Midpines, CA","Code":"MDP","City":"Midpines","State":"CA","StaType":"Curbside Bus Stop only (no shelter)"}},{"type":"Feature","geometry":{"type":"Point","coordinates":[-120.07499,37.02248]},"properties":{"StationName":"Madera, CA","Code":"MDR","City":"Madera","State":"CA","StaType":"Platform with Shelter"}},{"type":"Feature","geometry":{"type":"Point","coordinates":[-72.59704,41.28354]},"properties":{"StationName":"Madison, CT","Code":"MDS","City":"Madison","State":"CT","StaType":"Station Building (with waiting room)"}},{"type":"Feature","geometry":{"type":"Point","coordinates":[-89.11793,41.54959]},"properties":{"StationName":"Mendota, IL","Code":"MDT","City":"Mendota","State":"IL","StaType":"Station Building (with waiting room)"}},{"type":"Feature","geometry":{"type":"Point","coordinates":[-87.45027,37.25605]},"properties":{"StationName":"Madisonville, KY","Code":"MDV","City":"Madisonville","State":"KY","StaType":"Curbside Bus Stop only (no shelter)"}},{"type":"Feature","geometry":{"type":"Point","coordinates":[-121.96627,47.85822]},"properties":{"StationName":"Monroe - Eastbound, WA","Code":"MEE","City":"Monroe","State":"WA","StaType":"Curbside Bus Stop only (no shelter)"}},{"type":"Feature","geometry":{"type":"Point","coordinates":[-88.69657,32.36417]},"properties":{"StationName":"Meridian, MS","Code":"MEI","City":"Meridian","State":"MS","StaType":"Station Building (with waiting room)"}},{"type":"Feature","geometry":{"type":"Point","coordinates":[-90.05911,35.13246]},"properties":{"StationName":"Memphis, TN","Code":"MEM","City":"Memphis","State":"TN","StaType":"Station Building (with waiting room)"}},{"type":"Feature","geometry":{"type":"Point","coordinates":[-74.32958,40.56806]},"properties":{"StationName":"Metropark, NJ","Code":"MET","City":"Iselin","State":"NJ","StaType":"Station Building (with waiting room)"}},{"type":"Feature","geometry":{"type":"Point","coordinates":[-121.96621,47.85847]},"properties":{"StationName":"Monroe - Westbound, WA","Code":"MEW","City":"Monroe","State":"WA","StaType":"Curbside Bus Stop only (no shelter)"}},{"type":"Feature","geometry":{"type":"Point","coordinates":[-122.87443,42.36792]},"properties":{"StationName":"Medford, OR","Code":"MFA","City":"Medford","State":"OR","StaType":"Curbside Bus Stop only (no shelter)"}},{"type":"Feature","geometry":{"type":"Point","coordinates":[-122.87155,42.3242]},"properties":{"StationName":"Medford, OR","Code":"MFR","City":"Medford","State":"OR","StaType":"Station Building (with waiting room)"}},{"type":"Feature","geometry":{"type":"Point","coordinates":[-121.65002,37.13009]},"properties":{"StationName":"Morgan Hill, CA","Code":"MHC","City":"Morgan Hill","State":"CA","StaType":"Platform with Shelter"}},{"type":"Feature","geometry":{"type":"Point","coordinates":[-76.71568,34.72139]},"properties":{"StationName":"Morehead City, NC","Code":"MHD","City":"Morehead City","State":"NC","StaType":"Curbside Bus Stop only (no shelter)"}},{"type":"Feature","geometry":{"type":"Point","coordinates":[-94.367,32.55155]},"properties":{"StationName":"Marshall, TX","Code":"MHL","City":"Marshall","State":"TX","StaType":"Station Building (with waiting room)"}},{"type":"Feature","geometry":{"type":"Point","coordinates":[-71.46605,42.9869]},"properties":{"StationName":"Manchester, NH","Code":"MHT","City":"Manchester","State":"NH","StaType":"Station Building (with waiting room)"}},{"type":"Feature","geometry":{"type":"Point","coordinates":[-80.25776,25.84956]},"properties":{"StationName":"Miami, FL","Code":"MIA","City":"Miami","State":"FL","StaType":"Station Building (with waiting room)"}},{"type":"Feature","geometry":{"type":"Point","coordinates":[-76.73648,40.19567]},"properties":{"StationName":"Middletown, PA","Code":"MID","City":"Middletown","State":"PA","StaType":"Platform with Shelter"}},{"type":"Feature","geometry":{"type":"Point","coordinates":[-77.37501,40.5788]},"properties":{"StationName":"Mifflintown, PA","Code":"MIF","City":"Mifflintown","State":"PA","StaType":"Curbside Bus Stop only (no shelter)"}},{"type":"Feature","geometry":{"type":"Point","coordinates":[-95.48911,32.66205]},"properties":{"StationName":"Mineola, TX","Code":"MIN","City":"Mineola","State":"TX","StaType":"Station Building (with waiting room)"}},{"type":"Feature","geometry":{"type":"Point","coordinates":[-73.17447,44.01022]},"properties":{"StationName":"Middlebury, VT","Code":"MIY","City":"Middlebury","State":"VT","StaType":"Curbside Bus Stop only (no shelter)"}},{"type":"Feature","geometry":{"type":"Point","coordinates":[-76.50345,40.10917]},"properties":{"StationName":"Mount Joy, PA","Code":"MJY","City":"Mount Joy","State":"PA","StaType":"Platform with Shelter"}},{"type":"Feature","geometry":{"type":"Point","coordinates":[-87.92436,42.94059]},"properties":{"StationName":"Milwaukee Airport-Trains, WI","Code":"MKA","City":"Milwaukee","State":"WI","StaType":"Station Building (with waiting room)"}},{"type":"Feature","geometry":{"type":"Point","coordinates":[-87.90308,42.94718]},"properties":{"StationName":"Milwaukee Airport-Buses, WI","Code":"MKB","City":"Milwaukee","State":"WI","StaType":"Curbside Bus Stop only (no shelter)"}},{"type":"Feature","geometry":{"type":"Point","coordinates":[-87.91711,43.03453]},"properties":{"StationName":"Milwaukee-Downtown, WI","Code":"MKE","City":"Milwaukee","State":"WI","StaType":"Station Building (with waiting room)"}},{"type":"Feature","geometry":{"type":"Point","coordinates":[-90.27235,34.25823]},"properties":{"StationName":"Marks, MS","Code":"MKS","City":"Marks","State":"MS","StaType":"Platform with Shelter"}},{"type":"Feature","geometry":{"type":"Point","coordinates":[-90.52111,41.50677]},"properties":{"StationName":"Moline, IL","Code":"MLI","City":"Moline","State":"IL","StaType":"Station Building (with waiting room)"}},{"type":"Feature","geometry":{"type":"Point","coordinates":[-119.24537,47.10198]},"properties":{"StationName":"Moses Lake, WA","Code":"MLK","City":"Moses Lake","State":"WA","StaType":"Curbside Bus Stop only (no shelter)"}},{"type":"Feature","geometry":{"type":"Point","coordinates":[-119.03891,37.65139]},"properties":{"StationName":"Mammoth Lakes, CA","Code":"MMK","City":"Mammoth Lakes","State":"CA","StaType":"Curbside Bus Stop only (no shelter)"}},{"type":"Feature","geometry":{"type":"Point","coordinates":[-81.32403,38.18075]},"properties":{"StationName":"Montgomery, WV","Code":"MNG","City":"Montgomery","State":"WV","StaType":"Platform with Shelter"}},{"type":"Feature","geometry":{"type":"Point","coordinates":[-91.92607,44.87367]},"properties":{"StationName":"Menomonie, WI","Code":"MNM","City":"Menomonie","State":"WI","StaType":"Curbside Bus Stop only (no shelter)"}},{"type":"Feature","geometry":{"type":"Point","coordinates":[-79.76175,40.43807]},"properties":{"StationName":"Monroeville, PA","Code":"MNR","City":"Monroeville","State":"PA","StaType":"Station Building (with waiting room)"}},{"type":"Feature","geometry":{"type":"Point","coordinates":[-74.94539,44.92329]},"properties":{"StationName":"Massena, NY","Code":"MNY","City":"Massena","State":"NY","StaType":"Curbside Bus Stop only (no shelter)"}},{"type":"Feature","geometry":{"type":"Point","coordinates":[-117.0054,46.72594]},"properties":{"StationName":"Moscow, ID","Code":"MOC","City":"Moscow","State":"ID","StaType":"Curbside Bus Stop only (no shelter)"}},{"type":"Feature","geometry":{"type":"Point","coordinates":[-120.91293,37.66896]},"properties":{"StationName":"Modesto, CA","Code":"MOD","City":"Modesto","State":"CA","StaType":"Station Building (with waiting room)"}},{"type":"Feature","geometry":{"type":"Point","coordinates":[-88.0383,30.69086]},"properties":{"StationName":"Mobile, AL","Code":"MOE","City":"Mobile","State":"AL","StaType":"Platform only (no shelter)"}},{"type":"Feature","geometry":{"type":"Point","coordinates":[-106.33177,38.5121]},"properties":{"StationName":"Monarch Mountain, CO","Code":"MOH","City":"Salida","State":"CO","StaType":"Curbside Bus Stop only (no shelter)"}},{"type":"Feature","geometry":{"type":"Point","coordinates":[-118.17319,35.05249]},"properties":{"StationName":"Mojave, CA","Code":"MOJ","City":"Mojave","State":"CA","StaType":"Curbside Bus Stop only (no shelter)"}},{"type":"Feature","geometry":{"type":"Point","coordinates":[-85.44383,43.53931]},"properties":{"StationName":"Morley, MI","Code":"MOR","City":"Morley","State":"MI","StaType":"Curbside Bus Stop only (no shelter)"}},{"type":"Feature","geometry":{"type":"Point","coordinates":[-101.29857,48.23609]},"properties":{"StationName":"Minot, ND","Code":"MOT","City":"Minot","State":"ND","StaType":"Station Building (with waiting room)"}},{"type":"Feature","geometry":{"type":"Point","coordinates":[-117.2886,33.91276]},"properties":{"StationName":"Moreno Valley, CA","Code":"MOV","City":"Riverside","State":"CA","StaType":"Curbside Bus Stop only (no shelter)"}},{"type":"Feature","geometry":{"type":"Point","coordinates":[-118.87807,34.28476]},"properties":{"StationName":"Moorpark, CA","Code":"MPK","City":"Moorpark","State":"CA","StaType":"Platform only (no shelter)"}},{"type":"Feature","geometry":{"type":"Point","coordinates":[-123.8585,44.02688]},"properties":{"StationName":"Mapleton, OR","Code":"MPL","City":"Mapleton","State":"OR","StaType":"Platform only (no shelter)"}},{"type":"Feature","geometry":{"type":"Point","coordinates":[-72.6064,44.25576]},"properties":{"StationName":"Montpelier-Berlin, VT","Code":"MPR","City":"Montpelier","State":"VT","StaType":"Station Building (with waiting room)"}},{"type":"Feature","geometry":{"type":"Point","coordinates":[-84.77263,43.58183]},"properties":{"StationName":"Mt. Pleasant, MI","Code":"MPT","City":"Mt. Pleasant","State":"MI","StaType":"Station Building (with waiting room)"}},{"type":"Feature","geometry":{"type":"Point","coordinates":[-87.45251,46.55783]},"properties":{"StationName":"Marquette, MI","Code":"MQT","City":"Marquette","State":"MI","StaType":"Station Building (with waiting room)"}},{"type":"Feature","geometry":{"type":"Point","coordinates":[-77.96102,39.45867]},"properties":{"StationName":"Martinsburg, WV","Code":"MRB","City":"Martinsburg","State":"WV","StaType":"Station Building (with waiting room)"}},{"type":"Feature","geometry":{"type":"Point","coordinates":[-112.0476,33.0562]},"properties":{"StationName":"Maricopa, AZ","Code":"MRC","City":"Maricopa","State":"AZ","StaType":"Station Building (with waiting room)"}},{"type":"Feature","geometry":{"type":"Point","coordinates":[-119.96622,37.48575]},"properties":{"StationName":"Mariposa, CA","Code":"MRM","City":"Mariposa","State":"CA","StaType":"Curbside Bus Stop only (no shelter)"}},{"type":"Feature","geometry":{"type":"Point","coordinates":[-119.97423,37.49127]},"properties":{"StationName":"Mariposa, CA","Code":"MRP","City":"Mariposa","State":"CA","StaType":"Curbside Bus Stop only (no shelter)"}},{"type":"Feature","geometry":{"type":"Point","coordinates":[-121.59727,39.14373]},"properties":{"StationName":"Marysville, CA","Code":"MRV","City":"Marysville","State":"CA","StaType":"Station Building (with waiting room)"}},{"type":"Feature","geometry":{"type":"Point","coordinates":[-121.89434,36.59762]},"properties":{"StationName":"Monterey, CA","Code":"MRY","City":"Monterey","State":"CA","StaType":"Curbside Bus Stop only (no shelter)"}},{"type":"Feature","geometry":{"type":"Point","coordinates":[-93.21078,44.88263]},"properties":{"StationName":"St. Paul-Minneapolis, MN","Code":"MSL","City":"St. Paul","State":"MN","StaType":"Curbside Bus Stop only (no shelter)"}},{"type":"Feature","geometry":{"type":"Point","coordinates":[-89.39762,43.07121]},"properties":{"StationName":"Madison, WI","Code":"MSN","City":"Madison","State":"WI","StaType":"Curbside Bus Stop only (no shelter)"}},{"type":"Feature","geometry":{"type":"Point","coordinates":[-93.08536,44.94767]},"properties":{"StationName":"St. Paul-Minneapolis, MN","Code":"MSP","City":"St. Paul","State":"MN","StaType":"Station Building (with waiting room)"}},{"type":"Feature","geometry":{"type":"Point","coordinates":[-77.47258,38.75009]},"properties":{"StationName":"Manassas, VA","Code":"MSS","City":"Manassas","State":"VA","StaType":"Station Building (with waiting room)"}},{"type":"Feature","geometry":{"type":"Point","coordinates":[-87.69877,44.0784]},"properties":{"StationName":"Manitowoc, WI","Code":"MTC","City":"Manitowoc","State":"WI","StaType":"Curbside Bus Stop only (no shelter)"}},{"type":"Feature","geometry":{"type":"Point","coordinates":[-85.39841,44.41057]},"properties":{"StationName":"Manton, MI","Code":"MTO","City":"Manton","State":"MI","StaType":"Curbside Bus Stop only (no shelter)"}},{"type":"Feature","geometry":{"type":"Point","coordinates":[-91.55078,40.97119]},"properties":{"StationName":"Mount Pleasant, IA","Code":"MTP","City":"Mount Pleasant","State":"IA","StaType":"Station Building (with waiting room)"}},{"type":"Feature","geometry":{"type":"Point","coordinates":[-73.56577,45.50018]},"properties":{"StationName":"Montreal, QC","Code":"MTR","City":"Montreal","State":"QC","StaType":"Station Building (with waiting room)"}},{"type":"Feature","geometry":{"type":"Point","coordinates":[-122.1388,38.01893]},"properties":{"StationName":"Martinez, CA","Code":"MTZ","City":"Martinez","State":"CA","StaType":"Station Building (with waiting room)"}},{"type":"Feature","geometry":{"type":"Point","coordinates":[-92.81402,34.36549]},"properties":{"StationName":"Malvern, AR","Code":"MVN","City":"Malvern","State":"AR","StaType":"Platform with Shelter"}},{"type":"Feature","geometry":{"type":"Point","coordinates":[-122.33475,48.41848]},"properties":{"StationName":"Mount Vernon, WA","Code":"MVW","City":"Mount Vernon","State":"WA","StaType":"Station Building (with waiting room)"}},{"type":"Feature","geometry":{"type":"Point","coordinates":[-87.65845,45.07465]},"properties":{"StationName":"Marinette, WI","Code":"MWI","City":"Marinette","State":"WI","StaType":"Curbside Bus Stop only (no shelter)"}},{"type":"Feature","geometry":{"type":"Point","coordinates":[-121.90165,36.61768]},"properties":{"StationName":"Monterey, CA","Code":"MYA","City":"Monterey","State":"CA","StaType":"Curbside Bus Stop only (no shelter)"}},{"type":"Feature","geometry":{"type":"Point","coordinates":[-121.87732,36.59187]},"properties":{"StationName":"Monterey, CA","Code":"MYH","City":"Monterey","State":"CA","StaType":"Curbside Bus Stop only (no shelter)"}},{"type":"Feature","geometry":{"type":"Point","coordinates":[-121.89585,36.59929]},"properties":{"StationName":"Monterey, CA","Code":"MYM","City":"Monterey","State":"CA","StaType":"Curbside Bus Stop only (no shelter)"}},{"type":"Feature","geometry":{"type":"Point","coordinates":[-71.96309,41.35094]},"properties":{"StationName":"Mystic, CT","Code":"MYS","City":"Mystic","State":"CT","StaType":"Station Building (with waiting room)"}},{"type":"Feature","geometry":{"type":"Point","coordinates":[-121.89254,36.59538]},"properties":{"StationName":"Monterey, CA","Code":"MYT","City":"Monterey","State":"CA","StaType":"Curbside Bus Stop only (no shelter)"}},{"type":"Feature","geometry":{"type":"Point","coordinates":[-121.80139,36.65352]},"properties":{"StationName":"Seaside-Marina, CA","Code":"MYU","City":"Seaside-Marina","State":"CA","StaType":"Curbside Bus Stop only (no shelter)"}},{"type":"Feature","geometry":{"type":"Point","coordinates":[-116.52967,43.58826]},"properties":{"StationName":"Nampa, ID","Code":"NAM","City":"Nampa","State":"ID","StaType":"Curbside Bus Stop only (no shelter)"}},{"type":"Feature","geometry":{"type":"Point","coordinates":[-122.28004,38.29762]},"properties":{"StationName":"Napa, CA","Code":"NAP","City":"Napa","State":"CA","StaType":"Curbside Bus Stop only (no shelter)"}},{"type":"Feature","geometry":{"type":"Point","coordinates":[-74.44627,40.49653]},"properties":{"StationName":"New Brunswick, NJ","Code":"NBK","City":"New Brunswick","State":"NJ","StaType":"Station Building (with waiting room)"}},{"type":"Feature","geometry":{"type":"Point","coordinates":[-89.26227,36.11272]},"properties":{"StationName":"Newbern-Dyersburg, TN","Code":"NBN","City":"Newbern","State":"TN","StaType":"Station Building (with waiting room)"}},{"type":"Feature","geometry":{"type":"Point","coordinates":[-77.03695,35.10442]},"properties":{"StationName":"New Bern, NC","Code":"NBR","City":"New Bern","State":"NC","StaType":"Curbside Bus Stop only (no shelter)"}},{"type":"Feature","geometry":{"type":"Point","coordinates":[-86.74579,41.79666]},"properties":{"StationName":"New Buffalo, MI","Code":"NBU","City":"New Buffalo","State":"MI","StaType":"Platform with Shelter"}},{"type":"Feature","geometry":{"type":"Point","coordinates":[-94.67719,31.70384]},"properties":{"StationName":"Nacogdoches, TX","Code":"NCG","City":"Nacogdoches","State":"TX","StaType":"Curbside Bus Stop only (no shelter)"}},{"type":"Feature","geometry":{"type":"Point","coordinates":[-76.8715,38.94811]},"properties":{"StationName":"New Carrollton, MD","Code":"NCR","City":"New Carrollton","State":"MD","StaType":"Station Building (with waiting room)"}},{"type":"Feature","geometry":{"type":"Point","coordinates":[-71.12946,44.05449]},"properties":{"StationName":"North Conway, NH","Code":"NCW","City":"North Conway","State":"NH","StaType":"Station Building (with waiting room)"}},{"type":"Feature","geometry":{"type":"Point","coordinates":[-114.6062,34.84062]},"properties":{"StationName":"Needles, CA","Code":"NDL","City":"Needles","State":"CA","StaType":"Platform only (no shelter)"}},{"type":"Feature","geometry":{"type":"Point","coordinates":[-97.34489,38.04698]},"properties":{"StationName":"Newton, KS","Code":"NEW","City":"Newton","State":"KS","StaType":"Station Building (with waiting room)"}},{"type":"Feature","geometry":{"type":"Point","coordinates":[-76.98243,40.44765]},"properties":{"StationName":"New Buffalo, PA","Code":"NFF","City":"New Buffalo","State":"PA","StaType":"Curbside Bus Stop only (no shelter)"}},{"type":"Feature","geometry":{"type":"Point","coordinates":[-76.2762,36.84352]},"properties":{"StationName":"Norfolk, VA","Code":"NFK","City":"Norfolk","State":"VA","StaType":"Station Building (with waiting room)"}},{"type":"Feature","geometry":{"type":"Point","coordinates":[-79.05528,43.10992]},"properties":{"StationName":"Niagara Falls, NY","Code":"NFL","City":"Niagara Falls","State":"NY","StaType":"Station Building (with waiting room)"}},{"type":"Feature","geometry":{"type":"Point","coordinates":[-79.06329,43.10874]},"properties":{"StationName":"Niagara Falls, ON","Code":"NFS","City":"Niagara Falls","State":"ON","StaType":"Station Building (with waiting room)"}},{"type":"Feature","geometry":{"type":"Point","coordinates":[-118.52735,34.37946]},"properties":{"StationName":"Santa Clarita-Newhall, CA","Code":"NHL","City":"Santa Clarita","State":"CA","StaType":"Platform with Shelter"}},{"type":"Feature","geometry":{"type":"Point","coordinates":[-72.62638,42.31887]},"properties":{"StationName":"Northampton, MA","Code":"NHT","City":"Northampton","State":"MA","StaType":"Platform with Shelter"}},{"type":"Feature","geometry":{"type":"Point","coordinates":[-72.92667,41.29772]},"properties":{"StationName":"New Haven, CT","Code":"NHV","City":"New Haven","State":"CT","StaType":"Station Building (with waiting room)"}},{"type":"Feature","geometry":{"type":"Point","coordinates":[-91.82382,30.00842]},"properties":{"StationName":"New Iberia, LA","Code":"NIB","City":"New Iberia","State":"LA","StaType":"Platform only (no shelter)"}},{"type":"Feature","geometry":{"type":"Point","coordinates":[-72.09323,41.35428]},"properties":{"StationName":"New London, CT","Code":"NLC","City":"New London","State":"CT","StaType":"Station Building (with waiting room)"}},{"type":"Feature","geometry":{"type":"Point","coordinates":[-86.25238,41.83742]},"properties":{"StationName":"Niles, MI","Code":"NLS","City":"Niles","State":"MI","StaType":"Station Building (with waiting room)"}},{"type":"Feature","geometry":{"type":"Point","coordinates":[-90.0783,29.94609]},"properties":{"StationName":"New Orleans, LA","Code":"NOL","City":"New Orleans","State":"LA","StaType":"Station Building (with waiting room)"}},{"type":"Feature","geometry":{"type":"Point","coordinates":[-97.44302,35.21997]},"properties":{"StationName":"Norman, OK","Code":"NOR","City":"Norman","State":"OK","StaType":"Platform only (no shelter)"}},{"type":"Feature","geometry":{"type":"Point","coordinates":[-123.00104,45.5977]},"properties":{"StationName":"North Plains, OR","Code":"NPL","City":"North Plains","State":"OR","StaType":"Curbside Bus Stop only (no shelter)"}},{"type":"Feature","geometry":{"type":"Point","coordinates":[-76.51703,37.12233]},"properties":{"StationName":"Newport News, VA","Code":"NPN","City":"Newport News","State":"VA","StaType":"Station Building (with waiting room)"}},{"type":"Feature","geometry":{"type":"Point","coordinates":[-124.0545,44.6352]},"properties":{"StationName":"Newport, OR","Code":"NPO","City":"Newport","State":"OR","StaType":"Station Building (with waiting room)"}},{"type":"Feature","geometry":{"type":"Point","coordinates":[-88.1455,41.77952]},"properties":{"StationName":"Naperville, IL","Code":"NPV","City":"Naperville","State":"IL","StaType":"Station Building (with waiting room)"}},{"type":"Feature","geometry":{"type":"Point","coordinates":[-118.54543,34.23066]},"properties":{"StationName":"Northridge, CA","Code":"NRG","City":"Los Angeles","State":"CA","StaType":"Station Building (with waiting room)"}},{"type":"Feature","geometry":{"type":"Point","coordinates":[-75.75351,39.66969]},"properties":{"StationName":"Newark, DE","Code":"NRK","City":"Newark","State":"DE","StaType":"Platform with Shelter"}},{"type":"Feature","geometry":{"type":"Point","coordinates":[-73.78433,40.91146]},"properties":{"StationName":"New Rochelle, NY","Code":"NRO","City":"New Rochelle","State":"NY","StaType":"Station Building (with waiting room)"}},{"type":"Feature","geometry":{"type":"Point","coordinates":[-78.70629,35.79421]},"properties":{"StationName":"North Carolina State Fair, NC","Code":"NSF","City":"Raleigh","State":"NC","StaType":"Platform only (no shelter)"}},{"type":"Feature","geometry":{"type":"Point","coordinates":[-71.50387,42.79073]},"properties":{"StationName":"Nashua, NH","Code":"NSH","City":"Nashua","State":"NH","StaType":"Curbside Bus Stop only (no shelter)"}},{"type":"Feature","geometry":{"type":"Point","coordinates":[-86.77306,36.15207]},"properties":{"StationName":"Nashville, TN","Code":"NVL","City":"Nashville","State":"TN","StaType":"Station Building (with waiting room)"}},{"type":"Feature","geometry":{"type":"Point","coordinates":[-74.16475,40.73471]},"properties":{"StationName":"Newark, NJ","Code":"NWK","City":"Newark","State":"NJ","StaType":"Station Building (with waiting room)"}},{"type":"Feature","geometry":{"type":"Point","coordinates":[-71.31712,41.48866]},"properties":{"StationName":"Newport, RI","Code":"NWP","City":"Newport","State":"RI","StaType":"Station Building (with waiting room)"}},{"type":"Feature","geometry":{"type":"Point","coordinates":[-76.22948,43.07193]},"properties":{"StationName":"New York State Fair, NY","Code":"NYF","City":"Syracuse","State":"NY","StaType":"Platform with Shelter"}},{"type":"Feature","geometry":{"type":"Point","coordinates":[-73.99633,40.75105]},"properties":{"StationName":"New York, NY","Code":"NYP","City":"New York","State":"NY","StaType":"Station Building (with waiting room)"}},{"type":"Feature","geometry":{"type":"Point","coordinates":[-122.19816,37.7525]},"properties":{"StationName":"Oakland, CA","Code":"OAC","City":"Oakland","State":"CA","StaType":"Platform with Shelter"}},{"type":"Feature","geometry":{"type":"Point","coordinates":[-119.64629,37.33533]},"properties":{"StationName":"Oakhurst, CA","Code":"OAH","City":"Oakhurst","State":"CA","StaType":"Curbside Bus Stop only (no shelter)"}},{"type":"Feature","geometry":{"type":"Point","coordinates":[-123.7037,42.06688]},"properties":{"StationName":"O'Brien, CA","Code":"OBR","City":"O'Brien","State":"OR","StaType":"Curbside Bus Stop only (no shelter)"}},{"type":"Feature","geometry":{"type":"Point","coordinates":[-82.13529,29.19224]},"properties":{"StationName":"Ocala, FL","Code":"OCA","City":"Ocala","State":"FL","StaType":"Curbside Bus Stop only (no shelter)"}},{"type":"Feature","geometry":{"type":"Point","coordinates":[-75.10291,38.33487]},"properties":{"StationName":"Ocean City, MD","Code":"OCM","City":"Ocean City","State":"MD","StaType":"Station Building (with waiting room)"}},{"type":"Feature","geometry":{"type":"Point","coordinates":[-87.88716,44.87939]},"properties":{"StationName":"Oconto, WI","Code":"OCO","City":"Oconto","State":"WI","StaType":"Curbside Bus Stop only (no shelter)"}},{"type":"Feature","geometry":{"type":"Point","coordinates":[-75.16415,38.37622]},"properties":{"StationName":"Ocean Pines-Berlin, MD","Code":"OCP","City":"Berlin","State":"MD","StaType":"Curbside Bus Stop only (no shelter)"}},{"type":"Feature","geometry":{"type":"Point","coordinates":[-111.97904,41.22313]},"properties":{"StationName":"Ogden, UT","Code":"OGD","City":"Ogden","State":"UT","StaType":"Station Building (with waiting room)"}},{"type":"Feature","geometry":{"type":"Point","coordinates":[-97.51276,35.4655]},"properties":{"StationName":"Oklahoma City, OK","Code":"OKC","City":"Oklahoma City","State":"OK","StaType":"Station Building (with waiting room)"}},{"type":"Feature","geometry":{"type":"Point","coordinates":[-80.83081,27.25187]},"properties":{"StationName":"Okeechobee, FL","Code":"OKE","City":"Okeechobee","State":"FL","StaType":"Platform with Shelter"}},{"type":"Feature","geometry":{"type":"Point","coordinates":[-122.27168,37.79387]},"properties":{"StationName":"Oakland, CA","Code":"OKJ","City":"Oakland","State":"CA","StaType":"Station Building (with waiting room)"}},{"type":"Feature","geometry":{"type":"Point","coordinates":[-79.6824,43.4554]},"properties":{"StationName":"Oakville, ON","Code":"OKL","City":"Oakville","State":"ON","StaType":"Station Building (with waiting room)"}},{"type":"Feature","geometry":{"type":"Point","coordinates":[-122.46725,43.74501]},"properties":{"StationName":"Oakridge, OR","Code":"OKR","City":"Oakridge","State":"OR","StaType":"Platform only (no shelter)"}},{"type":"Feature","geometry":{"type":"Point","coordinates":[-122.20243,39.74876]},"properties":{"StationName":"Orland, CA","Code":"OLD","City":"Orland","State":"CA","StaType":"Curbside Bus Stop only (no shelter)"}},{"type":"Feature","geometry":{"type":"Point","coordinates":[-117.20008,32.75527]},"properties":{"StationName":"San Diego, CA","Code":"OLT","City":"San Diego","State":"CA","StaType":"Platform only (no shelter)"}},{"type":"Feature","geometry":{"type":"Point","coordinates":[-122.79407,46.99128]},"properties":{"StationName":"Olympia-Lacey, WA","Code":"OLW","City":"Lacey","State":"WA","StaType":"Station Building (with waiting room)"}},{"type":"Feature","geometry":{"type":"Point","coordinates":[-95.92721,41.2497]},"properties":{"StationName":"Omaha, NE","Code":"OMA","City":"Omaha","State":"NE","StaType":"Station Building (with waiting room)"}},{"type":"Feature","geometry":{"type":"Point","coordinates":[-117.64958,34.06168]},"properties":{"StationName":"Ontario, CA","Code":"ONA","City":"Ontario","State":"CA","StaType":"Platform only (no shelter)"}},{"type":"Feature","geometry":{"type":"Point","coordinates":[-116.95134,44.02408]},"properties":{"StationName":"Ontario, OR","Code":"ONT","City":"Ontario","State":"OR","StaType":"Station Building (with waiting room)"}},{"type":"Feature","geometry":{"type":"Point","coordinates":[-70.37623,43.51433]},"properties":{"StationName":"Old Orchard Beach, ME","Code":"ORB","City":"Old Orchard Beach","State":"ME","StaType":"Platform only (no shelter)"}},{"type":"Feature","geometry":{"type":"Point","coordinates":[-122.59594,45.36615]},"properties":{"StationName":"Oregon City, OR","Code":"ORC","City":"Oregon City","State":"OR","StaType":"Platform with Shelter"}},{"type":"Feature","geometry":{"type":"Point","coordinates":[-81.38152,28.52593]},"properties":{"StationName":"Orlando, FL","Code":"ORL","City":"Orlando","State":"FL","StaType":"Station Building (with waiting room)"}},{"type":"Feature","geometry":{"type":"Point","coordinates":[-68.67001,44.90329]},"properties":{"StationName":"Orono, ME","Code":"ORO","City":"Orono","State":"ME","StaType":"Curbside Bus Stop only (no shelter)"}},{"type":"Feature","geometry":{"type":"Point","coordinates":[-121.57221,39.4968]},"properties":{"StationName":"Oroville, CA","Code":"ORV","City":"Oroville","State":"CA","StaType":"Curbside Bus Stop only (no shelter)"}},{"type":"Feature","geometry":{"type":"Point","coordinates":[-72.37682,41.3004]},"properties":{"StationName":"Old Saybrook, CT","Code":"OSB","City":"Old Saybrook","State":"CT","StaType":"Station Building (with waiting room)"}},{"type":"Feature","geometry":{"type":"Point","coordinates":[-93.7649,41.03712]},"properties":{"StationName":"Osceola, IA","Code":"OSC","City":"Osceola","State":"IA","StaType":"Station Building (with waiting room)"}},{"type":"Feature","geometry":{"type":"Point","coordinates":[-117.37944,33.19252]},"properties":{"StationName":"Oceanside, CA","Code":"OSD","City":"Oceanside","State":"CA","StaType":"Station Building (with waiting room)"}},{"type":"Feature","geometry":{"type":"Point","coordinates":[-88.55124,43.99431]},"properties":{"StationName":"Oshkosh, WI","Code":"OSH","City":"Oshkosh","State":"WI","StaType":"Curbside Bus Stop only (no shelter)"}},{"type":"Feature","geometry":{"type":"Point","coordinates":[-88.54891,44.02276]},"properties":{"StationName":"Oshkosh, WI","Code":"OSU","City":"Oshkosh","State":"WI","StaType":"Curbside Bus Stop only (no shelter)"}},{"type":"Feature","geometry":{"type":"Point","coordinates":[-123.88086,45.01022]},"properties":{"StationName":"Otis, OR - Eastbound","Code":"OTE","City":"Otis","State":"OR","StaType":"Curbside Bus Stop only (no shelter)"}},{"type":"Feature","geometry":{"type":"Point","coordinates":[-92.41494,41.01882]},"properties":{"StationName":"Ottumwa, IA","Code":"OTM","City":"Ottumwa","State":"IA","StaType":"Station Building (with waiting room)"}},{"type":"Feature","geometry":{"type":"Point","coordinates":[-123.8813,45.01017]},"properties":{"StationName":"Otis, OR - Westbound","Code":"OTW","City":"Otis","State":"OR","StaType":"Curbside Bus Stop only (no shelter)"}},{"type":"Feature","geometry":{"type":"Point","coordinates":[-84.17009,42.99664]},"properties":{"StationName":"Owosso, MI","Code":"OWO","City":"Owosso","State":"MI","StaType":"Station Building (with waiting room)"}},{"type":"Feature","geometry":{"type":"Point","coordinates":[-119.17599,34.19925]},"properties":{"StationName":"Oxnard, CA","Code":"OXN","City":"Oxnard","State":"CA","StaType":"Station Building (with waiting room)"}},{"type":"Feature","geometry":{"type":"Point","coordinates":[-88.57582,37.05692]},"properties":{"StationName":"Paducah, KY","Code":"PAD","City":"Paducah","State":"KY","StaType":"Station Building (with waiting room)"}},{"type":"Feature","geometry":{"type":"Point","coordinates":[-88.55955,30.36785]},"properties":{"StationName":"Pascagoula, MS","Code":"PAG","City":"Pascagoula","State":"MS","StaType":"Platform only (no shelter)"}},{"type":"Feature","geometry":{"type":"Point","coordinates":[-81.64047,29.64974]},"properties":{"StationName":"Palatka, FL","Code":"PAK","City":"Palatka","State":"FL","StaType":"Platform with Shelter"}},{"type":"Feature","geometry":{"type":"Point","coordinates":[-75.48376,40.04276]},"properties":{"StationName":"Paoli, PA","Code":"PAO","City":"Paoli","State":"PA","StaType":"Station Building (with waiting room)"}},{"type":"Feature","geometry":{"type":"Point","coordinates":[-75.92213,39.95919]},"properties":{"StationName":"Parkesburg, PA","Code":"PAR","City":"Parkesburg","State":"PA","StaType":"Platform with Shelter"}},{"type":"Feature","geometry":{"type":"Point","coordinates":[-118.14131,34.14308]},"properties":{"StationName":"Pasadena, CA","Code":"PAS","City":"Pasadena","State":"CA","StaType":"Curbside Bus Stop only (no shelter)"}},{"type":"Feature","geometry":{"type":"Point","coordinates":[-90.39335,36.754]},"properties":{"StationName":"Poplar Bluff, MO","Code":"PBF","City":"Poplar Bluff","State":"MO","StaType":"Station Building (with waiting room)"}},{"type":"Feature","geometry":{"type":"Point","coordinates":[-82.05061,27.01685]},"properties":{"StationName":"Port Charlotte, FL","Code":"PCH","City":"Port Charlotte","State":"FL","StaType":"Curbside Bus Stop only (no shelter)"}},{"type":"Feature","geometry":{"type":"Point","coordinates":[-89.46682,41.3852]},"properties":{"StationName":"Princeton, IL","Code":"PCT","City":"Princeton","State":"IL","StaType":"Station Building (with waiting room)"}},{"type":"Feature","geometry":{"type":"Point","coordinates":[-120.78943,38.73303]},"properties":{"StationName":"Placerville, CA","Code":"PCV","City":"Placerville","State":"CA","StaType":"Curbside Bus Stop only (no shelter)"}},{"type":"Feature","geometry":{"type":"Point","coordinates":[-122.59254,45.58824]},"properties":{"StationName":"Portland, OR","Code":"PDA","City":"Portland","State":"OR","StaType":"Curbside Bus Stop only (no shelter)"}},{"type":"Feature","geometry":{"type":"Point","coordinates":[-116.39853,33.72572]},"properties":{"StationName":"Palm Desert, CA","Code":"PDC","City":"Palm Desert","State":"CA","StaType":"Curbside Bus Stop only (no shelter)"}},{"type":"Feature","geometry":{"type":"Point","coordinates":[-121.67138,36.78952]},"properties":{"StationName":"Prunedale, CA","Code":"PDL","City":"Prunedale","State":"CA","StaType":"Curbside Bus Stop only (no shelter)"}},{"type":"Feature","geometry":{"type":"Point","coordinates":[-122.67682,45.52873]},"properties":{"StationName":"Portland, OR","Code":"PDX","City":"Portland","State":"OR","StaType":"Station Building (with waiting room)"}},{"type":"Feature","geometry":{"type":"Point","coordinates":[-118.76319,45.6733]},"properties":{"StationName":"Pendleton, OR","Code":"PEN","City":"Pendleton","State":"OR","StaType":"Station Building (with waiting room)"}},{"type":"Feature","geometry":{"type":"Point","coordinates":[-79.99342,40.44439]},"properties":{"StationName":"Pittsburgh, PA","Code":"PGB","City":"Pittsburgh","State":"PA","StaType":"Station Building (with waiting room)"}},{"type":"Feature","geometry":{"type":"Point","coordinates":[-79.99231,40.44475]},"properties":{"StationName":"Pittsburgh, PA","Code":"PGH","City":"Pittsburgh","State":"PA","StaType":"Station Building (with waiting room)"}},{"type":"Feature","geometry":{"type":"Point","coordinates":[-112.01306,33.4364]},"properties":{"StationName":"Phoenix, AZ","Code":"PHA","City":"Phoenix","State":"AZ","StaType":"Station Building (with waiting room)"}},{"type":"Feature","geometry":{"type":"Point","coordinates":[-112.03563,33.4364]},"properties":{"StationName":"Phoenix, AZ","Code":"PHG","City":"Phoenix","State":"AZ","StaType":"Station Building (with waiting room)"}},{"type":"Feature","geometry":{"type":"Point","coordinates":[-75.18104,39.95562]},"properties":{"StationName":"Philadelphia, PA","Code":"PHL","City":"Philadelphia","State":"PA","StaType":"Station Building (with waiting room)"}},{"type":"Feature","geometry":{"type":"Point","coordinates":[-75.15512,39.99679]},"properties":{"StationName":"North Philadelphia, PA","Code":"PHN","City":"Philadelphia","State":"PA","StaType":"Station Building (with waiting room)"}},{"type":"Feature","geometry":{"type":"Point","coordinates":[-89.59365,40.68937]},"properties":{"StationName":"Peoria, IL","Code":"PIA","City":"Peoria","State":"IL","StaType":"Station Building (with waiting room)"}},{"type":"Feature","geometry":{"type":"Point","coordinates":[-89.68027,30.52461]},"properties":{"StationName":"Picayune, MS","Code":"PIC","City":"Picayune","State":"MS","StaType":"Station Building (with waiting room)"}},{"type":"Feature","geometry":{"type":"Point","coordinates":[-79.46966,35.18829]},"properties":{"StationName":"Pinehurst, NC","Code":"PIH","City":"Pinehurst","State":"NC","StaType":"Platform only (no shelter)"}},{"type":"Feature","geometry":{"type":"Point","coordinates":[-73.2538,42.45157]},"properties":{"StationName":"Pittsfield, MA","Code":"PIT","City":"Pittsfield","State":"MA","StaType":"Station Building (with waiting room)"}},{"type":"Feature","geometry":{"type":"Point","coordinates":[-89.61483,40.69938]},"properties":{"StationName":"Peoria, IL","Code":"PIU","City":"Peoria","State":"IL","StaType":"Curbside Bus Stop only (no shelter)"}},{"type":"Feature","geometry":{"type":"Point","coordinates":[-74.62398,40.31586]},"properties":{"StationName":"Princeton Junction, NJ","Code":"PJC","City":"Princeton Junction","State":"NJ","StaType":"Station Building (with waiting room)"}},{"type":"Feature","geometry":{"type":"Point","coordinates":[-105.39698,39.46732]},"properties":{"StationName":"Pine Junction, CO","Code":"PJT","City":"Pine","State":"CO","StaType":"Curbside Bus Stop only (no shelter)"}},{"type":"Feature","geometry":{"type":"Point","coordinates":[-73.44629,44.69674]},"properties":{"StationName":"Plattsburgh, NY","Code":"PLB","City":"Plattsburgh","State":"NY","StaType":"Station Building (with waiting room)"}},{"type":"Feature","geometry":{"type":"Point","coordinates":[-76.11276,43.554]},"properties":{"StationName":"Pulaski, NY","Code":"PLK","City":"Pulaski","State":"NY","StaType":"Curbside Bus Stop only (no shelter)"}},{"type":"Feature","geometry":{"type":"Point","coordinates":[-88.53828,41.66239]},"properties":{"StationName":"Plano, IL","Code":"PLO","City":"Plano","State":"IL","StaType":"Station Building (with waiting room)"}},{"type":"Feature","geometry":{"type":"Point","coordinates":[-78.22304,40.90101]},"properties":{"StationName":"Philipsburg, PA","Code":"PLP","City":"Philipsburg","State":"PA","StaType":"Curbside Bus Stop only (no shelter)"}},{"type":"Feature","geometry":{"type":"Point","coordinates":[-121.88265,37.65816]},"properties":{"StationName":"Pleasanton, CA","Code":"PLS","City":"Pleasanton","State":"CA","StaType":"Platform with Shelter"}},{"type":"Feature","geometry":{"type":"Point","coordinates":[-118.12075,34.59124]},"properties":{"StationName":"Palmdale, CA","Code":"PMD","City":"Palmdale","State":"CA","StaType":"Curbside Bus Stop only (no shelter)"}},{"type":"Feature","geometry":{"type":"Point","coordinates":[-75.06202,39.97806]},"properties":{"StationName":"Pennsauken, NJ","Code":"PNK","City":"Pennsauken","State":"NJ","StaType":"Platform with Shelter"}},{"type":"Feature","geometry":{"type":"Point","coordinates":[-83.29233,42.63278]},"properties":{"StationName":"Pontiac, MI","Code":"PNT","City":"Pontiac","State":"MI","StaType":"Station Building (with waiting room)"}},{"type":"Feature","geometry":{"type":"Point","coordinates":[-89.46763,43.54709]},"properties":{"StationName":"Portage, WI","Code":"POG","City":"Portage","State":"WI","StaType":"Platform with Shelter"}},{"type":"Feature","geometry":{"type":"Point","coordinates":[-73.45875,44.04231]},"properties":{"StationName":"Port Henry, NY","Code":"POH","City":"Port Henry","State":"NY","StaType":"Station Building (with waiting room)"}},{"type":"Feature","geometry":{"type":"Point","coordinates":[-88.6372,40.87869]},"properties":{"StationName":"Pontiac, IL","Code":"PON","City":"Pontiac","State":"IL","StaType":"Station Building (with waiting room)"}},{"type":"Feature","geometry":{"type":"Point","coordinates":[-70.29126,43.65411]},"properties":{"StationName":"Portland, ME","Code":"POR","City":"Portland","State":"ME","StaType":"Station Building (with waiting room)"}},{"type":"Feature","geometry":{"type":"Point","coordinates":[-117.75063,34.05923]},"properties":{"StationName":"Pomona, CA","Code":"POS","City":"Pomona","State":"CA","StaType":"Platform only (no shelter)"}},{"type":"Feature","geometry":{"type":"Point","coordinates":[-73.93749,41.70706]},"properties":{"StationName":"Poughkeepsie, NY","Code":"POU","City":"Poughkeepsie","State":"NY","StaType":"Station Building (with waiting room)"}},{"type":"Feature","geometry":{"type":"Point","coordinates":[-120.68787,35.62269]},"properties":{"StationName":"Paso Robles, CA","Code":"PRB","City":"Paso Robles","State":"CA","StaType":"Platform only (no shelter)"}},{"type":"Feature","geometry":{"type":"Point","coordinates":[-81.0607,37.8566]},"properties":{"StationName":"Prince, WV","Code":"PRC","City":"Prince","State":"WV","StaType":"Station Building (with waiting room)"}},{"type":"Feature","geometry":{"type":"Point","coordinates":[-76.87782,40.69356]},"properties":{"StationName":"Port Trevorton, PA","Code":"PRE","City":"Port Trevorton","State":"PA","StaType":"Curbside Bus Stop only (no shelter)"}},{"type":"Feature","geometry":{"type":"Point","coordinates":[-117.22945,33.78468]},"properties":{"StationName":"Perris, CA","Code":"PRI","City":"Perris","State":"CA","StaType":"Curbside Bus Stop only (no shelter)"}},{"type":"Feature","geometry":{"type":"Point","coordinates":[-73.40354,44.52409]},"properties":{"StationName":"Port Kent, NY","Code":"PRK","City":"Port Kent","State":"NY","StaType":"Platform only (no shelter)"}},{"type":"Feature","geometry":{"type":"Point","coordinates":[-111.66401,40.22596]},"properties":{"StationName":"Provo, UT","Code":"PRO","City":"Provo","State":"UT","StaType":"Platform with Shelter"}},{"type":"Feature","geometry":{"type":"Point","coordinates":[-119.08774,46.23702]},"properties":{"StationName":"Pasco, WA","Code":"PSC","City":"Pasco","State":"WA","StaType":"Station Building (with waiting room)"}},{"type":"Feature","geometry":{"type":"Point","coordinates":[-84.97137,45.35026]},"properties":{"StationName":"Petoskey, MI","Code":"PSK","City":"Petsoskey","State":"MI","StaType":"Curbside Bus Stop only (no shelter)"}},{"type":"Feature","geometry":{"type":"Point","coordinates":[-116.54792,33.8975]},"properties":{"StationName":"Palm Springs, CA","Code":"PSN","City":"Palm Springs","State":"CA","StaType":"Platform with Shelter"}},{"type":"Feature","geometry":{"type":"Point","coordinates":[-116.50895,33.82401]},"properties":{"StationName":"Palm Springs, CA","Code":"PSP","City":"Palm Springs","State":"CA","StaType":"Curbside Bus Stop only (no shelter)"}},{"type":"Feature","geometry":{"type":"Point","coordinates":[-116.54545,33.82465]},"properties":{"StationName":"Palm Springs, CA","Code":"PSS","City":"Palm Springs","State":"CA","StaType":"Curbside Bus Stop only (no shelter)"}},{"type":"Feature","geometry":{"type":"Point","coordinates":[-84.78377,45.55064]},"properties":{"StationName":"Pellston, MI","Code":"PST","City":"Pellston","State":"MI","StaType":"Curbside Bus Stop only (no shelter)"}},{"type":"Feature","geometry":{"type":"Point","coordinates":[-123.43154,48.11979]},"properties":{"StationName":"Port Angeles, WA","Code":"PTA","City":"Port Angeles","State":"WA","StaType":"Curbside Bus Stop only (no shelter)"}},{"type":"Feature","geometry":{"type":"Point","coordinates":[-77.4288,37.24163]},"properties":{"StationName":"Petersburg, VA","Code":"PTB","City":"Petersburg","State":"VA","StaType":"Station Building (with waiting room)"}},{"type":"Feature","geometry":{"type":"Point","coordinates":[-122.63581,38.2365]},"properties":{"StationName":"Petaluma, CA","Code":"PTC","City":"Petaluma","State":"CA","StaType":"Curbside Bus Stop only (no shelter)"}},{"type":"Feature","geometry":{"type":"Point","coordinates":[-74.98548,44.66863]},"properties":{"StationName":"Potsdam, NY","Code":"PTD","City":"Potsdam","State":"NY","StaType":"Curbside Bus Stop only (no shelter)"}},{"type":"Feature","geometry":{"type":"Point","coordinates":[-82.44381,42.96043]},"properties":{"StationName":"Port Huron, MI","Code":"PTH","City":"Port Huron","State":"MI","StaType":"Station Building (with waiting room)"}},{"type":"Feature","geometry":{"type":"Point","coordinates":[-122.81845,48.0495]},"properties":{"StationName":"Port Townsend, WA","Code":"PTO","City":"Port Townsend","State":"WA","StaType":"Curbside Bus Stop only (no shelter)"}},{"type":"Feature","geometry":{"type":"Point","coordinates":[-70.80409,43.05969]},"properties":{"StationName":"Portsmouth, NH","Code":"PTS","City":"Portsmouth","State":"NH","StaType":"Station Building (with waiting room)"}},{"type":"Feature","geometry":{"type":"Point","coordinates":[-75.00135,44.66419]},"properties":{"StationName":"Potsdam, NY","Code":"PTU","City":"Potsdam","State":"NY","StaType":"Curbside Bus Stop only (no shelter)"}},{"type":"Feature","geometry":{"type":"Point","coordinates":[-117.15086,46.73873]},"properties":{"StationName":"Pullman, WA","Code":"PUL","City":"Pullman","State":"WA","StaType":"Curbside Bus Stop only (no shelter)"}},{"type":"Feature","geometry":{"type":"Point","coordinates":[-78.97158,40.94466]},"properties":{"StationName":"Punxsutawney, PA","Code":"PUN","City":"Punxsutawney","State":"PA","StaType":"Station Building (with waiting room)"}},{"type":"Feature","geometry":{"type":"Point","coordinates":[-97.35742,35.01204]},"properties":{"StationName":"Purcell, OK","Code":"PUR","City":"Purcell","State":"OK","StaType":"Station Building (with waiting room)"}},{"type":"Feature","geometry":{"type":"Point","coordinates":[-71.41348,41.8295]},"properties":{"StationName":"Providence, RI","Code":"PVD","City":"Providence","State":"RI","StaType":"Station Building (with waiting room)"}},{"type":"Feature","geometry":{"type":"Point","coordinates":[-71.39797,41.81629]},"properties":{"StationName":"Providence, RI","Code":"PVF","City":"Providence","State":"RI","StaType":"Station Building (with waiting room)"}},{"type":"Feature","geometry":{"type":"Point","coordinates":[-97.21847,34.74174]},"properties":{"StationName":"Pauls Valley, OK","Code":"PVL","City":"Pauls Valley","State":"OK","StaType":"Station Building (with waiting room)"}},{"type":"Feature","geometry":{"type":"Point","coordinates":[-75.65085,40.2444]},"properties":{"StationName":"Pottstown, PA","Code":"PWN","City":"Pottstown","State":"PA","StaType":"Platform with Shelter"}},{"type":"Feature","geometry":{"type":"Point","coordinates":[-112.11498,33.68351]},"properties":{"StationName":"Phoenix - North, AZ","Code":"PXN","City":"Phoenix","State":"AZ","StaType":"Curbside Bus Stop only (no shelter)"}},{"type":"Feature","geometry":{"type":"Point","coordinates":[-77.29303,38.52189]},"properties":{"StationName":"Quantico, VA","Code":"QAN","City":"Quantico","State":"VA","StaType":"Platform with Shelter"}},{"type":"Feature","geometry":{"type":"Point","coordinates":[-91.36853,39.95707]},"properties":{"StationName":"Quincy, IL","Code":"QCY","City":"Quincy","State":"IL","StaType":"Station Building (with waiting room)"}},{"type":"Feature","geometry":{"type":"Point","coordinates":[-119.85548,47.23331]},"properties":{"StationName":"Quincy, WA","Code":"QUC","City":"Quincy","State":"WA","StaType":"Curbside Bus Stop only (no shelter)"}},{"type":"Feature","geometry":{"type":"Point","coordinates":[-104.4379,36.90108]},"properties":{"StationName":"Raton, NM","Code":"RAT","City":"Raton","State":"NM","StaType":"Station Building (with waiting room)"}},{"type":"Feature","geometry":{"type":"Point","coordinates":[-123.1099,49.18724]},"properties":{"StationName":"Richmond, BC","Code":"RBC","City":"Richmond","State":"BC","StaType":"Curbside Bus Stop only (no shelter)"}},{"type":"Feature","geometry":{"type":"Point","coordinates":[-122.2346,40.17849]},"properties":{"StationName":"Red Bluff, CA","Code":"RBF","City":"Red Bluff","State":"CA","StaType":"Curbside Bus Stop only (no shelter)"}},{"type":"Feature","geometry":{"type":"Point","coordinates":[-88.96628,42.26886]},"properties":{"StationName":"Rockford, IL","Code":"RCK","City":"Rockford","State":"IL","StaType":"Station Building (with waiting room)"}},{"type":"Feature","geometry":{"type":"Point","coordinates":[-122.39338,40.5836]},"properties":{"StationName":"Redding, CA","Code":"RDD","City":"Redding","State":"CA","StaType":"Platform with Shelter"}},{"type":"Feature","geometry":{"type":"Point","coordinates":[-75.92305,40.3338]},"properties":{"StationName":"Reading, PA","Code":"RDI","City":"Reading","State":"PA","StaType":"Station Building (with waiting room)"}},{"type":"Feature","geometry":{"type":"Point","coordinates":[-121.16074,44.25327]},"properties":{"StationName":"Redmond, OR","Code":"RDM","City":"Redmond","State":"OR","StaType":"Curbside Bus Stop only (no shelter)"}},{"type":"Feature","geometry":{"type":"Point","coordinates":[-121.17675,44.26651]},"properties":{"StationName":"Redmond, OR","Code":"RDT","City":"Redmond","State":"OR","StaType":"Curbside Bus Stop only (no shelter)"}},{"type":"Feature","geometry":{"type":"Point","coordinates":[-92.53707,44.56622]},"properties":{"StationName":"Red Wing, MN","Code":"RDW","City":"Red Wing","State":"MN","StaType":"Station Building (with waiting room)"}},{"type":"Feature","geometry":{"type":"Point","coordinates":[-85.52181,43.88685]},"properties":{"StationName":"Reed City, MI","Code":"REE","City":"Reed City","State":"MI","StaType":"Curbside Bus Stop only (no shelter)"}},{"type":"Feature","geometry":{"type":"Point","coordinates":[-87.15513,40.94329]},"properties":{"StationName":"Rensselaer, IN","Code":"REN","City":"Rensselaer","State":"IN","StaType":"Platform with Shelter"}},{"type":"Feature","geometry":{"type":"Point","coordinates":[-78.64779,35.77722]},"properties":{"StationName":"Raleigh, NC","Code":"RGH","City":"Raleigh","State":"NC","StaType":"Station Building (with waiting room)"}},{"type":"Feature","geometry":{"type":"Point","coordinates":[-73.95128,41.92135]},"properties":{"StationName":"Rhinecliff, NY","Code":"RHI","City":"Rhinecliff","State":"NY","StaType":"Station Building (with waiting room)"}},{"type":"Feature","geometry":{"type":"Point","coordinates":[-122.35414,37.93676]},"properties":{"StationName":"Richmond, CA","Code":"RIC","City":"Richmond","State":"CA","StaType":"Platform with Shelter"}},{"type":"Feature","geometry":{"type":"Point","coordinates":[-119.50383,43.54187]},"properties":{"StationName":"Riley, OR","Code":"RIL","City":"Riley","State":"OR","StaType":"Curbside Bus Stop only (no shelter)"}},{"type":"Feature","geometry":{"type":"Point","coordinates":[-117.37,33.97567]},"properties":{"StationName":"Riverside, CA","Code":"RIV","City":"Riverside","State":"CA","StaType":"Platform with Shelter"}},{"type":"Feature","geometry":{"type":"Point","coordinates":[-85.60188,43.11656]},"properties":{"StationName":"Rockford, MI","Code":"RKF","City":"Rockford","State":"MI","StaType":"Curbside Bus Stop only (no shelter)"}},{"type":"Feature","geometry":{"type":"Point","coordinates":[-79.60607,34.96856]},"properties":{"StationName":"Rockingham, NC","Code":"RKH","City":"Rockingham","State":"NC","StaType":"Platform only (no shelter)"}},{"type":"Feature","geometry":{"type":"Point","coordinates":[-90.5504,41.50623]},"properties":{"StationName":"Rock Island, IL","Code":"RKI","City":"Rock Island","State":"IL","StaType":"Curbside Bus Stop only (no shelter)"}},{"type":"Feature","geometry":{"type":"Point","coordinates":[-77.146,39.08455]},"properties":{"StationName":"Rockville, MD","Code":"RKV","City":"Rockville","State":"MD","StaType":"Platform with Shelter"}},{"type":"Feature","geometry":{"type":"Point","coordinates":[-121.23731,38.79101]},"properties":{"StationName":"Rocklin, CA","Code":"RLN","City":"Rocklin","State":"CA","StaType":"Station Building (with waiting room)"}},{"type":"Feature","geometry":{"type":"Point","coordinates":[-92.47476,44.02857]},"properties":{"StationName":"Rochester, MN","Code":"RMN","City":"Rochester","State":"MN","StaType":"Station Building (with waiting room)"}},{"type":"Feature","geometry":{"type":"Point","coordinates":[-77.79786,35.93801]},"properties":{"StationName":"Rocky Mount, NC","Code":"RMT","City":"Rocky Mount","State":"NC","StaType":"Station Building (with waiting room)"}},{"type":"Feature","geometry":{"type":"Point","coordinates":[-79.9418,37.27319]},"properties":{"StationName":"Roanoke, VA","Code":"RNK","City":"Roanoke","State":"VA","StaType":"Platform with Shelter"}},{"type":"Feature","geometry":{"type":"Point","coordinates":[-119.81214,39.52853]},"properties":{"StationName":"Reno, NV","Code":"RNO","City":"Reno","State":"NV","StaType":"Station Building (with waiting room)"}},{"type":"Feature","geometry":{"type":"Point","coordinates":[-121.88518,42.2769]},"properties":{"StationName":"Running Y Ranch, OR","Code":"RNY","City":"Klamath Falls","State":"OR","StaType":"Curbside Bus Stop only (no shelter)"}},{"type":"Feature","geometry":{"type":"Point","coordinates":[-77.60789,43.1627]},"properties":{"StationName":"Rochester, NY","Code":"ROB","City":"Rochester","State":"NY","StaType":"Station Building (with waiting room)"}},{"type":"Feature","geometry":{"type":"Point","coordinates":[-77.60806,43.16342]},"properties":{"StationName":"Rochester, NY","Code":"ROC","City":"Rochester","State":"NY","StaType":"Station Building (with waiting room)"}},{"type":"Feature","geometry":{"type":"Point","coordinates":[-69.10822,44.10728]},"properties":{"StationName":"Rockland, ME","Code":"ROD","City":"Rockland","State":"ME","StaType":"Station Building (with waiting room)"}},{"type":"Feature","geometry":{"type":"Point","coordinates":[-75.44996,43.19943]},"properties":{"StationName":"Rome, NY","Code":"ROM","City":"Rome","State":"NY","StaType":"Station Building (with waiting room)"}},{"type":"Feature","geometry":{"type":"Point","coordinates":[-83.14701,42.48845]},"properties":{"StationName":"Royal Oak, MI","Code":"ROY","City":"Royal Oak","State":"MI","StaType":"Platform with Shelter"}},{"type":"Feature","geometry":{"type":"Point","coordinates":[-122.70976,38.34733]},"properties":{"StationName":"Rohnert Park, CA","Code":"RPC","City":"Rohnert Park","State":"CA","StaType":"Curbside Bus Stop only (no shelter)"}},{"type":"Feature","geometry":{"type":"Point","coordinates":[-72.66546,43.92241]},"properties":{"StationName":"Randolph, VT","Code":"RPH","City":"Randolph","State":"VT","StaType":"Platform only (no shelter)"}},{"type":"Feature","geometry":{"type":"Point","coordinates":[-124.12023,43.69568]},"properties":{"StationName":"Reedsport, OR","Code":"RPT","City":"Reedsport","State":"OR","StaType":"Curbside Bus Stop only (no shelter)"}},{"type":"Feature","geometry":{"type":"Point","coordinates":[-123.22809,44.92479]},"properties":{"StationName":"Rickreall, OR","Code":"RRL","City":"Rickreall","State":"OR","StaType":"Curbside Bus Stop only (no shelter)"}},{"type":"Feature","geometry":{"type":"Point","coordinates":[-73.37109,44.99488]},"properties":{"StationName":"Rouses Point, NY","Code":"RSP","City":"Rouses Point","State":"NY","StaType":"Platform only (no shelter)"}},{"type":"Feature","geometry":{"type":"Point","coordinates":[-121.2863,38.75002]},"properties":{"StationName":"Roseville, CA","Code":"RSV","City":"Roseville","State":"CA","StaType":"Platform with Shelter"}},{"type":"Feature","geometry":{"type":"Point","coordinates":[-109.25623,41.57721]},"properties":{"StationName":"Rock Springs, WY","Code":"RSY","City":"Rock Springs","State":"WY","StaType":"Station Building (with waiting room)"}},{"type":"Feature","geometry":{"type":"Point","coordinates":[-72.97933,43.60788]},"properties":{"StationName":"Rutland, VT","Code":"RTC","City":"Rutland","State":"VT","StaType":"Station Building (with waiting room)"}},{"type":"Feature","geometry":{"type":"Point","coordinates":[-71.14789,42.21025]},"properties":{"StationName":"Route 128, MA","Code":"RTE","City":"Westwood","State":"MA","StaType":"Station Building (with waiting room)"}},{"type":"Feature","geometry":{"type":"Point","coordinates":[-88.15913,40.31091]},"properties":{"StationName":"Rantoul, IL","Code":"RTL","City":"Rantoul","State":"IL","StaType":"Platform with Shelter"}},{"type":"Feature","geometry":{"type":"Point","coordinates":[-118.36535,47.11941]},"properties":{"StationName":"Ritzville, WA","Code":"RTZ","City":"Ritzville","State":"WA","StaType":"Curbside Bus Stop only (no shelter)"}},{"type":"Feature","geometry":{"type":"Point","coordinates":[-72.98154,43.60576]},"properties":{"StationName":"Rutland, VT","Code":"RUD","City":"Rutland","State":"VT","StaType":"Station Building (with waiting room)"}},{"type":"Feature","geometry":{"type":"Point","coordinates":[-99.99757,48.36985]},"properties":{"StationName":"Rugby, ND","Code":"RUG","City":"Rugby","State":"ND","StaType":"Station Building (with waiting room)"}},{"type":"Feature","geometry":{"type":"Point","coordinates":[-77.42951,37.53422]},"properties":{"StationName":"Richmond, VA","Code":"RVM","City":"Richmond","State":"VA","StaType":"Station Building (with waiting room)"}},{"type":"Feature","geometry":{"type":"Point","coordinates":[-77.49695,37.6177]},"properties":{"StationName":"Richmond, VA","Code":"RVR","City":"Richmond","State":"VA","StaType":"Station Building (with waiting room)"}},{"type":"Feature","geometry":{"type":"Point","coordinates":[-107.22447,41.77638]},"properties":{"StationName":"Rawlins, WY","Code":"RWY","City":"Rawlins","State":"WY","StaType":"Curbside Bus Stop only (no shelter)"}},{"type":"Feature","geometry":{"type":"Point","coordinates":[-121.5887,38.69259]},"properties":{"StationName":"Sacramento Airport, CA","Code":"SAA","City":"Sacramento","State":"CA","StaType":"Platform with Shelter"}},{"type":"Feature","geometry":{"type":"Point","coordinates":[-73.08619,44.81237]},"properties":{"StationName":"St. Albans, VT","Code":"SAB","City":"St Albans","State":"VT","StaType":"Station Building (with waiting room)"}},{"type":"Feature","geometry":{"type":"Point","coordinates":[-121.50072,38.58401]},"properties":{"StationName":"Sacramento, CA","Code":"SAC","City":"Sacramento","State":"CA","StaType":"Station Building (with waiting room)"}},{"type":"Feature","geometry":{"type":"Point","coordinates":[-105.92197,35.79974]},"properties":{"StationName":"Santa Fe, NM","Code":"SAE","City":"Santa Fe","State":"NM","StaType":"Curbside Bus Stop only (no shelter)"}},{"type":"Feature","geometry":{"type":"Point","coordinates":[-105.94661,35.68427]},"properties":{"StationName":"Santa Fe, NM","Code":"SAF","City":"Santa Fe","State":"NM","StaType":"Station Building (with waiting room)"}},{"type":"Feature","geometry":{"type":"Point","coordinates":[-80.46633,35.6675]},"properties":{"StationName":"Salisbury, NC","Code":"SAL","City":"Salisbury","State":"NC","StaType":"Station Building (with waiting room)"}},{"type":"Feature","geometry":{"type":"Point","coordinates":[-117.16959,32.71617]},"properties":{"StationName":"San Diego, CA","Code":"SAN","City":"San Diego","State":"CA","StaType":"Station Building (with waiting room)"}},{"type":"Feature","geometry":{"type":"Point","coordinates":[-70.44914,43.4962]},"properties":{"StationName":"Saco, ME","Code":"SAO","City":"Saco","State":"ME","StaType":"Station Building (with waiting room)"}},{"type":"Feature","geometry":{"type":"Point","coordinates":[-119.06907,34.3462]},"properties":{"StationName":"Santa Paula, CA","Code":"SAP","City":"Santa Paula","State":"CA","StaType":"Curbside Bus Stop only (no shelter)"}},{"type":"Feature","geometry":{"type":"Point","coordinates":[-73.81003,43.08282]},"properties":{"StationName":"Saratoga Springs, NY","Code":"SAR","City":"Saratoga Springs","State":"NY","StaType":"Station Building (with waiting room)"}},{"type":"Feature","geometry":{"type":"Point","coordinates":[-98.47815,29.41936]},"properties":{"StationName":"San Antonio, TX","Code":"SAS","City":"San Antonio","State":"TX","StaType":"Station Building (with waiting room)"}},{"type":"Feature","geometry":{"type":"Point","coordinates":[-120.41647,34.95161]},"properties":{"StationName":"Santa Maria, CA","Code":"SAT","City":"Santa Maria","State":"CA","StaType":"Curbside Bus Stop only (no shelter)"}},{"type":"Feature","geometry":{"type":"Point","coordinates":[-81.14827,32.08342]},"properties":{"StationName":"Savannah, GA","Code":"SAV","City":"Savannah","State":"GA","StaType":"Station Building (with waiting room)"}},{"type":"Feature","geometry":{"type":"Point","coordinates":[-122.27626,45.40067]},"properties":{"StationName":"Sandy, OR","Code":"SAY","City":"Sandy","State":"OR","StaType":"Curbside Bus Stop only (no shelter)"}},{"type":"Feature","geometry":{"type":"Point","coordinates":[-119.6928,34.41372]},"properties":{"StationName":"Santa Barbara, CA","Code":"SBA","City":"Santa Barbara","State":"CA","StaType":"Station Building (with waiting room)"}},{"type":"Feature","geometry":{"type":"Point","coordinates":[-81.43421,27.49664]},"properties":{"StationName":"Sebring, FL","Code":"SBG","City":"Sebring","State":"FL","StaType":"Platform with Shelter"}},{"type":"Feature","geometry":{"type":"Point","coordinates":[-70.88391,42.89153]},"properties":{"StationName":"Seabrook, NH","Code":"SBK","City":"Seabrook","State":"NH","StaType":"Station Building (with waiting room)"}},{"type":"Feature","geometry":{"type":"Point","coordinates":[-119.84831,34.41495]},"properties":{"StationName":"Santa Barbara, CA","Code":"SBU","City":"Santa Barbara","State":"CA","StaType":"Curbside Bus Stop only (no shelter)"}},{"type":"Feature","geometry":{"type":"Point","coordinates":[-111.85666,48.50675]},"properties":{"StationName":"Shelby, MT","Code":"SBY","City":"Shelby","State":"MT","StaType":"Station Building (with waiting room)"}},{"type":"Feature","geometry":{"type":"Point","coordinates":[-79.25602,43.14784]},"properties":{"StationName":"St. Catharines, ON","Code":"SCA","City":"St. Catharines","State":"ON","StaType":"Station Building (with waiting room)"}},{"type":"Feature","geometry":{"type":"Point","coordinates":[-121.93659,37.35322]},"properties":{"StationName":"Santa Clara, CA","Code":"SCC","City":"Santa Clara","State":"CA","StaType":"Platform with Shelter"}},{"type":"Feature","geometry":{"type":"Point","coordinates":[-94.1491,45.56776]},"properties":{"StationName":"St. Cloud, MN","Code":"SCD","City":"St. Cloud","State":"MN","StaType":"Station Building (with waiting room)"}},{"type":"Feature","geometry":{"type":"Point","coordinates":[-90.81525,29.74668]},"properties":{"StationName":"Schriever, LA","Code":"SCH","City":"Schriever","State":"LA","StaType":"Platform only (no shelter)"}},{"type":"Feature","geometry":{"type":"Point","coordinates":[-121.49519,38.57614]},"properties":{"StationName":"Sacramento, CA","Code":"SCS","City":"Sacramento","State":"CA","StaType":"Curbside Bus Stop only (no shelter)"}},{"type":"Feature","geometry":{"type":"Point","coordinates":[-122.02505,36.97449]},"properties":{"StationName":"Santa Cruz, CA","Code":"SCZ","City":"Santa Cruz","State":"CA","StaType":"Curbside Bus Stop only (no shelter)"}},{"type":"Feature","geometry":{"type":"Point","coordinates":[-89.78257,30.27838]},"properties":{"StationName":"Slidell, LA","Code":"SDL","City":"Slidell","State":"LA","StaType":"Station Building (with waiting room)"}},{"type":"Feature","geometry":{"type":"Point","coordinates":[-73.94289,42.81473]},"properties":{"StationName":"Schenectady, NY","Code":"SDY","City":"Schenectady","State":"NY","StaType":"Station Building (with waiting room)"}},{"type":"Feature","geometry":{"type":"Point","coordinates":[-122.33018,47.59845]},"properties":{"StationName":"Seattle, WA","Code":"SEA","City":"Seattle","State":"WA","StaType":"Station Building (with waiting room)"}},{"type":"Feature","geometry":{"type":"Point","coordinates":[-93.22871,38.71161]},"properties":{"StationName":"Sedalia, MO","Code":"SED","City":"Sedalia","State":"MO","StaType":"Station Building (with waiting room)"}},{"type":"Feature","geometry":{"type":"Point","coordinates":[-121.84386,36.61937]},"properties":{"StationName":"Seaside-Sand City, CA","Code":"SES","City":"Sand City","State":"CA","StaType":"Curbside Bus Stop only (no shelter)"}},{"type":"Feature","geometry":{"type":"Point","coordinates":[-81.29128,28.80855]},"properties":{"StationName":"Sanford, FL","Code":"SFA","City":"Sanford","State":"FL","StaType":"Station Building (with waiting room)"}},{"type":"Feature","geometry":{"type":"Point","coordinates":[-122.39672,37.79034]},"properties":{"StationName":"San Francisco, CA","Code":"SFC","City":"San Francisco","State":"CA","StaType":"Curbside Bus Stop only (no shelter)"}},{"type":"Feature","geometry":{"type":"Point","coordinates":[-83.93343,43.43494]},"properties":{"StationName":"Saginaw, MI","Code":"SGW","City":"Saginaw","State":"MI","StaType":"Station Building (with waiting room)"}},{"type":"Feature","geometry":{"type":"Point","coordinates":[-87.71403,43.74993]},"properties":{"StationName":"Sheboygan, WI","Code":"SHB","City":"Sheboygan","State":"WI","StaType":"Curbside Bus Stop only (no shelter)"}},{"type":"Feature","geometry":{"type":"Point","coordinates":[-93.75668,32.49972]},"properties":{"StationName":"Shreveport, LA","Code":"SHR","City":"Shreveport","State":"LA","StaType":"Station Building (with waiting room)"}},{"type":"Feature","geometry":{"type":"Point","coordinates":[-88.61535,44.75316]},"properties":{"StationName":"Shawano, WI","Code":"SHW","City":"Shawano","State":"WI","StaType":"Curbside Bus Stop only (no shelter)"}},{"type":"Feature","geometry":{"type":"Point","coordinates":[-118.69518,34.27021]},"properties":{"StationName":"Simi Valley, CA","Code":"SIM","City":"Simi Valley","State":"CA","StaType":"Platform only (no shelter)"}},{"type":"Feature","geometry":{"type":"Point","coordinates":[-121.9024,37.32994]},"properties":{"StationName":"San Jose, CA","Code":"SJC","City":"San Jose","State":"CA","StaType":"Station Building (with waiting room)"}},{"type":"Feature","geometry":{"type":"Point","coordinates":[-86.48449,42.10909]},"properties":{"StationName":"St. Joseph-Benton Harbor, MI","Code":"SJM","City":"St. Joseph","State":"MI","StaType":"Station Building (with waiting room)"}},{"type":"Feature","geometry":{"type":"Point","coordinates":[-76.82049,40.84827]},"properties":{"StationName":"Shamokin Dam, PA","Code":"SKD","City":"Shamokin Dam","State":"PA","StaType":"Curbside Bus Stop only (no shelter)"}},{"type":"Feature","geometry":{"type":"Point","coordinates":[-121.36175,47.71123]},"properties":{"StationName":"Skykomish - Eastbound, WA","Code":"SKE","City":"Skykomish","State":"WA","StaType":"Curbside Bus Stop only (no shelter)"}},{"type":"Feature","geometry":{"type":"Point","coordinates":[-121.28565,37.94547]},"properties":{"StationName":"Stockton, CA","Code":"SKN","City":"Stockton","State":"CA","StaType":"Station Building (with waiting room)"}},{"type":"Feature","geometry":{"type":"Point","coordinates":[-121.27901,37.95704]},"properties":{"StationName":"Stockton, CA","Code":"SKT","City":"Stockton","State":"CA","StaType":"Platform with Shelter"}},{"type":"Feature","geometry":{"type":"Point","coordinates":[-121.36011,47.71191]},"properties":{"StationName":"Skykomish - Westbound, WA","Code":"SKW","City":"Skykomish","State":"WA","StaType":"Curbside Bus Stop only (no shelter)"}},{"type":"Feature","geometry":{"type":"Point","coordinates":[-82.71787,41.44068]},"properties":{"StationName":"Sandusky, OH","Code":"SKY","City":"Sandusky","State":"OH","StaType":"Station Building (with waiting room)"}},{"type":"Feature","geometry":{"type":"Point","coordinates":[-111.90852,40.76305]},"properties":{"StationName":"Salt Lake City, UT","Code":"SLB","City":"Salt Lake City","State":"UT","StaType":"Station Building (with waiting room)"}},{"type":"Feature","geometry":{"type":"Point","coordinates":[-111.90836,40.76167]},"properties":{"StationName":"Salt Lake City, UT","Code":"SLC","City":"Salt Lake City","State":"UT","StaType":"Station Building (with waiting room)"}},{"type":"Feature","geometry":{"type":"Point","coordinates":[-105.99451,38.52505]},"properties":{"StationName":"Salida, CO","Code":"SLD","City":"Salida","State":"CO","StaType":"Curbside Bus Stop only (no shelter)"}},{"type":"Feature","geometry":{"type":"Point","coordinates":[-123.03438,44.93819]},"properties":{"StationName":"Salem, OR","Code":"SLE","City":"Salem","State":"OR","StaType":"Curbside Bus Stop only (no shelter)"}},{"type":"Feature","geometry":{"type":"Point","coordinates":[-119.9423,38.9578]},"properties":{"StationName":"South Lake Tahoe, CA","Code":"SLH","City":"South Lake Tahoe","State":"CA","StaType":"Curbside Bus Stop only (no shelter)"}},{"type":"Feature","geometry":{"type":"Point","coordinates":[-123.02835,44.93234]},"properties":{"StationName":"Salem, OR","Code":"SLM","City":"Salem","State":"OR","StaType":"Station Building (with waiting room)"}},{"type":"Feature","geometry":{"type":"Point","coordinates":[-120.65471,35.27644]},"properties":{"StationName":"San Luis Obispo, CA","Code":"SLO","City":"San Luis Obispo","State":"CA","StaType":"Station Building (with waiting room)"}},{"type":"Feature","geometry":{"type":"Point","coordinates":[-120.65568,35.29886]},"properties":{"StationName":"San Luis Obispo, CA","Code":"SLP","City":"San Luis Obispo","State":"CA","StaType":"Curbside Bus Stop only (no shelter)"}},{"type":"Feature","geometry":{"type":"Point","coordinates":[-73.50729,45.49891]},"properties":{"StationName":"St-Lambert, QC","Code":"SLQ","City":"St-Lambert","State":"QC","StaType":"Station Building (with waiting room)"}},{"type":"Feature","geometry":{"type":"Point","coordinates":[-75.6059,38.36199]},"properties":{"StationName":"Salisbury, MD","Code":"SLS","City":"Salisbury","State":"MD","StaType":"Curbside Bus Stop only (no shelter)"}},{"type":"Feature","geometry":{"type":"Point","coordinates":[-120.00478,38.91307]},"properties":{"StationName":"South Lake Tahoe, CA","Code":"SLT","City":"South Lake Tahoe","State":"CA","StaType":"Curbside Bus Stop only (no shelter)"}},{"type":"Feature","geometry":{"type":"Point","coordinates":[-120.14059,34.59592]},"properties":{"StationName":"Solvang, CA","Code":"SLV","City":"Solvang","State":"CA","StaType":"Curbside Bus Stop only (no shelter)"}},{"type":"Feature","geometry":{"type":"Point","coordinates":[-97.94106,29.87658]},"properties":{"StationName":"San Marcos, TX","Code":"SMC","City":"San Marcos","State":"TX","StaType":"Platform with Shelter"}},{"type":"Feature","geometry":{"type":"Point","coordinates":[-89.30618,43.04777]},"properties":{"StationName":"Madison, WI","Code":"SMD","City":"Madison","State":"WI","StaType":"Curbside Bus Stop only (no shelter)"}},{"type":"Feature","geometry":{"type":"Point","coordinates":[-84.37171,46.46347]},"properties":{"StationName":"Sault Sainte Marie, MI","Code":"SMI","City":"Sault Sainte Marie","State":"MI","StaType":"Curbside Bus Stop only (no shelter)"}},{"type":"Feature","geometry":{"type":"Point","coordinates":[-118.49432,34.01463]},"properties":{"StationName":"Santa Monica Pier, CA","Code":"SMN","City":"Santa Monica","State":"CA","StaType":"Curbside Bus Stop only (no shelter)"}},{"type":"Feature","geometry":{"type":"Point","coordinates":[-124.2038,41.9575]},"properties":{"StationName":"Smith River, CA","Code":"SMR","City":"Smith River","State":"CA","StaType":"Curbside Bus Stop only (no shelter)"}},{"type":"Feature","geometry":{"type":"Point","coordinates":[-87.80975,41.79492]},"properties":{"StationName":"Summit, IL","Code":"SMT","City":"Summit","State":"IL","StaType":"Platform with Shelter"}},{"type":"Feature","geometry":{"type":"Point","coordinates":[-117.85662,33.75163]},"properties":{"StationName":"Santa Ana, CA","Code":"SNA","City":"Santa Ana","State":"CA","StaType":"Station Building (with waiting room)"}},{"type":"Feature","geometry":{"type":"Point","coordinates":[-117.31067,34.10412]},"properties":{"StationName":"San Bernardino, CA","Code":"SNB","City":"San Bernardino","State":"CA","StaType":"Station Building (with waiting room)"}},{"type":"Feature","geometry":{"type":"Point","coordinates":[-117.66383,33.50132]},"properties":{"StationName":"San Juan Capistrano, CA","Code":"SNC","City":"San Juan Capistrano","State":"CA","StaType":"Station Building (with waiting room)"}},{"type":"Feature","geometry":{"type":"Point","coordinates":[-102.39875,30.13996]},"properties":{"StationName":"Sanderson, TX","Code":"SND","City":"Sanderson","State":"TX","StaType":"Platform only (no shelter)"}},{"type":"Feature","geometry":{"type":"Point","coordinates":[-117.61975,33.41965]},"properties":{"StationName":"San Clemente Pier, CA","Code":"SNP","City":"San Clemente","State":"CA","StaType":"Platform only (no shelter)"}},{"type":"Feature","geometry":{"type":"Point","coordinates":[-121.65667,36.67642]},"properties":{"StationName":"Salinas, CA","Code":"SNR","City":"Salinas","State":"CA","StaType":"Curbside Bus Stop only (no shelter)"}},{"type":"Feature","geometry":{"type":"Point","coordinates":[-121.65676,36.67915]},"properties":{"StationName":"Salinas, CA","Code":"SNS","City":"Salinas","State":"CA","StaType":"Station Building (with waiting room)"}},{"type":"Feature","geometry":{"type":"Point","coordinates":[-90.93836,44.94982]},"properties":{"StationName":"Stanley, WI","Code":"SNY","City":"Stanley","State":"WI","StaType":"Curbside Bus Stop only (no shelter)"}},{"type":"Feature","geometry":{"type":"Point","coordinates":[-86.28735,41.67837]},"properties":{"StationName":"South Bend, IN","Code":"SOB","City":"South Bend","State":"IN","StaType":"Station Building (with waiting room)"}},{"type":"Feature","geometry":{"type":"Point","coordinates":[-117.27115,32.99294]},"properties":{"StationName":"Solana Beach, CA","Code":"SOL","City":"Solana Beach","State":"CA","StaType":"Platform only (no shelter)"}},{"type":"Feature","geometry":{"type":"Point","coordinates":[-79.39031,35.17508]},"properties":{"StationName":"Southern Pines, NC","Code":"SOP","City":"Southern Pines","State":"NC","StaType":"Station Building (with waiting room)"}},{"type":"Feature","geometry":{"type":"Point","coordinates":[-123.61499,42.28025]},"properties":{"StationName":"Selma, OR","Code":"SOR","City":"Selma","State":"OR","StaType":"Curbside Bus Stop only (no shelter)"}},{"type":"Feature","geometry":{"type":"Point","coordinates":[-90.81865,43.92327]},"properties":{"StationName":"Sparta, WI","Code":"SPA","City":"Sparta","State":"WI","StaType":"Platform only (no shelter)"}},{"type":"Feature","geometry":{"type":"Point","coordinates":[-81.93692,34.95374]},"properties":{"StationName":"Spartanburg, SC","Code":"SPB","City":"Spartanburg","State":"SC","StaType":"Station Building (with waiting room)"}},{"type":"Feature","geometry":{"type":"Point","coordinates":[-118.27494,33.74899]},"properties":{"StationName":"San Pedro, CA","Code":"SPD","City":"San Pedro","State":"CA","StaType":"Curbside Bus Stop only (no shelter)"}},{"type":"Feature","geometry":{"type":"Point","coordinates":[-72.59291,42.106]},"properties":{"StationName":"Springfield, MA","Code":"SPG","City":"Springfield","State":"MA","StaType":"Station Building (with waiting room)"}},{"type":"Feature","geometry":{"type":"Point","coordinates":[-89.65139,39.80233]},"properties":{"StationName":"Springfield, IL","Code":"SPI","City":"Springfield","State":"IL","StaType":"Station Building (with waiting room)"}},{"type":"Feature","geometry":{"type":"Point","coordinates":[-117.41547,47.65673]},"properties":{"StationName":"Spokane, WA","Code":"SPK","City":"Spokane","State":"WA","StaType":"Station Building (with waiting room)"}},{"type":"Feature","geometry":{"type":"Point","coordinates":[-94.79534,46.35461]},"properties":{"StationName":"Staples, MN","Code":"SPL","City":"Staples","State":"MN","StaType":"Station Building (with waiting room)"}},{"type":"Feature","geometry":{"type":"Point","coordinates":[-82.96376,38.72129]},"properties":{"StationName":"South Shore-South Portsmouth, KY","Code":"SPM","City":"South Shore","State":"KY","StaType":"Platform with Shelter"}},{"type":"Feature","geometry":{"type":"Point","coordinates":[-118.29251,33.7357]},"properties":{"StationName":"San Pedro, CA","Code":"SPO","City":"San Pedro","State":"CA","StaType":"Curbside Bus Stop only (no shelter)"}},{"type":"Feature","geometry":{"type":"Point","coordinates":[-116.5456,48.27624]},"properties":{"StationName":"Sandpoint, ID","Code":"SPT","City":"Sandpoint","State":"ID","StaType":"Platform with Shelter"}},{"type":"Feature","geometry":{"type":"Point","coordinates":[-119.76224,39.53478]},"properties":{"StationName":"Sparks, NV","Code":"SPX","City":"Sparks","State":"NV","StaType":"Curbside Bus Stop only (no shelter)"}},{"type":"Feature","geometry":{"type":"Point","coordinates":[-123.11641,48.07921]},"properties":{"StationName":"Sequim, WA","Code":"SQM","City":"Sequim","State":"WA","StaType":"Curbside Bus Stop only (no shelter)"}},{"type":"Feature","geometry":{"type":"Point","coordinates":[-82.45663,27.33717]},"properties":{"StationName":"Sarasota, FL","Code":"SRA","City":"Sarasota","State":"FL","StaType":"Curbside Bus Stop only (no shelter)"}},{"type":"Feature","geometry":{"type":"Point","coordinates":[-122.7325,38.45713]},"properties":{"StationName":"Santa Rosa, CA","Code":"SRC","City":"Santa Rosa","State":"CA","StaType":"Curbside Bus Stop only (no shelter)"}},{"type":"Feature","geometry":{"type":"Point","coordinates":[-75.67103,41.4102]},"properties":{"StationName":"Scranton, PA","Code":"SRN","City":"Scranton","State":"PA","StaType":"Station Building (with waiting room)"}},{"type":"Feature","geometry":{"type":"Point","coordinates":[-68.90966,44.46077]},"properties":{"StationName":"Searsport, ME","Code":"SRT","City":"Searsport","State":"ME","StaType":"Curbside Bus Stop only (no shelter)"}},{"type":"Feature","geometry":{"type":"Point","coordinates":[-123.9158,46.00164]},"properties":{"StationName":"Seaside, OR","Code":"SSD","City":"Seaside","State":"OR","StaType":"Curbside Bus Stop only (no shelter)"}},{"type":"Feature","geometry":{"type":"Point","coordinates":[-76.86225,40.79815]},"properties":{"StationName":"Selinsgrove, PA","Code":"SSG","City":"Selinsgrove","State":"PA","StaType":"Curbside Bus Stop only (no shelter)"}},{"type":"Feature","geometry":{"type":"Point","coordinates":[-123.92098,46.0001]},"properties":{"StationName":"Seaside, OR","Code":"SSH","City":"Seaside","State":"OR","StaType":"Curbside Bus Stop only (no shelter)"}},{"type":"Feature","geometry":{"type":"Point","coordinates":[-78.2801,35.53279]},"properties":{"StationName":"Selma-Smithfield, NC","Code":"SSM","City":"Selma","State":"NC","StaType":"Station Building (with waiting room)"}},{"type":"Feature","geometry":{"type":"Point","coordinates":[-121.0884,47.74664]},"properties":{"StationName":"Stevens Pass, WA","Code":"SSW","City":"Stevens Pass","State":"WA","StaType":"Curbside Bus Stop only (no shelter)"}},{"type":"Feature","geometry":{"type":"Point","coordinates":[-79.07178,38.14765]},"properties":{"StationName":"Staunton, VA","Code":"STA","City":"Staunton","State":"VA","StaType":"Station Building (with waiting room)"}},{"type":"Feature","geometry":{"type":"Point","coordinates":[-77.86774,40.79229]},"properties":{"StationName":"State College, PA","Code":"STC","City":"State College","State":"PA","StaType":"Station Building (with waiting room)"}},{"type":"Feature","geometry":{"type":"Point","coordinates":[-113.58444,37.09467]},"properties":{"StationName":"St. George, UT","Code":"STG","City":"St. George","State":"UT","StaType":"Curbside Bus Stop only (no shelter)"}},{"type":"Feature","geometry":{"type":"Point","coordinates":[-84.72116,45.85856]},"properties":{"StationName":"St. Ignace, MI","Code":"STI","City":"St. Ignace","State":"MI","StaType":"Station Building (with waiting room)"}},{"type":"Feature","geometry":{"type":"Point","coordinates":[-90.20398,38.6242]},"properties":{"StationName":"St. Louis, MO","Code":"STL","City":"St. Louis","State":"MO","StaType":"Station Building (with waiting room)"}},{"type":"Feature","geometry":{"type":"Point","coordinates":[-73.54216,41.04714]},"properties":{"StationName":"Stamford, CT","Code":"STM","City":"Stamford","State":"CT","StaType":"Station Building (with waiting room)"}},{"type":"Feature","geometry":{"type":"Point","coordinates":[-102.38939,48.31982]},"properties":{"StationName":"Stanley, ND","Code":"STN","City":"Stanley","State":"ND","StaType":"Station Building (with waiting room)"}},{"type":"Feature","geometry":{"type":"Point","coordinates":[-121.56249,44.29748]},"properties":{"StationName":"Sisters, OR","Code":"STO","City":"Sisters","State":"OR","StaType":"Curbside Bus Stop only (no shelter)"}},{"type":"Feature","geometry":{"type":"Point","coordinates":[-82.64443,27.84303]},"properties":{"StationName":"St. Petersburg, FL","Code":"STP","City":"St. Petersburg","State":"FL","StaType":"Curbside Bus Stop only (no shelter)"}},{"type":"Feature","geometry":{"type":"Point","coordinates":[-72.92209,41.30526]},"properties":{"StationName":"New Haven, CT","Code":"STS","City":"New Haven","State":"CT","StaType":"Station Building (with waiting room)"}},{"type":"Feature","geometry":{"type":"Point","coordinates":[-122.34995,48.24264]},"properties":{"StationName":"Stanwood, WA","Code":"STW","City":"Stanwood","State":"WA","StaType":"Platform only (no shelter)"}},{"type":"Feature","geometry":{"type":"Point","coordinates":[-122.04111,38.24341]},"properties":{"StationName":"Suisun-Fairfield, CA","Code":"SUI","City":"Suisun City","State":"CA","StaType":"Station Building (with waiting room)"}},{"type":"Feature","geometry":{"type":"Point","coordinates":[-121.44611,43.87386]},"properties":{"StationName":"Sunriver, OR","Code":"SUN","City":"Sunriver","State":"OR","StaType":"Curbside Bus Stop only (no shelter)"}},{"type":"Feature","geometry":{"type":"Point","coordinates":[-76.78493,40.87523]},"properties":{"StationName":"Sunbury, PA","Code":"SUR","City":"Sunbury","State":"PA","StaType":"Curbside Bus Stop only (no shelter)"}},{"type":"Feature","geometry":{"type":"Point","coordinates":[-117.18982,33.71097]},"properties":{"StationName":"Sun City-Menifee, CA","Code":"SUT","City":"Sun City-Menifee","State":"CA","StaType":"Curbside Bus Stop only (no shelter)"}},{"type":"Feature","geometry":{"type":"Point","coordinates":[-122.35302,47.61363]},"properties":{"StationName":"Seattle, WA","Code":"SVF","City":"Seattle","State":"WA","StaType":"Station Building (with waiting room)"}},{"type":"Feature","geometry":{"type":"Point","coordinates":[-89.57554,44.53317]},"properties":{"StationName":"Stevens Point, WI","Code":"SVP","City":"Stevens Point","State":"WI","StaType":"Curbside Bus Stop only (no shelter)"}},{"type":"Feature","geometry":{"type":"Point","coordinates":[-87.90631,42.7183]},"properties":{"StationName":"Sturtevant, WI","Code":"SVT","City":"Sturtevant","State":"WI","StaType":"Station Building (with waiting room)"}},{"type":"Feature","geometry":{"type":"Point","coordinates":[-89.57158,44.52895]},"properties":{"StationName":"Stevens Point, WI","Code":"SVU","City":"Stevens Point","State":"WI","StaType":"Curbside Bus Stop only (no shelter)"}},{"type":"Feature","geometry":{"type":"Point","coordinates":[-122.02796,37.04899]},"properties":{"StationName":"Scotts Valley, CA","Code":"SVY","City":"Scotts Valley","State":"CA","StaType":"Curbside Bus Stop only (no shelter)"}},{"type":"Feature","geometry":{"type":"Point","coordinates":[-77.13963,34.69708]},"properties":{"StationName":"Swansboro, NC","Code":"SWB","City":"Swansboro","State":"NC","StaType":"Curbside Bus Stop only (no shelter)"}},{"type":"Feature","geometry":{"type":"Point","coordinates":[-85.45124,43.57864]},"properties":{"StationName":"Stanwood, MI","Code":"SWD","City":"Stanwood","State":"MI","StaType":"Curbside Bus Stop only (no shelter)"}},{"type":"Feature","geometry":{"type":"Point","coordinates":[-76.11225,43.1133]},"properties":{"StationName":"Syracuse, NY","Code":"SYA","City":"Syracuse","State":"NY","StaType":"Curbside Bus Stop only (no shelter)"}},{"type":"Feature","geometry":{"type":"Point","coordinates":[-78.82269,41.05024]},"properties":{"StationName":"Sykesville, PA","Code":"SYK","City":"Sykesville","State":"PA","StaType":"Curbside Bus Stop only (no shelter)"}},{"type":"Feature","geometry":{"type":"Point","coordinates":[-76.16925,43.07656]},"properties":{"StationName":"Syracuse, NY","Code":"SYR","City":"Syracuse","State":"NY","StaType":"Station Building (with waiting room)"}},{"type":"Feature","geometry":{"type":"Point","coordinates":[-122.42476,47.24052]},"properties":{"StationName":"Tacoma, Washington","Code":"TAB","City":"Tacoma","State":"WA","StaType":"Curbside Bus Stop only (no shelter)"}},{"type":"Feature","geometry":{"type":"Point","coordinates":[-122.42811,47.23981]},"properties":{"StationName":"Tacoma, WA","Code":"TAC","City":"Tacoma","State":"WA","StaType":"Station Building (with waiting room)"}},{"type":"Feature","geometry":{"type":"Point","coordinates":[-97.40777,30.56767]},"properties":{"StationName":"Taylor, TX","Code":"TAY","City":"Taylor","State":"TX","StaType":"Platform only (no shelter)"}},{"type":"Feature","geometry":{"type":"Point","coordinates":[-83.33155,34.57846]},"properties":{"StationName":"Toccoa, GA","Code":"TCA","City":"Toccoa","State":"GA","StaType":"Station Building (with waiting room)"}},{"type":"Feature","geometry":{"type":"Point","coordinates":[-87.56023,33.19317]},"properties":{"StationName":"Tuscaloosa, AL","Code":"TCL","City":"Tuscaloosa","State":"AL","StaType":"Station Building (with waiting room)"}},{"type":"Feature","geometry":{"type":"Point","coordinates":[-123.93948,44.62419]},"properties":{"StationName":"Toledo, OR","Code":"TDO","City":"Toledo","State":"OR","StaType":"Curbside Bus Stop only (no shelter)"}},{"type":"Feature","geometry":{"type":"Point","coordinates":[-118.45116,35.13278]},"properties":{"StationName":"Tehachapi, CA","Code":"TEH","City":"Tehachapi","State":"CA","StaType":"Curbside Bus Stop only (no shelter)"}},{"type":"Feature","geometry":{"type":"Point","coordinates":[-111.95977,33.40742]},"properties":{"StationName":"Tempe, AZ","Code":"TEM","City":"Tempe","State":"AZ","StaType":"Curbside Bus Stop only (no shelter)"}},{"type":"Feature","geometry":{"type":"Point","coordinates":[-114.45964,42.5865]},"properties":{"StationName":"Twin Falls, ID","Code":"TFI","City":"Twin Falls","State":"ID","StaType":"Curbside Bus Stop only (no shelter)"}},{"type":"Feature","geometry":{"type":"Point","coordinates":[-121.18029,45.60121]},"properties":{"StationName":"The Dalles, OR","Code":"THD","City":"The Dalles","State":"OR","StaType":"Curbside Bus Stop only (no shelter)"}},{"type":"Feature","geometry":{"type":"Point","coordinates":[-81.07876,37.95699]},"properties":{"StationName":"Thurmond, WV","Code":"THN","City":"Thurmond","State":"WV","StaType":"Platform with Shelter"}},{"type":"Feature","geometry":{"type":"Point","coordinates":[-90.50534,43.98602]},"properties":{"StationName":"Tomah, WI","Code":"TOH","City":"Tomah","State":"WI","StaType":"Station Building (with waiting room)"}},{"type":"Feature","geometry":{"type":"Point","coordinates":[-83.54173,41.63835]},"properties":{"StationName":"Toledo, OH","Code":"TOL","City":"Toledo","State":"OH","StaType":"Station Building (with waiting room)"}},{"type":"Feature","geometry":{"type":"Point","coordinates":[-95.66492,39.05142]},"properties":{"StationName":"Topeka, KS","Code":"TOP","City":"Topeka","State":"KS","StaType":"Station Building (with waiting room)"}},{"type":"Feature","geometry":{"type":"Point","coordinates":[-82.45078,27.9525]},"properties":{"StationName":"Tampa, FL","Code":"TPA","City":"Tampa","State":"FL","StaType":"Station Building (with waiting room)"}},{"type":"Feature","geometry":{"type":"Point","coordinates":[-97.3458,31.09589]},"properties":{"StationName":"Temple, TX","Code":"TPL","City":"Temple","State":"TX","StaType":"Station Building (with waiting room)"}},{"type":"Feature","geometry":{"type":"Point","coordinates":[-123.82465,45.45649]},"properties":{"StationName":"Tillamook, OR","Code":"TPR","City":"Tillamook","State":"OR","StaType":"Curbside Bus Stop only (no shelter)"}},{"type":"Feature","geometry":{"type":"Point","coordinates":[-121.43611,37.76141]},"properties":{"StationName":"Tracy, CA","Code":"TRA","City":"Tracy","State":"CA","StaType":"Curbside Bus Stop only (no shelter)"}},{"type":"Feature","geometry":{"type":"Point","coordinates":[-121.43398,37.69622]},"properties":{"StationName":"Tracy, CA","Code":"TRC","City":"Tracy","State":"CA","StaType":"Platform with Shelter"}},{"type":"Feature","geometry":{"type":"Point","coordinates":[-74.75444,40.21902]},"properties":{"StationName":"Trenton, NJ","Code":"TRE","City":"Trenton","State":"NJ","StaType":"Station Building (with waiting room)"}},{"type":"Feature","geometry":{"type":"Point","coordinates":[-124.08701,43.98223]},"properties":{"StationName":"Florence, OR","Code":"TRF","City":"Florence","State":"OR","StaType":"Platform only (no shelter)"}},{"type":"Feature","geometry":{"type":"Point","coordinates":[-104.50799,37.17269]},"properties":{"StationName":"Trinidad, CO","Code":"TRI","City":"Trinidad","State":"CO","StaType":"Platform only (no shelter)"}},{"type":"Feature","geometry":{"type":"Point","coordinates":[-120.79802,37.52723]},"properties":{"StationName":"Turlock-Denair, CA","Code":"TRK","City":"Denair","State":"CA","StaType":"Platform with Shelter"}},{"type":"Feature","geometry":{"type":"Point","coordinates":[-83.19103,42.54256]},"properties":{"StationName":"Troy, MI","Code":"TRM","City":"Troy","State":"MI","StaType":"Station Building (with waiting room)"}},{"type":"Feature","geometry":{"type":"Point","coordinates":[-77.06161,41.38187]},"properties":{"StationName":"Trout Run, PA","Code":"TRR","City":"Trout Run","State":"PA","StaType":"Curbside Bus Stop only (no shelter)"}},{"type":"Feature","geometry":{"type":"Point","coordinates":[-120.1854,39.32762]},"properties":{"StationName":"Truckee, CA","Code":"TRU","City":"Truckee","State":"CA","StaType":"Station Building (with waiting room)"}},{"type":"Feature","geometry":{"type":"Point","coordinates":[-85.62785,44.76518]},"properties":{"StationName":"Traverse City, MI","Code":"TRV","City":"Traverse City","State":"MI","StaType":"Curbside Bus Stop only (no shelter)"}},{"type":"Feature","geometry":{"type":"Point","coordinates":[-123.84234,45.45694]},"properties":{"StationName":"Tillamook, OR","Code":"TTC","City":"Tillamook","State":"OR","StaType":"Curbside Bus Stop only (no shelter)"}},{"type":"Feature","geometry":{"type":"Point","coordinates":[-122.7488,45.39477]},"properties":{"StationName":"Tualatin, OR","Code":"TUA","City":"Tualatin","State":"OR","StaType":"Curbside Bus Stop only (no shelter)"}},{"type":"Feature","geometry":{"type":"Point","coordinates":[-122.24027,47.46109]},"properties":{"StationName":"Tukwila, WA","Code":"TUK","City":"Tukwila","State":"WA","StaType":"Platform with Shelter"}},{"type":"Feature","geometry":{"type":"Point","coordinates":[-110.96678,32.22298]},"properties":{"StationName":"Tucson, AZ","Code":"TUS","City":"Tucson","State":"AZ","StaType":"Station Building (with waiting room)"}},{"type":"Feature","geometry":{"type":"Point","coordinates":[-81.95799,28.95307]},"properties":{"StationName":"The Villages-Lady Lake, FL","Code":"TVF","City":"Lady Lake","State":"FL","StaType":"Curbside Bus Stop only (no shelter)"}},{"type":"Feature","geometry":{"type":"Point","coordinates":[-83.53106,44.25729]},"properties":{"StationName":"Tawas City, MI","Code":"TWC","City":"Tawas City","State":"MI","StaType":"Curbside Bus Stop only (no shelter)"}},{"type":"Feature","geometry":{"type":"Point","coordinates":[-79.38077,43.64544]},"properties":{"StationName":"Toronto, ON","Code":"TWO","City":"Toronto","State":"ON","StaType":"Station Building (with waiting room)"}},{"type":"Feature","geometry":{"type":"Point","coordinates":[-94.04309,33.42007]},"properties":{"StationName":"Texarkana, AR","Code":"TXA","City":"Texarkana","State":"AR","StaType":"Station Building (with waiting room)"}},{"type":"Feature","geometry":{"type":"Point","coordinates":[-95.29948,32.35465]},"properties":{"StationName":"Tyler, TX","Code":"TYL","City":"Tyler","State":"TX","StaType":"Curbside Bus Stop only (no shelter)"}},{"type":"Feature","geometry":{"type":"Point","coordinates":[-78.24047,40.66771]},"properties":{"StationName":"Tyrone, PA","Code":"TYR","City":"Tyrone","State":"PA","StaType":"Platform with Shelter"}},{"type":"Feature","geometry":{"type":"Point","coordinates":[-75.22344,43.1039]},"properties":{"StationName":"Utica, NY","Code":"UCA","City":"Utica","State":"NY","StaType":"Station Building (with waiting room)"}},{"type":"Feature","geometry":{"type":"Point","coordinates":[-123.19908,39.15288]},"properties":{"StationName":"Ukiah, CA","Code":"UKH","City":"Ukiah","State":"CA","StaType":"Curbside Bus Stop only (no shelter)"}},{"type":"Feature","geometry":{"type":"Point","coordinates":[-80.13408,36.05396]},"properties":{"StationName":"Winston-Salem, NC","Code":"UWS","City":"Winston-Salem","State":"NC","StaType":"Curbside Bus Stop only (no shelter)"}},{"type":"Feature","geometry":{"type":"Point","coordinates":[-75.98541,36.84592]},"properties":{"StationName":"Virginia Beach, VA","Code":"VAB","City":"Virginia Beach","State":"VA","StaType":"Curbside Bus Stop only (no shelter)"}},{"type":"Feature","geometry":{"type":"Point","coordinates":[-123.09835,49.27376]},"properties":{"StationName":"Vancouver, BC Canada","Code":"VAC","City":"Vancouver","State":"BC","StaType":"Station Building (with waiting room)"}},{"type":"Feature","geometry":{"type":"Point","coordinates":[-117.24166,43.98105]},"properties":{"StationName":"Vale, OR","Code":"VAE","City":"Vale","State":"OR","StaType":"Curbside Bus Stop only (no shelter)"}},{"type":"Feature","geometry":{"type":"Point","coordinates":[-122.25925,38.10027]},"properties":{"StationName":"Vallejo, CA","Code":"VAL","City":"Vallejo","State":"CA","StaType":"Curbside Bus Stop only (no shelter)"}},{"type":"Feature","geometry":{"type":"Point","coordinates":[-122.68656,45.62891]},"properties":{"StationName":"Vancouver, WA USA","Code":"VAN","City":"Vancouver","State":"WA","StaType":"Station Building (with waiting room)"}},{"type":"Feature","geometry":{"type":"Point","coordinates":[-121.71836,37.69699]},"properties":{"StationName":"Livermore, CA","Code":"VAS","City":"Livermore","State":"CA","StaType":"Platform with Shelter"}},{"type":"Feature","geometry":{"type":"Point","coordinates":[-123.36611,48.42096]},"properties":{"StationName":"Victoria, BC","Code":"VBC","City":"Victoria","State":"BC","StaType":"Curbside Bus Stop only (no shelter)"}},{"type":"Feature","geometry":{"type":"Point","coordinates":[-119.29993,34.27693]},"properties":{"StationName":"Ventura, CA","Code":"VEC","City":"Ventura","State":"CA","StaType":"Platform with Shelter"}},{"type":"Feature","geometry":{"type":"Point","coordinates":[-123.37419,48.42243]},"properties":{"StationName":"Victoria, BC","Code":"VIF","City":"Victoria","State":"BC","StaType":"Station Building (with waiting room)"}},{"type":"Feature","geometry":{"type":"Point","coordinates":[-119.28844,36.3319]},"properties":{"StationName":"Visalia, CA","Code":"VIS","City":"Visalia","State":"CA","StaType":"Station Building (with waiting room)"}},{"type":"Feature","geometry":{"type":"Point","coordinates":[-90.86383,32.32946]},"properties":{"StationName":"Vicksburg, MS","Code":"VKS","City":"Vicksburg","State":"MS","StaType":"Station Building (with waiting room)"}},{"type":"Feature","geometry":{"type":"Point","coordinates":[-88.89765,37.41539]},"properties":{"StationName":"Vienna, IL","Code":"VNA","City":"Vienna","State":"IL","StaType":"Curbside Bus Stop only (no shelter)"}},{"type":"Feature","geometry":{"type":"Point","coordinates":[-118.44822,34.2113]},"properties":{"StationName":"Van Nuys, CA","Code":"VNC","City":"Van Nuys","State":"CA","StaType":"Station Building (with waiting room)"}},{"type":"Feature","geometry":{"type":"Point","coordinates":[-73.24883,44.18093]},"properties":{"StationName":"Ferrisburgh-Vergennes, VT","Code":"VRN","City":"Ferrisburgh","State":"VT","StaType":"Station Building (with waiting room)"}},{"type":"Feature","geometry":{"type":"Point","coordinates":[-117.29297,34.5372]},"properties":{"StationName":"Victorville, CA","Code":"VRV","City":"Victorville","State":"CA","StaType":"Platform only (no shelter)"}},{"type":"Feature","geometry":{"type":"Point","coordinates":[-123.35232,44.05125]},"properties":{"StationName":"Veneta, OR","Code":"VTA","City":"Veneta","State":"OR","StaType":"Platform only (no shelter)"}},{"type":"Feature","geometry":{"type":"Point","coordinates":[-72.75181,44.33502]},"properties":{"StationName":"Waterbury-Stowe, VT","Code":"WAB","City":"Waterbury","State":"VT","StaType":"Station Building (with waiting room)"}},{"type":"Feature","geometry":{"type":"Point","coordinates":[-119.33232,35.5941]},"properties":{"StationName":"Wasco, CA","Code":"WAC","City":"Wasco","State":"CA","StaType":"Platform with Shelter"}},{"type":"Feature","geometry":{"type":"Point","coordinates":[-72.97661,43.47606]},"properties":{"StationName":"Wallingford, VT","Code":"WAG","City":"Wallingford","State":"VT","StaType":"Curbside Bus Stop only (no shelter)"}},{"type":"Feature","geometry":{"type":"Point","coordinates":[-91.01272,38.56147]},"properties":{"StationName":"Washington, MO","Code":"WAH","City":"Washington","State":"MO","StaType":"Station Building (with waiting room)"}},{"type":"Feature","geometry":{"type":"Point","coordinates":[-93.74091,38.76276]},"properties":{"StationName":"Warrensburg, MO","Code":"WAR","City":"Warrensburg","State":"MO","StaType":"Station Building (with waiting room)"}},{"type":"Feature","geometry":{"type":"Point","coordinates":[-77.00642,38.897]},"properties":{"StationName":"Washington, DC","Code":"WAS","City":"Washington","State":"DC","StaType":"Station Building (with waiting room)"}},{"type":"Feature","geometry":{"type":"Point","coordinates":[-89.11976,44.35681]},"properties":{"StationName":"Waupaca, WI","Code":"WAU","City":"Waupaca","State":"WI","StaType":"Curbside Bus Stop only (no shelter)"}},{"type":"Feature","geometry":{"type":"Point","coordinates":[-76.70857,37.27642]},"properties":{"StationName":"Williamsburg, VA","Code":"WBG","City":"Williamsburg","State":"VA","StaType":"Station Building (with waiting room)"}},{"type":"Feature","geometry":{"type":"Point","coordinates":[-122.8764,45.15159]},"properties":{"StationName":"Woodburn, OR","Code":"WBN","City":"Woodburn","State":"OR","StaType":"Platform with Shelter"}},{"type":"Feature","geometry":{"type":"Point","coordinates":[-118.3924,33.97583]},"properties":{"StationName":"Westchester, CA","Code":"WCH","City":"Westchester","State":"CA","StaType":"Curbside Bus Stop only (no shelter)"}},{"type":"Feature","geometry":{"type":"Point","coordinates":[-97.13235,31.55224]},"properties":{"StationName":"Waco, TX","Code":"WCX","City":"Waco","State":"TX","StaType":"Curbside Bus Stop only (no shelter)"}},{"type":"Feature","geometry":{"type":"Point","coordinates":[-77.24785,38.65892]},"properties":{"StationName":"Woodbridge, VA","Code":"WDB","City":"Woodbridge","State":"VA","StaType":"Platform with Shelter"}},{"type":"Feature","geometry":{"type":"Point","coordinates":[-89.77746,43.62652]},"properties":{"StationName":"Wisconsin Dells, WI","Code":"WDL","City":"Wisconsin Dells","State":"WI","StaType":"Station Building (with waiting room)"}},{"type":"Feature","geometry":{"type":"Point","coordinates":[-82.16673,29.79051]},"properties":{"StationName":"Waldo, FL","Code":"WDO","City":"Waldo","State":"FL","StaType":"Station Building (with waiting room)"}},{"type":"Feature","geometry":{"type":"Point","coordinates":[-69.38211,44.10148]},"properties":{"StationName":"Waldoboro, ME","Code":"WDR","City":"Waldoboro","State":"ME","StaType":"Curbside Bus Stop only (no shelter)"}},{"type":"Feature","geometry":{"type":"Point","coordinates":[-120.30732,47.42107]},"properties":{"StationName":"Wenatchee, WA","Code":"WEC","City":"Wenatchee","State":"WA","StaType":"Curbside Bus Stop only (no shelter)"}},{"type":"Feature","geometry":{"type":"Point","coordinates":[-97.38185,37.27494]},"properties":{"StationName":"Wellington, KS","Code":"WEL","City":"Wellington","State":"KS","StaType":"Curbside Bus Stop only (no shelter)"}},{"type":"Feature","geometry":{"type":"Point","coordinates":[-70.61219,43.32084]},"properties":{"StationName":"Wells, ME","Code":"WEM","City":"Wells","State":"ME","StaType":"Station Building (with waiting room)"}},{"type":"Feature","geometry":{"type":"Point","coordinates":[-120.30657,47.42156]},"properties":{"StationName":"Wenatchee, WA","Code":"WEN","City":"Wenatchee","State":"WA","StaType":"Platform with Shelter"}},{"type":"Feature","geometry":{"type":"Point","coordinates":[-118.44899,34.06878]},"properties":{"StationName":"Westwood UCLA, CA","Code":"WES","City":"Los Angeles","State":"CA","StaType":"Curbside Bus Stop only (no shelter)"}},{"type":"Feature","geometry":{"type":"Point","coordinates":[-72.82522,41.45698]},"properties":{"StationName":"Wallingford, CT","Code":"WFD","City":"Wallingford","State":"CT","StaType":"Platform with Shelter"}},{"type":"Feature","geometry":{"type":"Point","coordinates":[-114.33559,48.41348]},"properties":{"StationName":"Whitefish, MT","Code":"WFH","City":"Whitefish","State":"MT","StaType":"Station Building (with waiting room)"}},{"type":"Feature","geometry":{"type":"Point","coordinates":[-122.52952,43.75739]},"properties":{"StationName":"Westfir, OR","Code":"WFR","City":"Westfir","State":"OR","StaType":"Platform only (no shelter)"}},{"type":"Feature","geometry":{"type":"Point","coordinates":[-113.97918,48.49622]},"properties":{"StationName":"West Glacier, MT","Code":"WGL","City":"West Glacier","State":"MT","StaType":"Platform only (no shelter)"}},{"type":"Feature","geometry":{"type":"Point","coordinates":[-73.40321,43.5547]},"properties":{"StationName":"Whitehall, NY","Code":"WHL","City":"Whitehall","State":"NY","StaType":"Platform only (no shelter)"}},{"type":"Feature","geometry":{"type":"Point","coordinates":[-97.33407,37.68471]},"properties":{"StationName":"Wichita, KS","Code":"WIC","City":"Wichita","State":"KS","StaType":"Platform with Shelter"}},{"type":"Feature","geometry":{"type":"Point","coordinates":[-120.96616,45.65767]},"properties":{"StationName":"Wishram, WA","Code":"WIH","City":"Wishram","State":"WA","StaType":"Platform only (no shelter)"}},{"type":"Feature","geometry":{"type":"Point","coordinates":[-75.5511,39.73727]},"properties":{"StationName":"Wilmington, DE","Code":"WIL","City":"Wilmington","State":"DE","StaType":"Station Building (with waiting room)"}},{"type":"Feature","geometry":{"type":"Point","coordinates":[-91.64008,44.04441]},"properties":{"StationName":"Winona, MN","Code":"WIN","City":"Winona","State":"MN","StaType":"Platform with Shelter"}},{"type":"Feature","geometry":{"type":"Point","coordinates":[-105.8174,39.94757]},"properties":{"StationName":"Fraser-Winter Park, CO","Code":"WIP","City":"Fraser","State":"CO","StaType":"Platform with Shelter"}},{"type":"Feature","geometry":{"type":"Point","coordinates":[-89.12121,44.82276]},"properties":{"StationName":"Wittenberg, WI","Code":"WIT","City":"Wittenberg","State":"WI","StaType":"Curbside Bus Stop only (no shelter)"}},{"type":"Feature","geometry":{"type":"Point","coordinates":[-75.8832,41.24503]},"properties":{"StationName":"Wilkes-Barre, PA","Code":"WKB","City":"Wilkes-Barre","State":"PA","StaType":"Station Building (with waiting room)"}},{"type":"Feature","geometry":{"type":"Point","coordinates":[-121.96291,45.34755]},"properties":{"StationName":"Welches, OR","Code":"WLC","City":"Welches","State":"OR","StaType":"Curbside Bus Stop only (no shelter)"}},{"type":"Feature","geometry":{"type":"Point","coordinates":[-77.00081,41.24036]},"properties":{"StationName":"Williamsport, PA","Code":"WLM","City":"Williamsport","State":"PA","StaType":"Station Building (with waiting room)"}},{"type":"Feature","geometry":{"type":"Point","coordinates":[-77.90803,35.72314]},"properties":{"StationName":"Wilson, NC","Code":"WLN","City":"Wilson","State":"NC","StaType":"Station Building (with waiting room)"}},{"type":"Feature","geometry":{"type":"Point","coordinates":[-110.69499,35.02167]},"properties":{"StationName":"Winslow, AZ","Code":"WLO","City":"Winslow","State":"AZ","StaType":"Platform with Shelter"}},{"type":"Feature","geometry":{"type":"Point","coordinates":[-71.82978,41.38109]},"properties":{"StationName":"Westerly, RI","Code":"WLY","City":"Westerly","State":"RI","StaType":"Platform with Shelter"}},{"type":"Feature","geometry":{"type":"Point","coordinates":[-122.14701,39.15709]},"properties":{"StationName":"Williams, CA","Code":"WMD","City":"Williams","State":"CA","StaType":"Curbside Bus Stop only (no shelter)"}},{"type":"Feature","geometry":{"type":"Point","coordinates":[-112.19815,35.25115]},"properties":{"StationName":"Williams, AZ","Code":"WMH","City":"Williams","State":"AZ","StaType":"Station Building (with waiting room)"}},{"type":"Feature","geometry":{"type":"Point","coordinates":[-77.8749,34.2512]},"properties":{"StationName":"Wilmington, NC","Code":"WMN","City":"Wilmington","State":"NC","StaType":"Station Building (with waiting room)"}},{"type":"Feature","geometry":{"type":"Point","coordinates":[-121.26379,44.76389]},"properties":{"StationName":"Warm Springs, OR","Code":"WMS","City":"Warm Springs","State":"OR","StaType":"Curbside Bus Stop only (no shelter)"}},{"type":"Feature","geometry":{"type":"Point","coordinates":[-72.64225,41.85202]},"properties":{"StationName":"Windsor, CT","Code":"WND","City":"Windsor","State":"CT","StaType":"Platform with Shelter"}},{"type":"Feature","geometry":{"type":"Point","coordinates":[-72.6261,41.91396]},"properties":{"StationName":"Windsor Locks, CT","Code":"WNL","City":"Windsor Locks","State":"CT","StaType":"Platform with Shelter"}},{"type":"Feature","geometry":{"type":"Point","coordinates":[-72.38499,43.47992]},"properties":{"StationName":"Windsor-Mt. Ascutney, VT","Code":"WNM","City":"Windsor","State":"VT","StaType":"Platform only (no shelter)"}},{"type":"Feature","geometry":{"type":"Point","coordinates":[-117.73222,40.96905]},"properties":{"StationName":"Winnemucca, NV","Code":"WNN","City":"Winnemucca","State":"NV","StaType":"Platform with Shelter"}},{"type":"Feature","geometry":{"type":"Point","coordinates":[-83.04308,42.31784]},"properties":{"StationName":"Windsor, ON","Code":"WNO","City":"Windsor","State":"ON","StaType":"Station Building (with waiting room)"}},{"type":"Feature","geometry":{"type":"Point","coordinates":[-90.95677,36.06767]},"properties":{"StationName":"Walnut Ridge, AR","Code":"WNR","City":"Walnut Ridge","State":"AR","StaType":"Station Building (with waiting room)"}},{"type":"Feature","geometry":{"type":"Point","coordinates":[-80.24556,36.09979]},"properties":{"StationName":"Winston-Salem, NC","Code":"WNS","City":"Winston-Salem","State":"NC","StaType":"Station Building (with waiting room)"}},{"type":"Feature","geometry":{"type":"Point","coordinates":[-123.9019,46.16147]},"properties":{"StationName":"Warrenton, OR","Code":"WNT","City":"Warrenton","State":"OR","StaType":"Curbside Bus Stop only (no shelter)"}},{"type":"Feature","geometry":{"type":"Point","coordinates":[-71.14382,42.51737]},"properties":{"StationName":"Woburn, MA","Code":"WOB","City":"Woburn","State":"MA","StaType":"Station Building (with waiting room)"}},{"type":"Feature","geometry":{"type":"Point","coordinates":[-71.79481,42.26149]},"properties":{"StationName":"Worcester, MA","Code":"WOR","City":"Worcester","State":"MA","StaType":"Station Building (with waiting room)"}},{"type":"Feature","geometry":{"type":"Point","coordinates":[-80.06219,26.71256]},"properties":{"StationName":"West Palm Beach, FL","Code":"WPB","City":"West Palm Beach","State":"FL","StaType":"Station Building (with waiting room)"}},{"type":"Feature","geometry":{"type":"Point","coordinates":[-81.352,28.5971]},"properties":{"StationName":"Winter Park, FL","Code":"WPK","City":"Winter Park","State":"FL","StaType":"Station Building (with waiting room)"}},{"type":"Feature","geometry":{"type":"Point","coordinates":[-105.76326,39.88759]},"properties":{"StationName":"Winter Park, CO","Code":"WPR","City":"Winter Park","State":"CO","StaType":"Platform with Shelter"}},{"type":"Feature","geometry":{"type":"Point","coordinates":[-105.76185,39.8837]},"properties":{"StationName":"Winter Park, CO","Code":"WPS","City":"Winter Park","State":"CO","StaType":"Curbside Bus Stop only (no shelter)"}},{"type":"Feature","geometry":{"type":"Point","coordinates":[-105.64275,48.09168]},"properties":{"StationName":"Wolf Point, MT","Code":"WPT","City":"Wolf Point","State":"MT","StaType":"Station Building (with waiting room)"}},{"type":"Feature","geometry":{"type":"Point","coordinates":[-72.31727,43.64779]},"properties":{"StationName":"White River Junction, VT","Code":"WRJ","City":"White River Junction","State":"VT","StaType":"Station Building (with waiting room)"}},{"type":"Feature","geometry":{"type":"Point","coordinates":[-75.9326,43.98448]},"properties":{"StationName":"Watertown, NY","Code":"WRT","City":"Watertown","State":"NY","StaType":"Station Building (with waiting room)"}},{"type":"Feature","geometry":{"type":"Point","coordinates":[-72.448,41.2888]},"properties":{"StationName":"Westbrook, CT","Code":"WSB","City":"Westbrook","State":"CT","StaType":"Station Building (with waiting room)"}},{"type":"Feature","geometry":{"type":"Point","coordinates":[-89.62463,44.95946]},"properties":{"StationName":"Wausau, WI","Code":"WSJ","City":"Wausau","State":"WI","StaType":"Curbside Bus Stop only (no shelter)"}},{"type":"Feature","geometry":{"type":"Point","coordinates":[-73.45177,44.1873]},"properties":{"StationName":"Westport, NY","Code":"WSP","City":"Westport","State":"NY","StaType":"Station Building (with waiting room)"}},{"type":"Feature","geometry":{"type":"Point","coordinates":[-80.30401,37.78645]},"properties":{"StationName":"White Sulphur Springs, WV","Code":"WSS","City":"White Sulphur Springs","State":"WV","StaType":"Platform with Shelter"}},{"type":"Feature","geometry":{"type":"Point","coordinates":[-69.70923,43.97598]},"properties":{"StationName":"Wiscasset, ME","Code":"WST","City":"Wiscasset","State":"ME","StaType":"Curbside Bus Stop only (no shelter)"}},{"type":"Feature","geometry":{"type":"Point","coordinates":[-89.63565,44.85433]},"properties":{"StationName":"Wausau-Rothschild, WI","Code":"WSU","City":"Rothschild","State":"WI","StaType":"Station Building (with waiting room)"}},{"type":"Feature","geometry":{"type":"Point","coordinates":[-81.73488,28.00215]},"properties":{"StationName":"Winter Haven, FL","Code":"WTH","City":"Winter Haven","State":"FL","StaType":"Station Building (with waiting room)"}},{"type":"Feature","geometry":{"type":"Point","coordinates":[-85.0243,41.43182]},"properties":{"StationName":"Waterloo, IN","Code":"WTI","City":"Waterloo","State":"IN","StaType":"Station Building (with waiting room)"}},{"type":"Feature","geometry":{"type":"Point","coordinates":[-103.62094,48.14301]},"properties":{"StationName":"Williston, ND","Code":"WTN","City":"Williston","State":"ND","StaType":"Station Building (with waiting room)"}},{"type":"Feature","geometry":{"type":"Point","coordinates":[-123.35102,39.4126]},"properties":{"StationName":"Willits, CA","Code":"WTS","City":"Willits","State":"CA","StaType":"Curbside Bus Stop only (no shelter)"}},{"type":"Feature","geometry":{"type":"Point","coordinates":[-118.34152,46.06599]},"properties":{"StationName":"Walla Walla, WA","Code":"WWA","City":"Walla Walla","State":"WA","StaType":"Curbside Bus Stop only (no shelter)"}},{"type":"Feature","geometry":{"type":"Point","coordinates":[-82.03952,28.86617]},"properties":{"StationName":"Wildwood, FL","Code":"WWD","City":"Wildwood","State":"FL","StaType":"Station Building (with waiting room)"}},{"type":"Feature","geometry":{"type":"Point","coordinates":[-90.41524,32.84848]},"properties":{"StationName":"Yazoo City, MS","Code":"YAZ","City":"Yazoo City","State":"MS","StaType":"Platform with Shelter"}},{"type":"Feature","geometry":{"type":"Point","coordinates":[-124.10547,44.31171]},"properties":{"StationName":"Yachats, OR","Code":"YCH","City":"Yachats","State":"OR","StaType":"Curbside Bus Stop only (no shelter)"}},{"type":"Feature","geometry":{"type":"Point","coordinates":[-80.8469,32.68829]},"properties":{"StationName":"Yemassee, SC","Code":"YEM","City":"Yemassee","State":"SC","StaType":"Platform with Shelter"}},{"type":"Feature","geometry":{"type":"Point","coordinates":[-73.90226,40.93559]},"properties":{"StationName":"Yonkers, NY","Code":"YNY","City":"Yonkers","State":"NY","StaType":"Station Building (with waiting room)"}},{"type":"Feature","geometry":{"type":"Point","coordinates":[-119.57062,37.73774]},"properties":{"StationName":"Yosemite National Park, CA","Code":"YOC","City":"Yosemite National Park","State":"CA","StaType":"Curbside Bus Stop only (no shelter)"}},{"type":"Feature","geometry":{"type":"Point","coordinates":[-119.79716,37.75314]},"properties":{"StationName":"Yosemite National Park, CA","Code":"YOF","City":"Yosemite National Park","State":"CA","StaType":"Curbside Bus Stop only (no shelter)"}},{"type":"Feature","geometry":{"type":"Point","coordinates":[-119.65758,37.53766]},"properties":{"StationName":"Yosemite National Park, CA","Code":"YOH","City":"Yosemite National Park","State":"CA","StaType":"Curbside Bus Stop only (no shelter)"}},{"type":"Feature","geometry":{"type":"Point","coordinates":[-119.63035,37.50684]},"properties":{"StationName":"Yosemite National Park, CA","Code":"YOM","City":"Yosemite National Park","State":"CA","StaType":"Curbside Bus Stop only (no shelter)"}},{"type":"Feature","geometry":{"type":"Point","coordinates":[-119.59934,37.74265]},"properties":{"StationName":"Yosemite National Park, CA","Code":"YOS","City":"Yosemite National Park","State":"CA","StaType":"Curbside Bus Stop only (no shelter)"}},{"type":"Feature","geometry":{"type":"Point","coordinates":[-119.37381,37.87225]},"properties":{"StationName":"Yosemite National Park, CA","Code":"YOT","City":"Yosemite National Park","State":"CA","StaType":"Curbside Bus Stop only (no shelter)"}},{"type":"Feature","geometry":{"type":"Point","coordinates":[-119.58633,37.74805]},"properties":{"StationName":"Yosemite National Park, CA","Code":"YOV","City":"Yosemite National Park","State":"CA","StaType":"Curbside Bus Stop only (no shelter)"}},{"type":"Feature","geometry":{"type":"Point","coordinates":[-119.64931,37.86964]},"properties":{"StationName":"Yosemite National Park, CA","Code":"YOW","City":"Yosemite National Park","State":"CA","StaType":"Curbside Bus Stop only (no shelter)"}},{"type":"Feature","geometry":{"type":"Point","coordinates":[-114.61558,32.72314]},"properties":{"StationName":"Yuma, AZ","Code":"YUM","City":"Yuma","State":"AZ","StaType":"Platform only (no shelter)"}}]}