{"type":"FeatureCollection","features":[{"type":"Feature","id":1,"geometry":{"type":"MultiPolygon","coordinates":[[[[-66.95396,18.54093],[-66.93767,18.54005],[-66.9081,18.5333],[-66.90208,18.53524],[-66.90211,18.53842],[-66.88387,18.54167],[-66.85117,18.54252],[-66.83669,18.54021],[-66.82296,18.54311],[-66.79517,18.54332],[-66.77044,18.54003],[-66.7346,18.52601],[-66.70542,18.53262],[-66.6995,18.53574],[-66.68799,18.53833],[-66.66036,18.5398],[-66.64233,18.54353],[-66.60752,18.54384],[-66.59694,18.54291],[-66.58708,18.53996],[-66.57755,18.54152],[-66.5566,18.54026],[-66.53312,18.53548],[-66.51515,18.53375],[-66.49501,18.52747],[-66.47856,18.52442],[-66.46823,18.53238],[-66.45295,18.53896],[-66.43298,18.54022],[-66.41598,18.54362],[-66.39965,18.54376],[-66.37851,18.54057],[-66.33881,18.54038],[-66.31325,18.5307],[-66.30246,18.52828],[-66.2862,18.5274],[-66.27112,18.52971],[-66.26007,18.52945],[-66.23553,18.52371],[-66.22548,18.52395],[-66.21211,18.52185],[-66.19407,18.52651],[-66.12935,18.52452],[-66.10764,18.51921],[-66.08968,18.51992],[-66.07486,18.51762],[-66.04598,18.51767],[-66.02154,18.51172],[-65.9934,18.5166],[-65.96545,18.51015],[-65.94814,18.50265],[-65.93259,18.50105],[-65.9161,18.50517],[-65.8994,18.50473],[-65.87699,18.49955],[-65.85772,18.48725],[-65.85063,18.48807],[-65.8327,18.48621],[-65.80531,18.47826],[-65.77732,18.47661],[-65.75358,18.47201],[-65.74961,18.46951],[-65.74961,18.4647],[-65.7433,18.46381],[-65.72366,18.45445],[-65.71581,18.44722],[-65.70981,18.43843],[-65.69137,18.43074],[-65.67861,18.41854],[-65.66635,18.42617],[-65.65791,18.42891],[-65.64608,18.44222],[-65.63514,18.44815],[-65.6246,18.45126],[-65.58668,18.44334],[-65.5486,18.42866],[-65.4925,18.40369],[-65.4721,18.39816],[-65.46398,18.39348],[-65.44494,18.39385],[-65.42433,18.39087],[-65.41861,18.40121],[-65.40824,18.41126],[-65.3929,18.41895],[-65.37666,18.42149],[-65.35638,18.41749],[-65.33961,18.40897],[-65.32262,18.4033],[-65.31123,18.39549],[-65.30292,18.3875],[-65.28637,18.38734],[-65.2756,18.39056],[-65.26076,18.39234],[-65.2442,18.3975],[-65.23583,18.39774],[-65.22094,18.39527],[-65.20848,18.38937],[-65.19985,18.38257],[-65.18176,18.35773],[-65.17163,18.33344],[-65.1685,18.31335],[-65.16882,18.30352],[-65.1754,18.28669],[-65.18485,18.27205],[-65.19113,18.25889],[-65.19946,18.24904],[-65.20543,18.2447],[-65.22757,18.23577],[-65.24303,18.23552],[-65.25292,18.23802],[-65.26298,18.23102],[-65.28668,18.22599],[-65.30665,18.23008],[-65.31558,18.23449],[-65.32593,18.2446],[-65.34121,18.24513],[-65.3604,18.25344],[-65.37805,18.26728],[-65.40391,18.27644],[-65.42377,18.29138],[-65.43775,18.29035],[-65.46154,18.2933],[-65.45772,18.28319],[-65.45703,18.26814],[-65.46005,18.25418],[-65.46537,18.24368],[-65.47443,18.2334],[-65.48938,18.2253],[-65.49961,18.22216],[-65.4996,18.22446],[-65.53384,18.21836],[-65.54173,18.21037],[-65.55464,18.18477],[-65.53527,18.2013],[-65.52424,18.20852],[-65.51063,18.21391],[-65.46442,18.22222],[-65.44876,18.21915],[-65.4381,18.21411],[-65.4315,18.20867],[-65.39474,18.21174],[-65.34786,18.20593],[-65.32878,18.19993],[-65.27831,18.19792],[-65.27198,18.19625],[-65.25279,18.18717],[-65.23201,18.17085],[-65.22291,18.16039],[-65.21869,18.15245],[-65.21625,18.14355],[-65.21509,18.13626],[-65.21619,18.12302],[-65.22324,18.10523],[-65.23627,18.09238],[-65.2496,18.08431],[-65.26275,18.08103],[-65.27238,18.0804],[-65.29607,18.0718],[-65.31222,18.07114],[-65.31843,18.06717],[-65.33391,18.06219],[-65.3505,18.06204],[-65.3746,18.05559],[-65.39099,18.05639],[-65.4016,18.04896],[-65.41921,18.04322],[-65.42504,18.04288],[-65.43223,18.03902],[-65.4403,18.03718],[-65.44796,18.03592],[-65.47822,18.03688],[-65.49586,18.04202],[-65.50771,18.03542],[-65.52433,18.02971],[-65.54019,18.02764],[-65.5497,18.02845],[-65.58862,18.04108],[-65.5948,18.04508],[-65.61053,18.05808],[-65.6246,18.07748],[-65.62933,18.08926],[-65.63068,18.09867],[-65.63097,18.12302],[-65.62859,18.13408],[-65.61805,18.15418],[-65.66653,18.12774],[-65.67753,18.12607],[-65.68942,18.12641],[-65.70392,18.11232],[-65.7161,18.10627],[-65.72366,18.08504],[-65.73188,18.07534],[-65.73911,18.07078],[-65.74005,18.06255],[-65.74622,18.05065],[-65.7496,18.03879],[-65.76107,18.02753],[-65.78238,18.019],[-65.78146,18.00949],[-65.78448,17.99803],[-65.78861,17.98941],[-65.79764,17.97698],[-65.80506,17.97121],[-65.81098,17.96746],[-65.82785,17.9624],[-65.83459,17.95439],[-65.85253,17.94149],[-65.87793,17.93764],[-65.9049,17.92626],[-65.92175,17.92261],[-65.94461,17.92057],[-65.97288,17.92325],[-65.98452,17.9111],[-65.99961,17.9001],[-66.00841,17.89595],[-66.01889,17.89413],[-66.04177,17.89578],[-66.05615,17.90028],[-66.07672,17.91067],[-66.10369,17.88923],[-66.1223,17.87947],[-66.1485,17.87793],[-66.16717,17.87951],[-66.17971,17.88257],[-66.19365,17.87304],[-66.21327,17.86451],[-66.22733,17.86224],[-66.24331,17.86257],[-66.25737,17.8656],[-66.27178,17.87134],[-66.28281,17.87838],[-66.30309,17.88211],[-66.31648,17.87824],[-66.35851,17.87632],[-66.3664,17.87303],[-66.36265,17.87302],[-66.3702,17.87037],[-66.38812,17.86922],[-66.40577,17.87192],[-66.41739,17.87668],[-66.42448,17.88199],[-66.44166,17.87153],[-66.46174,17.86967],[-66.4654,17.86414],[-66.47939,17.85202],[-66.49415,17.84617],[-66.49961,17.84156],[-66.51331,17.83542],[-66.53093,17.83151],[-66.54856,17.83325],[-66.5642,17.8401],[-66.5713,17.84548],[-66.58308,17.86216],[-66.5868,17.8748],[-66.58573,17.88851],[-66.58105,17.90219],[-66.57407,17.91314],[-66.58262,17.90983],[-66.59167,17.90872],[-66.60199,17.91021],[-66.61427,17.91531],[-66.64167,17.91198],[-66.65935,17.90136],[-66.66923,17.89759],[-66.67706,17.89676],[-66.69333,17.90099],[-66.71006,17.90952],[-66.7134,17.91285],[-66.72378,17.9121],[-66.73854,17.9168],[-66.74633,17.91544],[-66.76189,17.91788],[-66.773,17.91484],[-66.78815,17.91607],[-66.80501,17.90648],[-66.82531,17.90045],[-66.84326,17.89895],[-66.8539,17.89488],[-66.872,17.89141],[-66.88145,17.8913],[-66.89056,17.89371],[-66.8975,17.88521],[-66.90273,17.88192],[-66.91289,17.87699],[-66.921,17.87518],[-66.93833,17.87847],[-66.95402,17.87651],[-66.97692,17.87874],[-67.00602,17.8858],[-67.01991,17.88436],[-67.03119,17.88715],[-67.044,17.88716],[-67.05805,17.89198],[-67.07813,17.89291],[-67.0867,17.89494],[-67.09542,17.89398],[-67.12106,17.89618],[-67.14279,17.90057],[-67.15616,17.88972],[-67.16692,17.88456],[-67.18194,17.88179],[-67.1945,17.88175],[-67.2106,17.88542],[-67.21851,17.8891],[-67.23348,17.89951],[-67.24104,17.91038],[-67.24962,17.91404],[-67.26068,17.92854],[-67.26413,17.93679],[-67.26664,17.94983],[-67.2659,17.96049],[-67.26749,17.98307],[-67.26489,17.99802],[-67.25991,18.01313],[-67.26132,18.0387],[-67.25934,18.04924],[-67.25536,18.05767],[-67.2606,18.07522],[-67.26017,18.08481],[-67.2574,18.09575],[-67.24962,18.1102],[-67.24631,18.11326],[-67.23856,18.11635],[-67.23537,18.12015],[-67.23544,18.12749],[-67.23901,18.14187],[-67.2362,18.15222],[-67.23725,18.16765],[-67.23589,18.17571],[-67.23003,18.19029],[-67.21423,18.21135],[-67.22506,18.22865],[-67.23046,18.24656],[-67.24962,18.25069],[-67.26973,18.26139],[-67.28596,18.28217],[-67.29938,18.30901],[-67.30661,18.31809],[-67.31991,18.34319],[-67.32341,18.3577],[-67.32325,18.36388],[-67.31869,18.38104],[-67.31415,18.38881],[-67.30272,18.40156],[-67.28049,18.41207],[-67.24962,18.41857],[-67.20794,18.44228],[-67.21713,18.46141],[-67.22134,18.47616],[-67.22272,18.48982],[-67.22162,18.498],[-67.21649,18.498],[-67.20574,18.51713],[-67.19515,18.52774],[-67.17551,18.54371],[-67.16047,18.55255],[-67.10483,18.56659],[-67.08826,18.568],[-67.06976,18.56728],[-67.01709,18.56265],[-67.00502,18.5601],[-66.99962,18.55844],[-66.99962,18.5562],[-66.96865,18.54299],[-66.95396,18.54093]]],[[[-64.55619,17.81056],[-64.52982,17.79301],[-64.52306,17.78502],[-64.516,17.77145],[-64.51273,17.75236],[-64.52029,17.72987],[-64.53101,17.71592],[-64.54875,17.70304],[-64.56096,17.69797],[-64.57699,17.69452],[-64.60682,17.67711],[-64.61833,17.67292],[-64.63368,17.66465],[-64.64683,17.66024],[-64.66118,17.65932],[-64.68783,17.65081],[-64.7111,17.64673],[-64.71656,17.64351],[-64.73746,17.63814],[-64.75643,17.63065],[-64.77274,17.62999],[-64.78886,17.62585],[-64.80168,17.6247],[-64.81153,17.62569],[-64.8257,17.63155],[-64.84384,17.63011],[-64.86556,17.63533],[-64.88541,17.62595],[-64.90036,17.62347],[-64.91591,17.62523],[-64.92584,17.62905],[-64.93517,17.63519],[-64.94358,17.6441],[-64.95318,17.66102],[-64.95649,17.67233],[-64.95638,17.68365],[-64.95447,17.69183],[-64.94792,17.70635],[-64.93894,17.71754],[-64.94373,17.72917],[-64.94681,17.74803],[-64.9436,17.76261],[-64.93419,17.78468],[-64.92678,17.79496],[-64.91056,17.80902],[-64.8993,17.81547],[-64.88273,17.82034],[-64.8692,17.82163],[-64.86156,17.821],[-64.84214,17.81475],[-64.82224,17.82692],[-64.79807,17.83306],[-64.78307,17.83453],[-64.76765,17.83265],[-64.74707,17.83518],[-64.73354,17.83285],[-64.72438,17.82917],[-64.71383,17.8226],[-64.70052,17.8092],[-64.69752,17.80876],[-64.68616,17.81509],[-64.679,17.82627],[-64.66811,17.83523],[-64.65234,17.84239],[-64.63228,17.84496],[-64.61206,17.8435],[-64.59231,17.83734],[-64.56711,17.82279],[-64.55619,17.81056]]],[[[-67.89761,18.17595],[-67.89493,18.16668],[-67.88556,18.16385],[-67.87463,18.16878],[-67.86082,18.17084],[-67.85244,18.17011],[-67.83441,18.16366],[-67.82575,18.15779],[-67.81126,18.14389],[-67.79945,18.12806],[-67.79198,18.10746],[-67.7904,18.09847],[-67.79045,18.08211],[-67.79356,18.0671],[-67.80284,18.05074],[-67.82244,18.02643],[-67.83848,18.01385],[-67.86258,18.00323],[-67.87463,17.99977],[-67.87463,18.00083],[-67.87957,17.99946],[-67.89178,18.0006],[-67.90089,17.99948],[-67.91469,18.00291],[-67.92293,18.00608],[-67.92942,18.01129],[-67.94583,18.01754],[-67.95356,18.02264],[-67.97613,18.0396],[-67.988,18.05221],[-67.99342,18.06241],[-67.99829,18.08376],[-67.99591,18.09491],[-67.98692,18.1093],[-67.98615,18.11919],[-67.99514,18.12921],[-67.99668,18.13507],[-67.99869,18.17078],[-67.99724,18.1799],[-67.99451,18.18504],[-67.98254,18.19749],[-67.97366,18.2036],[-67.95592,18.21023],[-67.93694,18.20937],[-67.92721,18.20627],[-67.91617,18.20011],[-67.90149,18.18407],[-67.89761,18.17595]]],[[[-67.47213,18.32609],[-67.49426,18.3279],[-67.51833,18.34045],[-67.53599,18.35828],[-67.54244,18.37765],[-67.54302,18.38613],[-67.54112,18.39645],[-67.53749,18.40634],[-67.53178,18.41449],[-67.52393,18.42176],[-67.50686,18.43248],[-67.49185,18.43731],[-67.47301,18.43814],[-67.46203,18.43574],[-67.45164,18.43059],[-67.43409,18.41717],[-67.42503,18.40685],[-67.41863,18.38997],[-67.41757,18.38014],[-67.41992,18.36668],[-67.42562,18.35451],[-67.43157,18.34733],[-67.454,18.33127],[-67.47213,18.32609]]],[[[-64.89103,18.46216],[-64.87391,18.40626],[-64.86497,18.39593],[-64.85995,18.39423],[-64.84592,18.39372],[-64.83061,18.3952],[-64.81667,18.40291],[-64.80033,18.4076],[-64.785,18.4038],[-64.778,18.38621],[-64.75692,18.37669],[-64.7438,18.37813],[-64.73765,18.37622],[-64.72983,18.37795],[-64.72702,18.37473],[-64.70819,18.37374],[-64.7016,18.37064],[-64.68329,18.37257],[-64.67525,18.36747],[-64.66848,18.36558],[-64.64043,18.364],[-64.63914,18.35519],[-64.64369,18.34411],[-64.63773,18.31976],[-64.66385,18.28538],[-64.6613,18.26736],[-64.66426,18.26127],[-64.67823,18.25232],[-64.69449,18.24876],[-64.7079,18.24873],[-64.72017,18.25069],[-64.74873,18.26306],[-64.75777,18.26086],[-64.77342,18.26051],[-64.78289,18.2527],[-64.80129,18.24511],[-64.79951,18.23649],[-64.79996,18.2226],[-64.80277,18.21337],[-64.81181,18.19872],[-64.81851,18.19206],[-64.83335,18.18346],[-64.84955,18.17969],[-64.86498,18.18091],[-64.87253,18.18349],[-64.8864,18.19141],[-64.89977,18.20653],[-64.90524,18.21852],[-64.90615,18.2242],[-64.92103,18.22885],[-64.93371,18.23797],[-64.94206,18.24801],[-64.94647,18.25723],[-64.96096,18.25606],[-64.98041,18.25691],[-64.99786,18.2525],[-65.01982,18.25236],[-65.03156,18.25628],[-65.04858,18.26678],[-65.05019,18.26913],[-65.05775,18.25417],[-65.06773,18.24391],[-65.08095,18.23648],[-65.10083,18.23263],[-65.11726,18.23477],[-65.13122,18.24176],[-65.14262,18.25079],[-65.14772,18.25909],[-65.15412,18.27743],[-65.15364,18.29314],[-65.1507,18.30285],[-65.14481,18.31289],[-65.13769,18.32056],[-65.13994,18.33629],[-65.13514,18.35086],[-65.13034,18.36154],[-65.11742,18.38024],[-65.11305,18.39576],[-65.11376,18.40688],[-65.11221,18.41883],[-65.10041,18.43955],[-65.09179,18.4471],[-65.08056,18.45281],[-65.06066,18.45975],[-65.04152,18.4591],[-65.0173,18.44933],[-65.00777,18.44071],[-64.99959,18.44553],[-64.98239,18.45071],[-64.96918,18.45095],[-64.95045,18.4463],[-64.93848,18.45684],[-64.92105,18.46381],[-64.90759,18.46499],[-64.89103,18.46216]]]]},"properties":{"fid":1,"zone":"Atlantic","utc":"-04:00","Shape__Area":1.3399906686436225,"Shape__Length":10.036593550827067}},{"type":"Feature","id":2,"geometry":{"type":"MultiPolygon","coordinates":[[[[-90.3253,46.71203],[-89.98381,47.24388],[-89.95711,47.29111],[-89.95341,47.29097],[-89.48339,48.01372],[-89.33756,47.97427],[-88.67745,48.24541],[-88.36987,48.30607],[-88.00008,48.16406],[-88.00008,48.15589],[-87.91082,48.12489],[-87.87509,48.11344],[-87.87509,48.11473],[-87.75009,48.06625],[-87.75009,48.06389],[-87.6251,48.02112],[-87.6251,48.01903],[-87.57425,47.99989],[-87.57689,47.99989],[-87.5001,47.96812],[-87.25011,47.87049],[-87.06311,47.8],[-86.94063,47.74991],[-86.94923,47.74991],[-86.75013,47.67197],[-86.75013,47.67492],[-86.63133,47.62493],[-86.63435,47.62493],[-86.62513,47.61778],[-86.62513,47.62002],[-86.50014,47.56953],[-86.50014,47.56833],[-86.31278,47.49995],[-86.30521,47.49995],[-86.25014,47.47791],[-86.25014,47.47446],[-86.12515,47.42348],[-86.12515,47.41675],[-86.02004,47.37497],[-86.02735,47.37497],[-86.00015,47.36189],[-86.00015,47.36729],[-85.87515,47.31627],[-85.87515,47.31403],[-85.75015,47.2614],[-85.75015,47.26429],[-85.72222,47.24999],[-85.41597,47.12501],[-85.42013,47.12501],[-85.25012,47.05655],[-85.25012,47.05452],[-85.12553,47.00003],[-84.85934,46.88885],[-84.76296,46.63433],[-84.55697,46.46065],[-84.4756,46.45287],[-84.44515,46.48902],[-84.42028,46.50109],[-84.39473,46.49925],[-84.374,46.50911],[-84.34143,46.5077],[-84.32538,46.50003],[-84.29302,46.49281],[-84.27582,46.49283],[-84.2654,46.4944],[-84.25444,46.50083],[-84.22614,46.53393],[-84.19403,46.54016],[-84.17743,46.52693],[-84.16603,46.52623],[-84.13943,46.53223],[-84.12893,46.53013],[-84.12333,46.52093],[-84.11793,46.51763],[-84.11123,46.50413],[-84.14618,46.41853],[-84.13891,46.37223],[-84.11913,46.33702],[-84.10625,46.32197],[-84.11963,46.31502],[-84.11557,46.26823],[-84.09777,46.25652],[-84.10809,46.24125],[-84.08579,46.21],[-84.07703,46.18757],[-84.00569,46.14956],[-84.00588,46.11848],[-83.97614,46.10256],[-83.95543,46.0572],[-83.90348,46.06092],[-83.82625,46.1193],[-83.75953,46.10318],[-83.65465,46.12206],[-83.57147,46.10601],[-83.43356,45.9989],[-83.54763,45.87503],[-83.63687,45.77395],[-83.48398,45.77195],[-82.99997,45.55639],[-82.87877,45.50003],[-82.87496,45.49673],[-82.74995,45.44223],[-82.52064,45.33591],[-82.38284,44.75002],[-82.38551,44.75002],[-82.37493,44.71645],[-82.37493,44.70815],[-82.35479,44.62502],[-82.35646,44.62502],[-82.32647,44.50002],[-82.24992,44.16515],[-82.24992,44.15876],[-82.12298,43.59084],[-82.29511,43.25004],[-82.35625,43.12504],[-82.38998,43.06225],[-82.411,43.01132],[-82.42373,42.99853],[-82.42497,42.99339],[-82.42305,42.98845],[-82.41348,42.9769],[-82.4167,42.96643],[-82.42873,42.95203],[-82.44723,42.93772],[-82.45603,42.92582],[-82.46969,42.88756],[-82.46868,42.85206],[-82.47262,42.83668],[-82.47853,42.82563],[-82.48258,42.80865],[-82.48091,42.80265],[-82.4706,42.78371],[-82.46705,42.76876],[-82.46767,42.76191],[-82.48339,42.73347],[-82.48396,42.71795],[-82.49763,42.69504],[-82.51086,42.665],[-82.51004,42.6368],[-82.51961,42.61274],[-82.52484,42.60598],[-82.54815,42.59176],[-82.55818,42.58118],[-82.57882,42.56604],[-82.58548,42.55319],[-82.5912,42.5506],[-82.60575,42.54818],[-82.62433,42.55714],[-82.63373,42.55681],[-82.64307,42.55433],[-82.66189,42.54175],[-82.66807,42.53312],[-82.71158,42.48915],[-82.83025,42.3735],[-82.94549,42.3474],[-82.95975,42.34004],[-82.9892,42.33249],[-83.01408,42.33133],[-83.02624,42.32892],[-83.06364,42.31687],[-83.08002,42.30718],[-83.09998,42.28671],[-83.11203,42.2606],[-83.12637,42.23842],[-83.13439,42.17463],[-83.12531,42.13756],[-83.11923,42.12527],[-83.12241,42.11428],[-83.12753,42.10498],[-83.13213,42.08815],[-83.1457,42.05387],[-83.14945,42.04027],[-83.06932,41.86423],[-82.68112,41.67634],[-82.39835,41.67653],[-81.70921,42.00005],[-81.68645,42.00005],[-81.62485,42.03074],[-81.62485,42.02963],[-81.49518,42.09641],[-81.24984,42.21642],[-81.02614,42.25005],[-80.99983,42.25241],[-80.08023,42.39417],[-79.47695,42.62507],[-78.99976,42.80438],[-78.93056,42.85011],[-78.90576,42.89997],[-78.90566,42.92337],[-78.90916,42.93327],[-78.91886,42.94687],[-78.93236,42.95587],[-78.96176,42.95776],[-78.97507,42.96876],[-79.01157,42.98526],[-79.01997,42.99476],[-79.02326,43.01636],[-79.01175,43.02896],[-79.00514,43.04706],[-78.99944,43.05607],[-79.00713,43.06577],[-79.07446,43.07787],[-79.07537,43.08136],[-79.06596,43.09106],[-79.05796,43.10697],[-79.0602,43.11361],[-79.06956,43.12026],[-79.05677,43.12686],[-79.04946,43.13506],[-79.04406,43.13806],[-79.04236,43.14366],[-79.04654,43.16233],[-79.05293,43.17347],[-79.05257,43.18366],[-79.04866,43.19966],[-79.05706,43.21066],[-79.05286,43.22206],[-79.05586,43.23856],[-79.05606,43.25416],[-79.07046,43.26246],[-79.20094,43.45043],[-79.06372,43.50003],[-78.74976,43.60927],[-78.6883,43.63475],[-78.12474,43.63118],[-77.49973,43.63209],[-77.12471,43.63113],[-76.99974,43.62921],[-76.77624,43.62954],[-76.75354,43.68428],[-76.49893,44.00007],[-76.43829,44.09418],[-76.35268,44.13475],[-76.31264,44.19905],[-76.28655,44.20378],[-76.24549,44.20367],[-76.20678,44.21455],[-76.19133,44.22125],[-76.16426,44.23961],[-76.16183,44.28078],[-76.13089,44.29664],[-76.1292,44.29518],[-76.11814,44.29486],[-76.11193,44.29804],[-76.09735,44.29955],[-76.04523,44.33173],[-76.001,44.34754],[-75.97828,44.34688],[-75.97018,44.34284],[-75.94954,44.34914],[-75.92947,44.35961],[-75.92172,44.36889],[-75.91299,44.36809],[-75.8715,44.39485],[-75.82082,44.43225],[-75.80777,44.47165],[-75.76623,44.51586],[-75.72705,44.54282],[-75.69659,44.56759],[-75.66238,44.59194],[-75.61837,44.61965],[-75.5059,44.70509],[-75.47764,44.72023],[-75.42394,44.75634],[-75.41379,44.77254],[-75.39701,44.77348],[-75.38737,44.78003],[-75.36996,44.78289],[-75.36983,44.78807],[-75.34454,44.80915],[-75.33375,44.80638],[-75.30198,44.82665],[-75.30762,44.83682],[-75.28313,44.84916],[-75.25552,44.85766],[-75.2413,44.86696],[-75.22864,44.8679],[-75.21858,44.87758],[-75.20301,44.87756],[-75.19407,44.88263],[-75.18828,44.88322],[-75.16513,44.89333],[-75.13987,44.89669],[-75.13442,44.91511],[-75.11758,44.92135],[-75.10509,44.91955],[-75.09666,44.92708],[-75.06483,44.92946],[-75.05997,44.93458],[-75.02713,44.94658],[-75.00515,44.95842],[-74.99926,44.96612],[-74.99927,44.97165],[-74.99273,44.97748],[-74.97242,44.98342],[-74.94751,44.98459],[-74.90795,44.98338],[-74.90073,44.99277],[-74.88784,45.00006],[-74.87723,45.00137],[-74.86664,45.00055],[-74.86265,45.0046],[-74.85642,45.00453],[-74.83468,45.01471],[-74.82658,45.01587],[-74.8172,45.01174],[-74.81327,45.01355],[-74.80164,45.01458],[-74.79989,45.01072],[-74.79315,45.00465],[-74.76341,45.00562],[-74.76022,44.99495],[-74.74464,44.99057],[-74.7313,44.99043],[-74.72257,44.99807],[-74.70202,45.00333],[-74.68397,44.9997],[-74.67327,45.00085],[-74.67053,45.0063],[-74.66306,44.99893],[-74.46538,44.99723],[-74.33655,44.99203],[-74.15014,44.99137],[-73.84142,45.00215],[-73.65025,45.00301],[-73.42789,45.00942],[-73.06535,45.01597],[-72.96687,45.01415],[-72.84699,45.01667],[-72.63466,45.0147],[-72.58474,45.01158],[-72.55539,45.00803],[-72.45044,45.00857],[-72.31195,45.0038],[-71.50102,45.01345],[-71.49954,45.01488],[-71.5014,45.01752],[-71.49936,45.01834],[-71.50087,45.01936],[-71.49856,45.02024],[-71.50007,45.0201],[-71.50016,45.0235],[-71.49712,45.02361],[-71.50014,45.02609],[-71.49798,45.02655],[-71.49869,45.02831],[-71.49716,45.02865],[-71.49627,45.03176],[-71.49415,45.0315],[-71.49481,45.03308],[-71.49255,45.03356],[-71.49092,45.04265],[-71.49326,45.04577],[-71.49935,45.04468],[-71.50452,45.04609],[-71.50316,45.04812],[-71.50661,45.04756],[-71.50439,45.05238],[-71.49959,45.05249],[-71.5002,45.05408],[-71.4972,45.05581],[-71.49908,45.05644],[-71.49756,45.0575],[-71.5006,45.05733],[-71.50127,45.05874],[-71.4992,45.05837],[-71.4971,45.06013],[-71.49567,45.06476],[-71.49804,45.0702],[-71.49567,45.06886],[-71.49443,45.07132],[-71.48776,45.07138],[-71.48935,45.073],[-71.48637,45.07564],[-71.48729,45.07868],[-71.48264,45.07901],[-71.47997,45.08164],[-71.4812,45.08292],[-71.47813,45.08435],[-71.47699,45.08293],[-71.47517,45.08425],[-71.46789,45.08366],[-71.46439,45.09336],[-71.45835,45.09517],[-71.45944,45.09656],[-71.45845,45.09884],[-71.44929,45.10448],[-71.45108,45.10511],[-71.4487,45.1079],[-71.45061,45.10918],[-71.44879,45.11258],[-71.44033,45.1137],[-71.43862,45.11727],[-71.42839,45.12368],[-71.42908,45.12472],[-71.4261,45.12948],[-71.43242,45.13801],[-71.4376,45.14189],[-71.43539,45.14188],[-71.43327,45.14832],[-71.4264,45.15268],[-71.42624,45.15602],[-71.42484,45.15674],[-71.42573,45.15776],[-71.42349,45.16068],[-71.42344,45.16465],[-71.42493,45.16585],[-71.41845,45.17054],[-71.41737,45.17487],[-71.4141,45.179],[-71.41575,45.18069],[-71.41442,45.1848],[-71.40694,45.18996],[-71.40742,45.19157],[-71.4042,45.19498],[-71.40586,45.19771],[-71.39997,45.20033],[-71.39734,45.20353],[-71.40312,45.21531],[-71.41581,45.21837],[-71.41741,45.22176],[-71.42074,45.22386],[-71.42639,45.22519],[-71.4405,45.23501],[-71.44351,45.23481],[-71.44282,45.2383],[-71.43422,45.23842],[-71.42963,45.23598],[-71.42913,45.23397],[-71.42105,45.23221],[-71.41682,45.23579],[-71.41301,45.23585],[-71.41192,45.23873],[-71.40852,45.2393],[-71.40745,45.24123],[-71.40215,45.24261],[-71.39636,45.24186],[-71.38926,45.23496],[-71.38414,45.23352],[-71.37834,45.2435],[-71.36277,45.24831],[-71.35654,45.25391],[-71.35933,45.2621],[-71.36321,45.26675],[-71.36028,45.27034],[-71.35346,45.26861],[-71.34768,45.27203],[-71.34235,45.27127],[-71.33641,45.27275],[-71.3308,45.28029],[-71.32083,45.28193],[-71.31542,45.2866],[-71.30759,45.28749],[-71.30182,45.29537],[-71.29623,45.29915],[-71.29097,45.29872],[-71.28791,45.30092],[-71.28579,45.30037],[-71.28422,45.30237],[-71.28052,45.2946],[-71.27269,45.29658],[-71.26495,45.2938],[-71.26618,45.29145],[-71.26298,45.27744],[-71.25963,45.27458],[-71.25939,45.27204],[-71.25641,45.27321],[-71.24947,45.26803],[-71.24562,45.26881],[-71.23919,45.26334],[-71.23942,45.26168],[-71.23559,45.26092],[-71.23133,45.25391],[-71.23311,45.25153],[-71.23061,45.24943],[-71.22826,45.24939],[-71.2221,45.25337],[-71.22063,45.25074],[-71.21266,45.25013],[-71.2025,45.25433],[-71.19643,45.25406],[-71.19514,45.25128],[-71.19119,45.24941],[-71.19103,45.24789],[-71.18773,45.24763],[-71.18689,45.2444],[-71.18397,45.24495],[-71.1824,45.24064],[-71.1801,45.23995],[-71.1732,45.24632],[-71.16882,45.24628],[-71.16233,45.25036],[-71.14857,45.24288],[-71.14756,45.23944],[-71.14351,45.24256],[-71.13291,45.24452],[-71.12794,45.2537],[-71.12412,45.25515],[-71.1239,45.2584],[-71.11955,45.26163],[-71.1202,45.26515],[-71.11643,45.26945],[-71.11631,45.27409],[-71.11065,45.27539],[-71.10719,45.27836],[-71.10544,45.28281],[-71.10917,45.28236],[-71.11099,45.28439],[-71.10656,45.2911],[-71.10419,45.29153],[-71.10528,45.29488],[-71.09825,45.30023],[-71.0982,45.30168],[-71.08572,45.30579],[-71.07498,45.30706],[-71.06554,45.31255],[-71.0591,45.31385],[-71.05317,45.31143],[-71.0415,45.31312],[-71.03372,45.31003],[-71.02709,45.3147],[-71.01623,45.31554],[-71.00852,45.31925],[-71.00392,45.32738],[-71.00187,45.32844],[-71.00665,45.33274],[-71.01212,45.33388],[-71.01062,45.33817],[-71.013,45.34424],[-71.01037,45.34767],[-71.00143,45.34418],[-71.00044,45.34204],[-70.99382,45.33837],[-70.99085,45.33811],[-70.98912,45.33415],[-70.98498,45.33192],[-70.97333,45.33362],[-70.96732,45.33223],[-70.96119,45.33673],[-70.95238,45.33913],[-70.95024,45.33751],[-70.95093,45.33481],[-70.94949,45.33133],[-70.94513,45.32905],[-70.9452,45.32571],[-70.94058,45.32324],[-70.93889,45.31999],[-70.92997,45.31882],[-70.92716,45.31486],[-70.91784,45.31173],[-70.91961,45.30527],[-70.91376,45.30036],[-70.91201,45.29632],[-70.91381,45.29188],[-70.9187,45.28729],[-70.92133,45.27924],[-70.91641,45.27735],[-70.91131,45.27],[-70.9075,45.26845],[-70.90508,45.26523],[-70.9059,45.26084],[-70.89851,45.25834],[-70.89833,45.25486],[-70.89515,45.25227],[-70.89825,45.24409],[-70.89505,45.24033],[-70.88932,45.23871],[-70.88284,45.23426],[-70.87482,45.23416],[-70.85819,45.22916],[-70.84614,45.23439],[-70.83807,45.23463],[-70.83664,45.23731],[-70.83926,45.23755],[-70.84863,45.24519],[-70.84653,45.25302],[-70.84962,45.25592],[-70.8481,45.25894],[-70.84894,45.2631],[-70.84125,45.26702],[-70.83646,45.27599],[-70.8319,45.27892],[-70.82994,45.29019],[-70.83546,45.29397],[-70.82501,45.2979],[-70.81629,45.29819],[-70.81154,45.30378],[-70.81463,45.30817],[-70.80843,45.31183],[-70.80609,45.32159],[-70.80807,45.325],[-70.80758,45.32767],[-70.81291,45.32805],[-70.81808,45.3326],[-70.81906,45.33546],[-70.81802,45.33789],[-70.8199,45.3402],[-70.81733,45.34475],[-70.8098,45.34868],[-70.80944,45.35152],[-70.81164,45.35213],[-70.81447,45.35669],[-70.80984,45.35798],[-70.80844,45.36308],[-70.80253,45.36569],[-70.80673,45.37746],[-70.81246,45.38345],[-70.81377,45.38777],[-70.81729,45.39037],[-70.82393,45.39103],[-70.82574,45.40027],[-70.81282,45.41142],[-70.81133,45.41618],[-70.80251,45.41795],[-70.7981,45.42653],[-70.79382,45.42837],[-70.78758,45.42648],[-70.78144,45.43124],[-70.76823,45.42851],[-70.7644,45.42594],[-70.75458,45.42832],[-70.75002,45.42324],[-70.74401,45.42118],[-70.74526,45.41627],[-70.74357,45.41187],[-70.73038,45.40438],[-70.73144,45.40188],[-70.72965,45.39911],[-70.72385,45.39558],[-70.71201,45.39049],[-70.6995,45.39455],[-70.69616,45.39243],[-70.68765,45.39289],[-70.6829,45.39522],[-70.67817,45.39428],[-70.66166,45.38632],[-70.66078,45.37814],[-70.65877,45.37768],[-70.65044,45.3772],[-70.63489,45.38343],[-70.6349,45.38533],[-70.63888,45.38883],[-70.63632,45.39524],[-70.63304,45.39841],[-70.62334,45.40023],[-70.62127,45.40275],[-70.6238,45.4058],[-70.63017,45.40704],[-70.63505,45.41108],[-70.6355,45.4149],[-70.63115,45.4159],[-70.62787,45.42261],[-70.63049,45.42678],[-70.63599,45.42739],[-70.64045,45.43079],[-70.64309,45.4336],[-70.64255,45.4363],[-70.64617,45.43778],[-70.65073,45.44495],[-70.66293,45.44597],[-70.67508,45.45189],[-70.68111,45.45219],[-70.68182,45.4617],[-70.69047,45.46362],[-70.69287,45.46637],[-70.69172,45.47428],[-70.69948,45.47893],[-70.70473,45.47887],[-70.7164,45.48648],[-70.71784,45.49024],[-70.71189,45.49714],[-70.7116,45.50182],[-70.72269,45.50652],[-70.72364,45.51014],[-70.72257,45.51368],[-70.71576,45.51886],[-70.71112,45.51954],[-70.70646,45.52792],[-70.6991,45.53014],[-70.70092,45.5325],[-70.69809,45.53534],[-70.69653,45.54001],[-70.68698,45.54932],[-70.6771,45.55222],[-70.6892,45.56219],[-70.68512,45.56658],[-70.68769,45.56943],[-70.6781,45.57051],[-70.67204,45.57624],[-70.67214,45.57853],[-70.66409,45.5828],[-70.66381,45.58461],[-70.65905,45.58729],[-70.65912,45.58968],[-70.65396,45.59282],[-70.64978,45.59758],[-70.65085,45.59937],[-70.64457,45.60699],[-70.63616,45.60994],[-70.63181,45.60919],[-70.61915,45.61203],[-70.61815,45.61549],[-70.60854,45.62178],[-70.60705,45.62566],[-70.59673,45.62979],[-70.59087,45.63047],[-70.58991,45.63385],[-70.58402,45.63889],[-70.58357,45.64241],[-70.57953,45.64359],[-70.57557,45.64838],[-70.57283,45.64878],[-70.56495,45.65482],[-70.56521,45.65714],[-70.5622,45.66038],[-70.56371,45.66275],[-70.56022,45.66403],[-70.55859,45.66649],[-70.55288,45.66792],[-70.54718,45.6661],[-70.54239,45.66647],[-70.53391,45.67102],[-70.52639,45.66637],[-70.51991,45.66908],[-70.51981,45.67137],[-70.51078,45.67916],[-70.50231,45.68186],[-70.50239,45.6833],[-70.49646,45.68565],[-70.49431,45.68867],[-70.47606,45.69693],[-70.46911,45.70169],[-70.47053,45.70306],[-70.46547,45.70654],[-70.46136,45.70557],[-70.45593,45.70706],[-70.45091,45.70394],[-70.44447,45.70376],[-70.44106,45.7054],[-70.43916,45.70388],[-70.4313,45.70703],[-70.42565,45.70725],[-70.42886,45.70801],[-70.4292,45.7104],[-70.40035,45.71973],[-70.40062,45.72167],[-70.39673,45.72515],[-70.39651,45.72909],[-70.3901,45.72851],[-70.38384,45.73456],[-70.38586,45.73463],[-70.38544,45.73628],[-70.39014,45.73611],[-70.38937,45.73746],[-70.39389,45.7401],[-70.39292,45.74147],[-70.39451,45.7436],[-70.38915,45.74701],[-70.38843,45.75022],[-70.39588,45.75664],[-70.40078,45.75737],[-70.40703,45.76254],[-70.40546,45.77001],[-70.40766,45.77322],[-70.40562,45.77652],[-70.41018,45.78425],[-70.41574,45.78536],[-70.41436,45.79017],[-70.41781,45.79399],[-70.41687,45.79555],[-70.40667,45.79781],[-70.40137,45.79597],[-70.39616,45.79867],[-70.39572,45.80254],[-70.39785,45.80378],[-70.39669,45.80811],[-70.38779,45.81436],[-70.38803,45.81881],[-70.3768,45.82677],[-70.37224,45.82801],[-70.36934,45.83118],[-70.37193,45.83397],[-70.37082,45.83521],[-70.35943,45.83546],[-70.3557,45.83961],[-70.35219,45.84091],[-70.35299,45.84237],[-70.3493,45.84708],[-70.34352,45.84999],[-70.34195,45.85235],[-70.30781,45.85886],[-70.30352,45.86275],[-70.28446,45.87171],[-70.27393,45.87965],[-70.27221,45.88309],[-70.25882,45.89118],[-70.26572,45.89376],[-70.25387,45.90249],[-70.25339,45.90738],[-70.25953,45.90977],[-70.25718,45.91765],[-70.26056,45.92048],[-70.26235,45.92005],[-70.26309,45.924],[-70.25331,45.93256],[-70.23963,45.93965],[-70.24035,45.94292],[-70.23914,45.94395],[-70.24428,45.94469],[-70.24233,45.94665],[-70.24803,45.94965],[-70.24897,45.95244],[-70.25279,45.95541],[-70.25635,45.95207],[-70.26053,45.9523],[-70.25866,45.9546],[-70.26007,45.9576],[-70.25802,45.95899],[-70.26144,45.96],[-70.26571,45.96422],[-70.27448,45.96139],[-70.27494,45.96347],[-70.27269,45.96438],[-70.277,45.96726],[-70.28339,45.96379],[-70.29837,45.9629],[-70.30485,45.96498],[-70.31255,45.96214],[-70.31586,45.963],[-70.31157,45.96637],[-70.31246,45.96912],[-70.31024,45.97255],[-70.31193,45.97453],[-70.30703,45.97836],[-70.30891,45.98041],[-70.30699,45.9827],[-70.29973,45.98588],[-70.29467,45.98617],[-70.28394,45.9955],[-70.28863,45.99402],[-70.28871,45.9953],[-70.29109,45.99497],[-70.29035,45.99591],[-70.29192,45.99737],[-70.30237,45.99869],[-70.30403,46.0012],[-70.30302,46.00298],[-70.30555,46.0036],[-70.30612,46.00978],[-70.3113,46.01206],[-70.3105,46.01493],[-70.31223,46.01666],[-70.31405,46.01614],[-70.318,46.01908],[-70.30137,46.02763],[-70.29846,46.03089],[-70.30193,46.03181],[-70.30185,46.03335],[-70.29737,46.04072],[-70.29424,46.04103],[-70.28914,46.04651],[-70.28105,46.05066],[-70.27961,46.05234],[-70.28078,46.05428],[-70.27832,46.0563],[-70.27894,46.06085],[-70.28218,46.06028],[-70.28425,46.06273],[-70.29219,46.06045],[-70.30038,46.06059],[-70.30336,46.06227],[-70.30688,46.06113],[-70.31096,46.06419],[-70.30253,46.07037],[-70.30503,46.07181],[-70.30208,46.07328],[-70.30286,46.0766],[-70.29998,46.07842],[-70.30228,46.08044],[-70.30191,46.08237],[-70.29202,46.0868],[-70.28971,46.09458],[-70.28418,46.0979],[-70.28594,46.09984],[-70.27937,46.09987],[-70.27253,46.10209],[-70.25311,46.10013],[-70.25221,46.1053],[-70.25279,46.1076],[-70.25532,46.10903],[-70.25348,46.11227],[-70.25453,46.11371],[-70.25218,46.11508],[-70.25148,46.11952],[-70.24784,46.12268],[-70.24744,46.1256],[-70.24356,46.12877],[-70.2439,46.13102],[-70.23968,46.13787],[-70.23958,46.1432],[-70.23628,46.14524],[-70.24042,46.149],[-70.24059,46.15098],[-70.24252,46.14976],[-70.24382,46.15147],[-70.24823,46.15182],[-70.2476,46.15313],[-70.25036,46.1543],[-70.24954,46.15552],[-70.25261,46.15817],[-70.25544,46.15849],[-70.25964,46.16322],[-70.26447,46.16466],[-70.26657,46.16934],[-70.27759,46.17458],[-70.28584,46.18261],[-70.28594,46.18464],[-70.29061,46.18515],[-70.29009,46.18889],[-70.29269,46.19147],[-70.28898,46.19278],[-70.28817,46.19529],[-70.28601,46.1954],[-70.28541,46.19758],[-70.27753,46.20371],[-70.2764,46.20752],[-70.27108,46.21083],[-70.27202,46.21371],[-70.27436,46.21453],[-70.27365,46.21684],[-70.2715,46.21649],[-70.26871,46.21799],[-70.26904,46.21967],[-70.26748,46.21942],[-70.26576,46.22362],[-70.26734,46.22503],[-70.26037,46.23024],[-70.25798,46.23794],[-70.2592,46.23893],[-70.25405,46.24571],[-70.25539,46.24613],[-70.25089,46.24912],[-70.2515,46.25188],[-70.25468,46.25422],[-70.25304,46.25518],[-70.25307,46.25883],[-70.25009,46.26144],[-70.24866,46.26709],[-70.24304,46.27182],[-70.24335,46.27308],[-70.24067,46.27296],[-70.23988,46.27916],[-70.23253,46.28472],[-70.23163,46.29104],[-70.21696,46.29424],[-70.2169,46.29545],[-70.21525,46.29478],[-70.21237,46.29855],[-70.20588,46.29974],[-70.2061,46.30987],[-70.20298,46.31437],[-70.20729,46.31956],[-70.20605,46.32475],[-70.20894,46.3295],[-70.1957,46.34084],[-70.19578,46.3433],[-70.19148,46.34758],[-70.19119,46.35023],[-70.18169,46.35219],[-70.18111,46.35417],[-70.17289,46.3592],[-70.16656,46.35737],[-70.16167,46.36107],[-70.1586,46.35925],[-70.15643,46.36146],[-70.14809,46.359],[-70.1449,46.36212],[-70.14109,46.36253],[-70.14138,46.36482],[-70.13644,46.36988],[-70.13373,46.36889],[-70.12699,46.37082],[-70.12811,46.37895],[-70.12703,46.38041],[-70.11621,46.38593],[-70.11665,46.38823],[-70.11498,46.38803],[-70.11421,46.38521],[-70.11076,46.38612],[-70.11232,46.3881],[-70.11021,46.38743],[-70.1099,46.38895],[-70.10776,46.38773],[-70.10988,46.39028],[-70.1087,46.39138],[-70.10685,46.39054],[-70.10753,46.39265],[-70.10166,46.39708],[-70.10094,46.40127],[-70.09878,46.40108],[-70.10042,46.40316],[-70.09778,46.40425],[-70.10094,46.40527],[-70.09518,46.40643],[-70.09684,46.40701],[-70.09452,46.40831],[-70.09694,46.40949],[-70.08912,46.41093],[-70.08703,46.40926],[-70.08125,46.41068],[-70.07645,46.40955],[-70.0565,46.41559],[-69.99711,46.69553],[-69.61285,47.07904],[-69.22446,47.45984],[-69.21789,47.45662],[-69.20613,47.45411],[-69.2052,47.45196],[-69.19579,47.4555],[-69.18991,47.45357],[-69.1789,47.45739],[-69.17273,47.45566],[-69.17252,47.45355],[-69.16493,47.45152],[-69.16313,47.45028],[-69.16506,47.44925],[-69.16226,47.44744],[-69.15902,47.44843],[-69.1565,47.45165],[-69.15037,47.44874],[-69.14561,47.4486],[-69.14106,47.44401],[-69.1393,47.44665],[-69.12681,47.44357],[-69.12361,47.4407],[-69.12338,47.44262],[-69.12202,47.44271],[-69.118,47.4392],[-69.11209,47.43753],[-69.1126,47.43581],[-69.10779,47.43538],[-69.10656,47.43068],[-69.10774,47.42769],[-69.10506,47.42791],[-69.10419,47.43087],[-69.10056,47.43021],[-69.09888,47.43146],[-69.09716,47.42975],[-69.09785,47.4269],[-69.09127,47.42684],[-69.09014,47.42415],[-69.08814,47.42555],[-69.08136,47.42375],[-69.07486,47.4273],[-69.06839,47.42742],[-69.06734,47.43008],[-69.06191,47.4306],[-69.06374,47.43191],[-69.06355,47.43407],[-69.06215,47.43265],[-69.05564,47.43219],[-69.05683,47.42999],[-69.05449,47.4291],[-69.05212,47.43002],[-69.05324,47.42854],[-69.04855,47.4242],[-69.05232,47.42328],[-69.05215,47.42215],[-69.04655,47.42428],[-69.04744,47.42775],[-69.04322,47.42679],[-69.04226,47.4236],[-69.03946,47.4223],[-69.0392,47.41966],[-69.04225,47.41572],[-69.03452,47.41457],[-69.0366,47.40769],[-69.03129,47.40907],[-69.0306,47.40743],[-69.03341,47.40445],[-69.0316,47.40314],[-69.03238,47.40223],[-69.03945,47.40373],[-69.04033,47.4057],[-69.04229,47.40523],[-69.03987,47.40225],[-69.03524,47.40181],[-69.04003,47.40027],[-69.04273,47.40198],[-69.04185,47.39824],[-69.03757,47.39685],[-69.03921,47.39541],[-69.04377,47.39744],[-69.04541,47.393],[-69.04489,47.38867],[-69.04014,47.38602],[-69.03964,47.38422],[-69.04214,47.38265],[-69.04748,47.38343],[-69.05089,47.38098],[-69.05003,47.37856],[-69.05492,47.37759],[-69.05363,47.34048],[-69.05493,47.31531],[-69.04934,47.30583],[-69.05079,47.30395],[-69.05075,47.29951],[-69.05354,47.29715],[-69.0532,47.29279],[-69.05128,47.29235],[-69.04977,47.28922],[-69.04929,47.28328],[-69.05088,47.27845],[-69.04694,47.27158],[-69.05082,47.2565],[-69.04092,47.24498],[-69.0338,47.24038],[-69.02711,47.23935],[-68.98043,47.22013],[-68.97863,47.21771],[-68.9653,47.21252],[-68.96119,47.20568],[-68.95287,47.2069],[-68.95077,47.20201],[-68.94103,47.20611],[-68.93421,47.2001],[-68.9282,47.19869],[-68.93008,47.19757],[-68.92856,47.19658],[-68.92571,47.19785],[-68.92084,47.1955],[-68.91992,47.18991],[-68.90851,47.18636],[-68.90498,47.18045],[-68.90009,47.17773],[-68.89558,47.18247],[-68.88215,47.18292],[-68.87143,47.18894],[-68.85742,47.19033],[-68.84995,47.19628],[-68.83148,47.20389],[-68.81153,47.21514],[-68.80427,47.21538],[-68.78138,47.22106],[-68.76435,47.22205],[-68.75189,47.22637],[-68.73437,47.23569],[-68.73015,47.23568],[-68.71702,47.24055],[-68.70511,47.23788],[-68.68724,47.24444],[-68.68449,47.2429],[-68.675,47.24232],[-68.66326,47.23623],[-68.65988,47.23611],[-68.65544,47.23886],[-68.63509,47.24232],[-68.61728,47.24346],[-68.60743,47.24707],[-68.59355,47.25878],[-68.59332,47.26109],[-68.5982,47.26853],[-68.59768,47.27016],[-68.59236,47.27414],[-68.58945,47.28055],[-68.58005,47.28712],[-68.57463,47.28742],[-68.54993,47.28211],[-68.54004,47.28468],[-68.53021,47.29206],[-68.51861,47.29577],[-68.50818,47.29644],[-68.49039,47.29382],[-68.47481,47.29717],[-68.46484,47.29392],[-68.45848,47.2843],[-68.4489,47.28201],[-68.44133,47.28367],[-68.42988,47.2813],[-68.41514,47.28742],[-68.41006,47.28802],[-68.39004,47.28598],[-68.37797,47.28739],[-68.37482,47.29098],[-68.37633,47.29522],[-68.38397,47.30118],[-68.38486,47.30357],[-68.38105,47.30936],[-68.38464,47.32604],[-68.37774,47.3436],[-68.37196,47.34929],[-68.36306,47.35472],[-68.32833,47.36002],[-68.30333,47.35523],[-68.29102,47.35974],[-68.28503,47.3603],[-68.26503,47.35218],[-68.248,47.3521],[-68.23451,47.3553],[-68.22766,47.35299],[-68.22465,47.35018],[-68.22372,47.34474],[-68.21457,47.33961],[-68.20237,47.3394],[-68.1763,47.3289],[-68.15998,47.3271],[-68.15488,47.32519],[-68.1524,47.32203],[-68.15387,47.31331],[-68.15228,47.3096],[-68.13593,47.29564],[-68.12752,47.29401],[-68.12096,47.28741],[-68.09206,47.27646],[-68.0819,47.27099],[-68.07401,47.2592],[-68.05877,47.255],[-68.01663,47.23493],[-67.98978,47.21],[-67.97312,47.20674],[-67.95728,47.1996],[-67.95199,47.19464],[-67.9515,47.18343],[-67.93882,47.17082],[-67.9351,47.16363],[-67.92749,47.15504],[-67.90991,47.14717],[-67.90339,47.13643],[-67.89425,47.13055],[-67.89074,47.12646],[-67.88814,47.10969],[-67.88289,47.10433],[-67.8487,47.09331],[-67.83072,47.085],[-67.82102,47.08335],[-67.81139,47.07608],[-67.7902,47.06723],[-67.78829,46.60131],[-67.78197,46.26278],[-67.78125,45.94346],[-67.77784,45.93422],[-67.77347,45.93483],[-67.77191,45.93196],[-67.76808,45.93217],[-67.76594,45.93055],[-67.76624,45.92804],[-67.75855,45.92639],[-67.75838,45.92334],[-67.75385,45.92133],[-67.75063,45.91765],[-67.75537,45.91167],[-67.75793,45.91226],[-67.76039,45.90963],[-67.76532,45.90976],[-67.76481,45.90799],[-67.76953,45.90082],[-67.76805,45.89812],[-67.77647,45.89592],[-67.77808,45.89754],[-67.77925,45.89459],[-67.78438,45.89573],[-67.78751,45.89469],[-67.79521,45.88782],[-67.79689,45.88786],[-67.79886,45.88433],[-67.80391,45.88291],[-67.80472,45.87314],[-67.80322,45.87035],[-67.80455,45.86939],[-67.79615,45.86525],[-67.7985,45.86406],[-67.79593,45.86181],[-67.79711,45.86003],[-67.78728,45.84956],[-67.7688,45.83901],[-67.76523,45.83443],[-67.76377,45.82885],[-67.75532,45.82336],[-67.76564,45.81854],[-67.77855,45.81896],[-67.78069,45.81777],[-67.78085,45.81537],[-67.80199,45.80308],[-67.80612,45.7949],[-67.80373,45.78113],[-67.80532,45.76974],[-67.80916,45.76738],[-67.80614,45.75533],[-67.79299,45.75055],[-67.7818,45.73113],[-67.80962,45.72958],[-67.80293,45.6961],[-67.81801,45.69383],[-67.8035,45.67771],[-67.76866,45.67753],[-67.7543,45.66758],[-67.74438,45.673],[-67.73243,45.66341],[-67.72722,45.66268],[-67.7247,45.66416],[-67.72024,45.66229],[-67.71757,45.6651],[-67.71796,45.66765],[-67.72353,45.67],[-67.72376,45.67224],[-67.73002,45.67669],[-67.73463,45.68899],[-67.72732,45.68858],[-67.71784,45.67946],[-67.70947,45.68139],[-67.71058,45.67932],[-67.70139,45.66911],[-67.69793,45.65963],[-67.69115,45.65353],[-67.6923,45.6501],[-67.67954,45.6381],[-67.67516,45.63094],[-67.66623,45.62422],[-67.66315,45.62542],[-67.64556,45.61329],[-67.63972,45.61603],[-67.64401,45.62311],[-67.63889,45.62508],[-67.6085,45.60621],[-67.58977,45.60677],[-67.5831,45.60229],[-67.56182,45.59473],[-67.55775,45.59479],[-67.55704,45.59697],[-67.54824,45.59785],[-67.53555,45.59513],[-67.51922,45.58758],[-67.49901,45.58665],[-67.49149,45.59089],[-67.49111,45.59318],[-67.48788,45.59602],[-67.49404,45.59894],[-67.49333,45.60131],[-67.486,45.60142],[-67.47704,45.60389],[-67.47233,45.60051],[-67.46848,45.60064],[-67.46495,45.60345],[-67.45667,45.60432],[-67.44998,45.60247],[-67.4473,45.59662],[-67.44529,45.59638],[-67.42558,45.5784],[-67.42329,45.57158],[-67.42905,45.56856],[-67.4266,45.56061],[-67.42214,45.55658],[-67.42275,45.55372],[-67.42073,45.5497],[-67.424,45.54694],[-67.42514,45.54022],[-67.43254,45.54044],[-67.43483,45.53592],[-67.43495,45.52823],[-67.4319,45.5238],[-67.43278,45.51984],[-67.42578,45.5172],[-67.42653,45.51516],[-67.42101,45.51181],[-67.41626,45.50137],[-67.41823,45.50129],[-67.42297,45.50554],[-67.42533,45.50495],[-67.42736,45.50097],[-67.43026,45.50107],[-67.43071,45.50311],[-67.44198,45.50526],[-67.45016,45.51035],[-67.45354,45.50878],[-67.44888,45.50209],[-67.44956,45.49922],[-67.45136,45.49893],[-67.4636,45.50839],[-67.47113,45.50415],[-67.47068,45.49979],[-67.46451,45.49831],[-67.46365,45.49705],[-67.46523,45.49617],[-67.46757,45.49517],[-67.47124,45.49724],[-67.47338,45.49605],[-67.47761,45.49702],[-67.48202,45.49391],[-67.48548,45.49554],[-67.48905,45.49305],[-67.48809,45.49116],[-67.48948,45.48915],[-67.49508,45.48869],[-67.50007,45.49086],[-67.50347,45.48956],[-67.5037,45.48667],[-67.50097,45.4789],[-67.48727,45.46778],[-67.48251,45.46017],[-67.48237,45.45732],[-67.48502,45.45569],[-67.48477,45.45266],[-67.48373,45.44945],[-67.47683,45.44453],[-67.47719,45.44212],[-67.48032,45.44055],[-67.47805,45.43677],[-67.47746,45.43055],[-67.47367,45.42446],[-67.47054,45.42275],[-67.46105,45.42211],[-67.45877,45.41527],[-67.42732,45.39073],[-67.42302,45.3795],[-67.41929,45.37713],[-67.42122,45.37353],[-67.42677,45.37371],[-67.43024,45.3716],[-67.43453,45.36491],[-67.43345,45.36067],[-67.42532,45.35741],[-67.43152,45.3497],[-67.42887,45.34424],[-67.43126,45.34108],[-67.44062,45.33606],[-67.44373,45.33077],[-67.45071,45.32916],[-67.45697,45.32517],[-67.45188,45.31764],[-67.45342,45.31372],[-67.45779,45.30967],[-67.46031,45.30003],[-67.46804,45.29896],[-67.46867,45.29736],[-67.46591,45.29689],[-67.4661,45.29384],[-67.47472,45.29164],[-67.47618,45.28853],[-67.47792,45.28827],[-67.48124,45.29107],[-67.48507,45.29114],[-67.48636,45.28986],[-67.48587,45.28702],[-67.48963,45.28213],[-67.48901,45.28054],[-67.48348,45.27947],[-67.48211,45.2753],[-67.47637,45.27538],[-67.47479,45.26333],[-67.47143,45.26073],[-67.47297,45.25844],[-67.46401,45.24483],[-67.46189,45.24268],[-67.45374,45.24117],[-67.44729,45.23302],[-67.43929,45.22631],[-67.42785,45.20175],[-67.4291,45.19335],[-67.42677,45.19151],[-67.41816,45.18996],[-67.40651,45.17884],[-67.40045,45.17761],[-67.39826,45.17333],[-67.39913,45.16887],[-67.40472,45.16664],[-67.40494,45.15998],[-67.3928,45.15436],[-67.38056,45.15212],[-67.37047,45.14191],[-67.35645,45.13297],[-67.35743,45.13219],[-67.3534,45.12919],[-67.34897,45.12949],[-67.34596,45.12654],[-67.34092,45.1251],[-67.3304,45.13181],[-67.32106,45.13134],[-67.31756,45.13812],[-67.31992,45.14243],[-67.30942,45.14375],[-67.29588,45.14798],[-67.2942,45.15363],[-67.30154,45.157],[-67.30269,45.16079],[-67.29934,45.16919],[-67.29147,45.17105],[-67.29115,45.1746],[-67.29413,45.17722],[-67.29078,45.18171],[-67.29105,45.18758],[-67.28354,45.19183],[-67.26937,45.19056],[-67.26219,45.18792],[-67.25533,45.18293],[-67.2472,45.18108],[-67.24392,45.17825],[-67.242,45.17178],[-67.23318,45.16866],[-67.22719,45.16347],[-67.22302,45.16351],[-67.20511,45.17153],[-67.19089,45.16572],[-67.16796,45.16474],[-67.15887,45.16204],[-67.145,45.14603],[-67.12891,45.13239],[-67.11259,45.11258],[-67.0946,45.0748],[-67.02164,44.95393],[-67.00986,44.94475],[-66.99702,44.92862],[-66.96884,44.91043],[-66.97236,44.89486],[-66.98012,44.87755],[-66.98216,44.86723],[-66.98074,44.86058],[-66.97472,44.85094],[-66.97477,44.84152],[-66.96532,44.82891],[-66.93256,44.82552],[-66.88544,44.79422],[-66.90255,44.77657],[-66.94184,44.76563],[-66.95227,44.76043],[-66.96374,44.75009],[-66.97752,44.73125],[-67.01076,44.71733],[-67.02396,44.7051],[-67.03928,44.69698],[-67.04378,44.688],[-67.05021,44.68106],[-67.08828,44.65274],[-67.09671,44.6392],[-67.11059,44.62881],[-67.12745,44.62143],[-67.13344,44.61377],[-67.14085,44.60827],[-67.15707,44.60022],[-67.17432,44.59471],[-67.19149,44.57955],[-67.23587,44.55815],[-67.24805,44.55491],[-67.26368,44.55415],[-67.27923,44.55033],[-67.30082,44.54987],[-67.30418,44.54439],[-67.31548,44.53328],[-67.33598,44.52271],[-67.35678,44.5181],[-67.37443,44.51818],[-67.3882,44.52041],[-67.41388,44.50965],[-67.4434,44.50529],[-67.44126,44.50009],[-67.44172,44.49024],[-67.44423,44.48114],[-67.45524,44.46488],[-67.46688,44.45733],[-67.47303,44.44835],[-67.49943,44.42756],[-67.51278,44.42066],[-67.54958,44.40663],[-67.55366,44.40318],[-67.56758,44.39722],[-67.61003,44.38579],[-67.62741,44.38348],[-67.65498,44.38672],[-67.67464,44.39464],[-67.67939,44.39189],[-67.69582,44.38771],[-67.71533,44.38651],[-67.72953,44.38771],[-67.74174,44.39084],[-67.75857,44.39827],[-67.77475,44.41132],[-67.78834,44.4022],[-67.79899,44.39837],[-67.80557,44.39102],[-67.79604,44.37953],[-67.79526,44.36117],[-67.8008,44.34749],[-67.80969,44.33652],[-67.82373,44.32705],[-67.84229,44.32049],[-67.85834,44.31703],[-67.87444,44.31693],[-67.89815,44.32214],[-67.91669,44.33352],[-67.92518,44.34144],[-67.93339,44.33232],[-67.94241,44.32608],[-67.96078,44.31927],[-67.96557,44.30601],[-67.97365,44.29517],[-67.98271,44.28839],[-67.99945,44.28021],[-68.01818,44.27512],[-68.02784,44.27422],[-68.06096,44.27827],[-68.12828,44.26426],[-68.12445,44.25464],[-68.12445,44.25009],[-68.12174,44.25009],[-68.12066,44.24432],[-68.12263,44.22605],[-68.12815,44.21728],[-68.13758,44.20687],[-68.15649,44.19485],[-68.17075,44.19012],[-68.16839,44.17292],[-68.1713,44.16051],[-68.17189,44.13964],[-68.17586,44.12509],[-68.18581,44.11197],[-68.20336,44.0996],[-68.23024,44.09051],[-68.24578,44.08913],[-68.26314,44.09063],[-68.27921,44.06995],[-68.29371,44.06087],[-68.31139,44.05344],[-68.32565,44.05078],[-68.33561,44.05067],[-68.35658,44.04585],[-68.3688,44.04523],[-68.40079,44.05055],[-68.43684,44.05324],[-68.44656,44.04259],[-68.46301,44.03212],[-68.48494,44.02832],[-68.48741,44.01779],[-68.49311,44.01057],[-68.53071,43.98663],[-68.53815,43.97697],[-68.54728,43.96863],[-68.56839,43.95798],[-68.59416,43.95374],[-68.61873,43.9559],[-68.64101,43.94937],[-68.65959,43.948],[-68.68968,43.95421],[-68.70719,43.96384],[-68.72148,43.96195],[-68.74265,43.94316],[-68.72619,43.94339],[-68.707,43.93919],[-68.68695,43.92982],[-68.67926,43.92346],[-68.66872,43.90884],[-68.66379,43.89394],[-68.66499,43.88051],[-68.66943,43.86959],[-68.68466,43.85466],[-68.71275,43.83841],[-68.72431,43.8346],[-68.74947,43.83254],[-68.76449,43.81902],[-68.78532,43.80435],[-68.78181,43.79273],[-68.78122,43.78515],[-68.78224,43.77755],[-68.78614,43.76837],[-68.80056,43.7501],[-68.81051,43.74267],[-68.81723,43.73965],[-68.83617,43.73359],[-68.86145,43.73252],[-68.87448,43.73419],[-68.92017,43.7474],[-68.93817,43.76035],[-68.94444,43.76788],[-68.94984,43.78018],[-68.98116,43.7838],[-68.99668,43.79007],[-69.00992,43.79845],[-69.01791,43.80786],[-69.02429,43.81985],[-69.02474,43.83422],[-69.02278,43.84252],[-69.03427,43.84639],[-69.05589,43.85892],[-69.05801,43.85247],[-69.06494,43.84192],[-69.08301,43.82566],[-69.09421,43.81891],[-69.10562,43.8141],[-69.1189,43.81098],[-69.13102,43.80314],[-69.14983,43.79574],[-69.17104,43.7932],[-69.1972,43.796],[-69.20682,43.79997],[-69.22656,43.81221],[-69.23655,43.82564],[-69.24949,43.81916],[-69.26234,43.81538],[-69.24254,43.79977],[-69.23328,43.78097],[-69.23338,43.76232],[-69.2381,43.75009],[-69.24494,43.74078],[-69.26203,43.72543],[-69.28295,43.71377],[-69.30895,43.70502],[-69.32349,43.70368],[-69.33509,43.70449],[-69.35638,43.71089],[-69.36886,43.71854],[-69.38759,43.73611],[-69.39721,43.76338],[-69.39531,43.78027],[-69.38728,43.79902],[-69.40058,43.80454],[-69.40927,43.81083],[-69.46987,43.79391],[-69.48038,43.78817],[-69.50579,43.77846],[-69.50749,43.77237],[-69.51583,43.76098],[-69.51416,43.75009],[-69.51909,43.73213],[-69.52449,43.72398],[-69.53531,43.71454],[-69.55094,43.70715],[-69.56662,43.70284],[-69.58457,43.702],[-69.5967,43.7033],[-69.60776,43.70041],[-69.61729,43.69982],[-69.64405,43.70358],[-69.66475,43.71176],[-69.67327,43.70419],[-69.68633,43.69821],[-69.69339,43.68339],[-69.69922,43.67587],[-69.70834,43.66823],[-69.7304,43.65728],[-69.74949,43.65399],[-69.7758,43.65559],[-69.78658,43.65814],[-69.79359,43.65315],[-69.80883,43.64735],[-69.82752,43.64497],[-69.84167,43.64494],[-69.85521,43.64696],[-70.13661,43.53348],[-70.15599,43.52445],[-70.16415,43.51857],[-70.19975,43.48424],[-70.2436,43.44838],[-70.25966,43.43202],[-70.26843,43.42636],[-70.27399,43.41516],[-70.2804,43.40875],[-70.30287,43.39591],[-70.31895,43.39015],[-70.32177,43.38497],[-70.34619,43.35819],[-70.34679,43.34963],[-70.35164,43.33911],[-70.3674,43.32333],[-70.38538,43.31529],[-70.39671,43.31247],[-70.40093,43.3083],[-70.42181,43.2975],[-70.45531,43.29036],[-70.46547,43.28949],[-70.47327,43.29101],[-70.49323,43.28684],[-70.49729,43.27437],[-70.50219,43.26813],[-70.51482,43.25557],[-70.52083,43.25211],[-70.51238,43.24272],[-70.50628,43.22492],[-70.50632,43.21884],[-70.51119,43.20122],[-70.51348,43.19608],[-70.51967,43.19102],[-70.51994,43.18295],[-70.52292,43.1789],[-70.52085,43.17458],[-70.52168,43.15489],[-70.49949,43.16686],[-70.48636,43.17027],[-70.46494,43.17081],[-70.44094,43.16665],[-70.41964,43.15256],[-70.40723,43.13845],[-70.40463,43.13146],[-70.40305,43.11953],[-70.40624,43.1021],[-70.42108,43.08666],[-70.43057,43.08023],[-70.43977,43.07655],[-70.45907,43.07149],[-70.46899,43.07074],[-70.49301,43.07305],[-70.51043,43.08013],[-70.5302,43.09374],[-70.53742,43.10586],[-70.54041,43.11965],[-70.54013,43.13056],[-70.55303,43.12359],[-70.55576,43.12151],[-70.55742,43.11467],[-70.56539,43.1066],[-70.58216,43.0955],[-70.59063,43.06737],[-70.59966,43.05695],[-70.57307,43.0529],[-70.55835,43.04727],[-70.54218,43.03405],[-70.53254,43.02],[-70.52888,43.00578],[-70.53148,42.99417],[-70.53475,42.98849],[-70.53599,42.95618],[-70.54023,42.94404],[-70.54459,42.93769],[-70.55298,42.92926],[-70.57349,42.91766],[-70.59288,42.91301],[-70.61409,42.91287],[-70.6504,42.92062],[-70.66778,42.92747],[-70.68442,42.94028],[-70.69055,42.94825],[-70.6944,42.95676],[-70.7003,42.9471],[-70.70899,42.93815],[-70.72602,42.92853],[-70.72475,42.9177],[-70.72797,42.89094],[-70.73501,42.87469],[-70.74883,42.85884],[-70.74552,42.84445],[-70.73904,42.83583],[-70.73487,42.82449],[-70.73366,42.80367],[-70.73723,42.78796],[-70.73184,42.77837],[-70.72585,42.75903],[-70.71927,42.7501],[-70.71432,42.73192],[-70.70258,42.72417],[-70.68293,42.72884],[-70.66131,42.73662],[-70.64166,42.73973],[-70.62594,42.73973],[-70.54931,42.72417],[-70.52966,42.70706],[-70.51393,42.6806],[-70.50214,42.63548],[-70.50214,42.62459],[-70.51197,42.60592],[-70.52179,42.59347],[-70.54537,42.57013],[-70.58271,42.55301],[-70.60629,42.53123],[-70.69039,42.27901],[-70.6887,42.26348],[-70.68406,42.25384],[-70.64862,42.23737],[-70.64011,42.22838],[-70.63633,42.21639],[-70.63633,42.20291],[-70.64295,42.17819],[-70.60838,42.13849],[-70.27743,42.11435],[-70.24947,42.12693],[-70.22918,42.1312],[-70.20622,42.13306],[-70.1954,42.13156],[-70.17254,42.13452],[-70.12069,42.12511],[-70.0671,42.10534],[-70.0403,42.09164],[-70.01159,42.07339],[-69.99628,42.0597],[-69.96948,42.02926],[-69.94821,42.00011],[-69.92911,41.97848],[-69.90918,41.94207],[-69.88002,41.86199],[-69.87238,41.83159],[-69.86653,41.81702],[-69.8656,41.79099],[-69.86006,41.75851],[-69.85895,41.70692],[-69.86288,41.67316],[-69.86813,41.6568],[-69.87446,41.64503],[-69.88901,41.6252],[-69.89166,41.61719],[-69.89856,41.6061],[-69.9154,41.58925],[-69.92152,41.57091],[-69.92135,41.56229],[-69.92463,41.54465],[-69.92899,41.53216],[-69.9364,41.52194],[-69.94661,41.51216],[-69.95817,41.50467],[-69.97129,41.49888],[-69.99817,41.49341],[-69.99946,41.49054],[-70.01386,41.47745],[-70.02368,41.47196],[-70.04031,41.46597],[-70.05544,41.46412],[-70.07374,41.46503],[-70.0849,41.4675],[-70.10151,41.47445],[-70.11439,41.48409],[-70.1226,41.49451],[-70.12668,41.50371],[-70.12855,41.52474],[-70.12256,41.53784],[-70.11672,41.545],[-70.10203,41.55636],[-70.08032,41.56446],[-70.07359,41.57772],[-70.06335,41.59018],[-70.06805,41.60296],[-70.06857,41.61071],[-70.07793,41.61254],[-70.12695,41.60021],[-70.13849,41.5987],[-70.16036,41.59938],[-70.1815,41.59356],[-70.20804,41.58416],[-70.22556,41.56857],[-70.24946,41.56015],[-70.26743,41.55838],[-70.2789,41.55932],[-70.28997,41.56165],[-70.31125,41.57107],[-70.33155,41.56791],[-70.34634,41.56846],[-70.36421,41.5622],[-70.39516,41.55673],[-70.4239,41.52874],[-70.44857,41.5131],[-70.46644,41.50617],[-70.48974,41.50186],[-70.49821,41.50257],[-70.5086,41.49897],[-70.49947,41.48824],[-70.49494,41.47964],[-70.48969,41.46299],[-70.46395,41.46801],[-70.43645,41.46893],[-70.42109,41.46442],[-70.40593,41.45702],[-70.39289,41.44549],[-70.38587,41.43373],[-70.38081,41.412],[-70.38069,41.38537],[-70.38345,41.36994],[-70.37011,41.36878],[-70.35309,41.38146],[-70.33829,41.38856],[-70.32359,41.39162],[-70.30244,41.38963],[-70.28321,41.39289],[-70.26728,41.39343],[-70.24769,41.3899],[-70.23814,41.38621],[-70.22162,41.37178],[-70.21512,41.36028],[-70.2083,41.35803],[-70.19838,41.35903],[-70.17491,41.3573],[-70.15999,41.35225],[-70.1487,41.34522],[-70.13794,41.34638],[-70.11934,41.35265],[-70.09784,41.35359],[-70.11133,41.3704],[-70.11644,41.38617],[-70.11654,41.39514],[-70.11273,41.40813],[-70.10582,41.41987],[-70.09441,41.43082],[-70.06517,41.4427],[-70.04427,41.44381],[-70.0259,41.44109],[-70.00647,41.43391],[-69.98178,41.41522],[-69.96963,41.40352],[-69.9438,41.36673],[-69.92644,41.3388],[-69.91009,41.31727],[-69.89489,41.29038],[-69.89221,41.27133],[-69.89447,41.25925],[-69.89901,41.24555],[-69.91032,41.22686],[-69.92291,41.21585],[-69.94201,41.20453],[-69.97318,41.19355],[-69.99946,41.18831],[-70.0257,41.18711],[-70.05165,41.19092],[-70.07267,41.19164],[-70.10968,41.18981],[-70.17885,41.20454],[-70.21702,41.21818],[-70.23998,41.22847],[-70.28574,41.24235],[-70.29448,41.24651],[-70.3143,41.26054],[-70.33509,41.27279],[-70.34408,41.27615],[-70.37447,41.26947],[-70.39678,41.27302],[-70.40873,41.2773],[-70.42908,41.26866],[-70.44476,41.26552],[-70.45985,41.26526],[-70.47564,41.27023],[-70.49331,41.27998],[-70.5122,41.29832],[-70.59314,41.29985],[-70.65509,41.29617],[-70.68502,41.29318],[-70.69287,41.28965],[-70.70311,41.28905],[-70.70736,41.28023],[-70.7165,41.26946],[-70.73484,41.25924],[-70.73367,41.25012],[-70.73891,41.23644],[-70.74431,41.22604],[-70.75419,41.2161],[-70.76784,41.2065],[-70.78358,41.20123],[-70.80595,41.19875],[-70.82365,41.20066],[-70.84775,41.20582],[-70.86634,41.21541],[-70.87733,41.22415],[-70.89054,41.2431],[-70.8942,41.25945],[-70.8936,41.268],[-70.89034,41.27737],[-70.88568,41.28507],[-70.87818,41.29216],[-70.87003,41.29708],[-70.88447,41.31017],[-70.89772,41.32742],[-70.90101,41.33462],[-70.90382,41.34674],[-70.90374,41.35509],[-70.90187,41.36178],[-70.89602,41.37016],[-70.9184,41.36304],[-70.93866,41.35399],[-70.95575,41.35017],[-70.97923,41.34965],[-70.99948,41.35411],[-71.0148,41.36203],[-71.0261,41.3717],[-71.0327,41.38028],[-71.03992,41.39827],[-71.0336,41.41409],[-71.05345,41.41697],[-71.0724,41.42558],[-71.08504,41.43348],[-71.12459,41.41148],[-71.24996,41.37772],[-71.3745,41.33902],[-71.47988,41.31261],[-71.49481,41.30736],[-71.52659,41.30881],[-71.57525,41.32096],[-71.59815,41.3126],[-71.63219,41.30485],[-71.65957,41.29666],[-71.6726,41.28909],[-71.69504,41.28266],[-71.70574,41.28075],[-71.71999,41.28116],[-71.73956,41.27546],[-71.77843,41.27512],[-71.79148,41.27217],[-71.79064,41.10185],[-71.78187,41.09621],[-71.77749,41.07717],[-71.77749,41.0673],[-71.78275,41.05532],[-71.79414,41.03699],[-71.83709,41.0109],[-71.87014,40.99698],[-71.88478,40.99228],[-71.89991,40.9905],[-71.9317,40.98251],[-71.99952,40.95603],[-72.24953,40.86677],[-72.37453,40.8186],[-72.62454,40.74558],[-72.74955,40.71341],[-72.82861,40.68691],[-72.87454,40.67503],[-73.01401,40.62511],[-73.06409,40.61168],[-73.12456,40.59837],[-73.24964,40.56257],[-73.27403,40.55132],[-73.29144,40.55132],[-73.32627,40.55692],[-73.37852,40.54572],[-73.40639,40.53732],[-73.44122,40.53172],[-73.4865,40.52051],[-73.51785,40.52331],[-73.55268,40.52892],[-73.62458,40.53452],[-73.76878,40.53376],[-73.78397,40.5324],[-73.82616,40.52288],[-73.85484,40.51201],[-73.87003,40.50249],[-73.87678,40.50114],[-73.88965,40.48652],[-73.88675,40.4759],[-73.88506,40.45278],[-73.88675,40.42424],[-73.88708,40.34502],[-73.89079,40.3107],[-73.89821,40.27436],[-73.90686,40.25012],[-73.96528,40.11296],[-73.96615,40.09059],[-73.97329,40.07515],[-73.98603,40.02113],[-73.99958,39.97681],[-74.0199,39.87513],[-74.02766,39.80651],[-74.03462,39.76244],[-74.03816,39.75013],[-74.04949,39.72379],[-74.0622,39.70704],[-74.08332,39.66957],[-74.09653,39.64996],[-74.12458,39.61515],[-74.18319,39.533],[-74.21118,39.50013],[-74.21274,39.50013],[-74.24959,39.45261],[-74.26592,39.42242],[-74.28727,39.39826],[-74.31114,39.37512],[-74.32542,39.36235],[-74.35005,39.34578],[-74.35466,39.33541],[-74.36251,39.32579],[-74.37459,39.31753],[-74.3922,39.31229],[-74.4306,39.30836],[-74.46162,39.30103],[-74.48282,39.28414],[-74.4897,39.27731],[-74.49082,39.27396],[-74.50847,39.26098],[-74.52396,39.24027],[-74.55561,39.21976],[-74.56524,39.21065],[-74.58374,39.18723],[-74.59535,39.17776],[-74.6036,39.16295],[-74.61324,39.1527],[-74.6246,39.14359],[-74.64428,39.11483],[-74.64039,39.10228],[-74.63987,39.09466],[-74.64217,39.08458],[-74.64688,39.07622],[-74.66162,39.06129],[-74.68219,39.04983],[-74.70965,39.01458],[-74.71557,39.00922],[-74.72001,39.00012],[-74.71741,39.00012],[-74.72383,38.9892],[-74.7284,38.97426],[-74.74311,38.95889],[-74.75931,38.94892],[-74.77394,38.9428],[-74.80068,38.92059],[-74.80357,38.91392],[-74.80939,38.90696],[-74.82433,38.89627],[-74.8408,38.89011],[-74.87216,38.8878],[-74.90799,38.87932],[-74.91337,38.87512],[-74.91097,38.87512],[-75.01737,38.78665],[-75.01339,38.77235],[-75.01421,38.74504],[-75.00275,38.68328],[-75.00197,38.63169],[-74.99727,38.62512],[-74.99352,38.61251],[-74.98517,38.52818],[-74.9842,38.4971],[-74.98795,38.43664],[-74.99335,38.40645],[-74.99963,38.38298],[-74.99963,38.37168],[-75.0191,38.32143],[-75.02081,38.30976],[-75.0313,38.29474],[-75.04146,38.28702],[-75.05793,38.25012],[-75.0714,38.22594],[-75.08781,38.18936],[-75.12463,38.09391],[-75.1352,38.07448],[-75.15687,38.0408],[-75.24176,37.93154],[-75.25919,37.90434],[-75.27498,37.87513],[-75.29601,37.84576],[-75.30313,37.83818],[-75.31221,37.83062],[-75.33798,37.81524],[-75.36013,37.81019],[-75.38018,37.81041],[-75.39369,37.81352],[-75.40929,37.82093],[-75.41707,37.82106],[-75.46093,37.77136],[-75.47441,37.7392],[-75.47835,37.73325],[-75.48723,37.72488],[-75.50221,37.69599],[-75.50775,37.68866],[-75.51596,37.67155],[-75.51572,37.66097],[-75.51846,37.64943],[-75.52538,37.63747],[-75.53318,37.62989],[-75.54178,37.60615],[-75.53325,37.59545],[-75.52845,37.58488],[-75.52691,37.57109],[-75.5299,37.55672],[-75.54081,37.53896],[-75.55506,37.52668],[-75.57964,37.49464],[-75.58911,37.47786],[-75.59564,37.46559],[-75.59605,37.45314],[-75.60396,37.4326],[-75.60403,37.42203],[-75.61825,37.40227],[-75.62465,37.39696],[-75.64346,37.37287],[-75.64032,37.36387],[-75.64439,37.34228],[-75.65659,37.32392],[-75.67897,37.31258],[-75.71552,37.27569],[-75.71538,37.26998],[-75.72782,37.25015],[-75.73229,37.2457],[-75.72837,37.23562],[-75.72927,37.21691],[-75.74283,37.19291],[-75.74464,37.18236],[-75.76605,37.15494],[-75.78159,37.13712],[-75.79704,37.12515],[-75.80591,37.11607],[-75.82415,37.11013],[-75.83563,37.09501],[-75.85455,37.07936],[-75.86941,37.07396],[-75.88968,37.05452],[-75.90575,37.00015],[-75.92831,36.93819],[-75.87465,36.74431],[-75.86212,36.71406],[-75.84399,36.67978],[-75.82976,36.64464],[-75.81983,36.62516],[-75.80044,36.56275],[-75.7975,36.55092],[-75.79056,36.50016],[-75.74964,36.35361],[-75.71132,36.25017],[-75.66625,36.14893],[-75.58161,36.00017],[-75.56605,35.97562],[-75.51152,35.87518],[-75.4805,35.81421],[-75.46624,35.80132],[-75.46113,35.79018],[-75.46082,35.78453],[-75.45163,35.77156],[-75.43762,35.74697],[-75.41782,35.68609],[-75.40682,35.63698],[-75.40039,35.59352],[-75.40012,35.57542],[-75.40242,35.54422],[-75.41509,35.50019],[-75.42733,35.38173],[-75.44775,35.3098],[-75.45934,35.24656],[-75.46848,35.2152],[-75.4746,35.20204],[-75.48457,35.18758],[-75.50506,35.17443],[-75.51921,35.16909],[-75.53218,35.16716],[-75.548,35.16819],[-75.55759,35.17054],[-75.56933,35.17554],[-75.58111,35.18379],[-75.59537,35.18283],[-75.63622,35.17221],[-75.67238,35.16022],[-75.70737,35.14612],[-75.73622,35.14071],[-75.74985,35.13622],[-75.79488,35.11924],[-75.81205,35.11425],[-75.88396,35.08398],[-75.90859,35.07153],[-75.9281,35.05953],[-75.93873,35.05146],[-75.95007,35.03962],[-75.96709,35.02861],[-75.98535,35.01398],[-75.99962,35.00707],[-76.02443,35.00537],[-76.14298,34.91884],[-76.21925,34.85643],[-76.24963,34.83464],[-76.31573,34.77604],[-76.37464,34.716],[-76.439,34.64029],[-76.46634,34.59574],[-76.47746,34.56621],[-76.48318,34.55637],[-76.49199,34.54654],[-76.51487,34.53515],[-76.52438,34.53216],[-76.54788,34.53285],[-76.56251,34.53692],[-76.57207,34.54255],[-76.58372,34.55263],[-76.59075,34.56314],[-76.59549,34.57785],[-76.61235,34.60013],[-76.61472,34.61828],[-76.67723,34.63431],[-76.6928,34.64296],[-76.72983,34.64722],[-76.74966,34.64767],[-76.81894,34.64326],[-76.90463,34.63235],[-76.99967,34.61702],[-77.07921,34.59598],[-77.09431,34.5886],[-77.123,34.58438],[-77.16058,34.56903],[-77.21918,34.53967],[-77.26025,34.51102],[-77.29508,34.48897],[-77.34127,34.47167],[-77.41883,34.43593],[-77.51616,34.38245],[-77.55673,34.35366],[-77.59488,34.32374],[-77.60859,34.31014],[-77.62358,34.30317],[-77.65583,34.27401],[-77.66846,34.25831],[-77.68032,34.25018],[-77.6911,34.24575],[-77.70083,34.23601],[-77.70929,34.22182],[-77.72296,34.21],[-77.73076,34.18979],[-77.73983,34.18055],[-77.74742,34.1756],[-77.74712,34.17103],[-77.7497,34.16122],[-77.75379,34.15503],[-77.77497,34.13867],[-77.78556,34.12518],[-77.80026,34.09072],[-77.83021,34.03029],[-77.84204,34.00018],[-77.84094,34.00018],[-77.85525,33.9601],[-77.86217,33.94862],[-77.86354,33.93468],[-77.88452,33.90368],[-77.88611,33.8912],[-77.89425,33.87866],[-77.89565,33.86391],[-77.89897,33.85465],[-77.89898,33.84853],[-77.89531,33.83531],[-77.89678,33.81972],[-77.89369,33.80471],[-77.89666,33.78755],[-77.90244,33.77853],[-77.9147,33.76604],[-77.92929,33.75799],[-77.94306,33.75378],[-77.96405,33.75291],[-77.98377,33.75873],[-77.99971,33.76714],[-78.00903,33.78174],[-78.01143,33.7889],[-78.01286,33.80387],[-78.04098,33.81878],[-78.0529,33.82744],[-78.06276,33.83921],[-78.06658,33.84799],[-78.14536,33.86274],[-78.18298,33.86414],[-78.22378,33.86248],[-78.27076,33.86278],[-78.36713,33.8516],[-78.44615,33.82995],[-78.5037,33.81207],[-78.51163,33.80684],[-78.52295,33.8022],[-78.5332,33.79949],[-78.56484,33.79663],[-78.61055,33.78491],[-78.66174,33.76735],[-78.69138,33.75529],[-78.76098,33.71539],[-78.82206,33.67025],[-78.88742,33.61198],[-78.91054,33.58936],[-78.957,33.53873],[-78.97626,33.50869],[-78.99304,33.489],[-78.99976,33.48599],[-79.0345,33.45684],[-79.04978,33.43601],[-79.07124,33.40098],[-79.08758,33.36929],[-79.09114,33.35637],[-79.08886,33.34257],[-79.08918,33.33364],[-79.09094,33.32879],[-79.09024,33.32315],[-79.09331,33.30496],[-79.09941,33.29373],[-79.10892,33.28317],[-79.12022,33.24694],[-79.10802,33.23894],[-79.08659,33.21532],[-79.08164,33.20734],[-79.07761,33.18866],[-79.08223,33.17133],[-79.09162,33.15906],[-79.10439,33.14851],[-79.11587,33.14328],[-79.14052,33.13963],[-79.15314,33.12517],[-79.16159,33.11906],[-79.17014,33.11614],[-79.18087,33.10753],[-79.18516,33.09286],[-79.19225,33.08202],[-79.20297,33.07171],[-79.21554,33.06425],[-79.22923,33.06131],[-79.24196,33.06119],[-79.25605,33.0516],[-79.27338,33.04657],[-79.27898,33.02847],[-79.29348,33.01128],[-79.29951,33.00018],[-79.29878,32.99702],[-79.30231,32.98005],[-79.31339,32.96329],[-79.32226,32.95608],[-79.33757,32.94951],[-79.36836,32.94582],[-79.37862,32.94657],[-79.39264,32.95004],[-79.40918,32.94972],[-79.44018,32.95892],[-79.44836,32.94895],[-79.46616,32.93683],[-79.47794,32.93322],[-79.49595,32.93158],[-79.49873,32.92377],[-79.50445,32.91517],[-79.51666,32.90304],[-79.51725,32.89714],[-79.52265,32.88314],[-79.53469,32.87002],[-79.56086,32.85698],[-79.58539,32.85086],[-79.59565,32.83531],[-79.60792,32.82575],[-79.62042,32.8201],[-79.63782,32.81638],[-79.64684,32.80312],[-79.6532,32.79864],[-79.66225,32.78313],[-79.67744,32.7729],[-79.6919,32.75925],[-79.71726,32.75067],[-79.72816,32.75018],[-79.76008,32.73826],[-79.76659,32.71154],[-79.77963,32.6915],[-79.79826,32.67564],[-79.82806,32.66478],[-79.83644,32.65142],[-79.85507,32.6364],[-79.91834,32.60727],[-79.92983,32.59531],[-79.94724,32.58577],[-79.9583,32.57099],[-79.96793,32.56372],[-79.979,32.55808],[-79.9926,32.55463],[-80.01378,32.55502],[-80.03077,32.55997],[-80.08888,32.54904],[-80.09012,32.53565],[-80.095,32.52387],[-80.1042,32.51292],[-80.12146,32.4992],[-80.13497,32.49563],[-80.16695,32.49109],[-80.17856,32.49118],[-80.19884,32.49625],[-80.21102,32.4874],[-80.22669,32.48163],[-80.24308,32.47246],[-80.24577,32.45431],[-80.24982,32.44491],[-80.25728,32.43517],[-80.27199,32.42505],[-80.29408,32.41853],[-80.29821,32.40639],[-80.30617,32.3971],[-80.32185,32.3862],[-80.33672,32.38076],[-80.34205,32.36613],[-80.35068,32.35592],[-80.36212,32.34766],[-80.37483,32.34246],[-80.37133,32.32859],[-80.37404,32.3094],[-80.38452,32.28896],[-80.39901,32.27494],[-80.42011,32.26465],[-80.43155,32.26139],[-80.44327,32.25998],[-80.45933,32.26223],[-80.47795,32.25336],[-80.49681,32.25021],[-80.4939,32.25021],[-80.49983,32.24618],[-80.52383,32.2346],[-80.52794,32.22601],[-80.54455,32.21123],[-80.54894,32.19206],[-80.56645,32.17238],[-80.58499,32.1626],[-80.59813,32.16127],[-80.60845,32.1623],[-80.61686,32.1532],[-80.63147,32.14587],[-80.64922,32.14243],[-80.66472,32.14261],[-80.66901,32.13586],[-80.67987,32.12521],[-80.70523,32.10519],[-80.71551,32.09955],[-80.73195,32.0939],[-80.74821,32.0845],[-80.74168,32.06438],[-80.74296,32.04954],[-80.74781,32.03887],[-80.75804,32.02599],[-80.76977,32.0198],[-80.7807,32.01138],[-80.783,31.99567],[-80.78624,31.98576],[-80.78669,31.97562],[-80.78984,31.9644],[-80.79628,31.95347],[-80.80406,31.94614],[-80.81461,31.94001],[-80.81928,31.93386],[-80.82923,31.92659],[-80.85534,31.91082],[-80.87482,31.88071],[-80.88878,31.86579],[-80.89699,31.85281],[-80.91171,31.84066],[-80.91682,31.83838],[-80.92214,31.82529],[-80.92859,31.81699],[-80.93832,31.80901],[-80.94963,31.80306],[-80.97073,31.79836],[-80.9731,31.78823],[-80.97696,31.78088],[-80.98301,31.77269],[-80.99617,31.76214],[-80.9972,31.74851],[-81.01382,31.72865],[-81.02583,31.72023],[-81.05663,31.71488],[-81.05152,31.7052],[-81.04979,31.68864],[-81.05901,31.66601],[-81.06664,31.65733],[-81.06964,31.64241],[-81.06583,31.62523],[-81.07669,31.59795],[-81.08319,31.56492],[-81.08707,31.52916],[-81.09236,31.52318],[-81.09969,31.51853],[-81.10714,31.49664],[-81.115,31.48702],[-81.12544,31.47755],[-81.13353,31.47375],[-81.14385,31.47153],[-81.15015,31.45805],[-81.16355,31.44204],[-81.16245,31.43703],[-81.16694,31.42345],[-81.18219,31.40533],[-81.19076,31.39988],[-81.17562,31.38249],[-81.17109,31.37033],[-81.17199,31.35531],[-81.17712,31.33928],[-81.18612,31.3268],[-81.18335,31.31124],[-81.18469,31.30113],[-81.18257,31.269],[-81.18768,31.24626],[-81.20246,31.22768],[-81.20914,31.21313],[-81.21627,31.20466],[-81.22216,31.18797],[-81.23434,31.17026],[-81.24791,31.16082],[-81.26697,31.15704],[-81.29215,31.15542],[-81.29642,31.15189],[-81.29273,31.14283],[-81.29401,31.13567],[-81.28987,31.13116],[-81.28653,31.11669],[-81.28632,31.10309],[-81.2902,31.0935],[-81.29788,31.08096],[-81.31364,31.06786],[-81.32618,31.06267],[-81.34531,31.05937],[-81.35342,31.03713],[-81.3445,31.01812],[-81.33795,31.01632],[-81.32395,31.00882],[-81.31071,30.99733],[-81.30478,30.98572],[-81.30484,30.97078],[-81.30731,30.96223],[-81.31754,30.94851],[-81.33323,30.93659],[-81.34521,30.93151],[-81.35021,30.88911],[-81.35886,30.86752],[-81.36335,30.85056],[-81.36269,30.84593],[-81.37481,30.81738],[-81.38633,30.80138],[-81.40049,30.76643],[-81.39131,30.76467],[-81.37481,30.75749],[-81.35915,30.74432],[-81.3514,30.73088],[-81.35025,30.72141],[-81.3468,30.71109],[-81.3472,30.6968],[-81.35156,30.68567],[-81.35817,30.67598],[-81.3734,30.66278],[-81.38115,30.62524],[-81.38202,30.58358],[-81.38028,30.56323],[-81.37501,30.53276],[-81.35804,30.50024],[-81.35245,30.48212],[-81.35358,30.44667],[-81.33229,30.43304],[-81.3198,30.41647],[-81.3169,30.40773],[-81.31746,30.39408],[-81.32157,30.37858],[-81.32944,30.36677],[-81.33538,30.3613],[-81.33538,30.33778],[-81.33063,30.29949],[-81.31793,30.25294],[-81.32019,30.25293],[-81.31863,30.24619],[-81.28532,30.12525],[-81.25514,30.00025],[-81.23517,29.94228],[-81.22684,29.92912],[-81.22386,29.92157],[-81.20927,29.87525],[-81.20652,29.85557],[-81.20518,29.82244],[-81.20044,29.81152],[-81.1992,29.80116],[-81.19277,29.77833],[-81.1864,29.76009],[-81.16741,29.72311],[-81.16026,29.69629],[-81.13229,29.62526],[-81.10371,29.56266],[-81.07221,29.50152],[-81.04193,29.4329],[-81.04571,29.43247],[-80.99978,29.33683],[-80.95579,29.25026],[-80.94017,29.21173],[-80.90684,29.14471],[-80.87482,29.10597],[-80.72184,28.87501],[-80.63558,28.75027],[-80.52685,28.61453],[-80.52298,28.60824],[-80.51506,28.58772],[-80.50359,28.54037],[-80.47485,28.48445],[-80.46861,28.46308],[-80.46939,28.4531],[-80.47234,28.44342],[-80.48121,28.42552],[-80.51943,28.39109],[-80.53417,28.33571],[-80.544,28.2711],[-80.53417,28.23418],[-80.49978,28.07724],[-80.42901,27.94149],[-80.39944,27.89147],[-80.37477,27.84058],[-80.33253,27.76116],[-80.29887,27.6621],[-80.29493,27.63928],[-80.28136,27.62118],[-80.26855,27.57291],[-80.24977,27.51899],[-80.24586,27.51336],[-80.2458,27.51018],[-80.24,27.5049],[-80.23313,27.49473],[-80.2293,27.48563],[-80.22796,27.46301],[-80.2224,27.44696],[-80.21335,27.42472],[-80.18901,27.37532],[-80.1271,27.23938],[-80.1107,27.21156],[-80.10822,27.20207],[-80.10076,27.19217],[-80.09541,27.18065],[-80.09409,27.16374],[-80.08096,27.12533],[-80.06339,27.09161],[-80.0391,27.02986],[-79.99392,26.87534],[-79.9908,26.85656],[-79.97431,26.79242],[-79.97556,26.76499],[-79.97965,26.75035],[-79.97916,26.72671],[-79.97474,26.70824],[-79.97473,26.7026],[-79.97654,26.68748],[-79.97974,26.67747],[-79.98088,26.66363],[-79.98065,26.59545],[-79.98248,26.56925],[-79.98588,26.55089],[-79.98631,26.53704],[-79.98855,26.52727],[-79.99127,26.52303],[-80.00615,26.43281],[-80.01436,26.36224],[-80.01528,26.32096],[-80.02208,26.28878],[-80.02505,26.24787],[-80.03042,26.23245],[-80.03811,26.19674],[-80.03787,26.18329],[-80.04139,26.17079],[-80.04721,26.13295],[-80.04978,26.08823],[-80.05453,26.07312],[-80.06107,25.98846],[-80.06335,25.9744],[-80.06421,25.94081],[-80.06297,25.92947],[-80.06543,25.91523],[-80.06376,25.90328],[-80.06572,25.88124],[-80.06285,25.84827],[-80.06696,25.80239],[-80.07262,25.77928],[-80.06979,25.76854],[-80.06943,25.75736],[-80.07194,25.74603],[-80.0761,25.73733],[-80.0828,25.72862],[-80.09178,25.72111],[-80.09389,25.69856],[-80.09886,25.68422],[-80.09787,25.66842],[-80.10045,25.65621],[-80.10373,25.64885],[-80.10777,25.60663],[-80.10476,25.59461],[-80.104,25.56187],[-80.11557,25.52666],[-80.11515,25.52287],[-80.10804,25.51683],[-80.10081,25.50756],[-80.09552,25.49524],[-80.09414,25.47925],[-80.09838,25.46309],[-80.10541,25.45211],[-80.11459,25.44355],[-80.12737,25.43644],[-80.13911,25.43311],[-80.14812,25.41345],[-80.14977,25.40287],[-80.15436,25.39193],[-80.16241,25.37994],[-80.17656,25.36687],[-80.18369,25.34953],[-80.18697,25.33343],[-80.19104,25.32529],[-80.20365,25.30749],[-80.22495,25.28432],[-80.23894,25.25547],[-80.25966,25.23055],[-80.26729,25.21441],[-80.2767,25.20256],[-80.29483,25.17167],[-80.29532,25.16214],[-80.29725,25.16216],[-80.3029,25.14493],[-80.33332,25.09921],[-80.34187,25.0884],[-80.35778,25.07291],[-80.37629,25.06222],[-80.39044,25.05719],[-80.39163,25.0394],[-80.39651,25.02821],[-80.40604,25.0157],[-80.41255,25.01024],[-80.42415,25.00365],[-80.4391,24.99799],[-80.44018,24.98568],[-80.44552,24.97343],[-80.45337,24.9637],[-80.4695,24.95176],[-80.47808,24.94843],[-80.51435,24.94063],[-80.52529,24.92354],[-80.53817,24.91274],[-80.55915,24.90227],[-80.56687,24.90059],[-80.57476,24.8939],[-80.58545,24.88933],[-80.59676,24.875],[-80.6113,24.86516],[-80.6199,24.85459],[-80.64043,24.83844],[-80.65234,24.83141],[-80.67481,24.82562],[-80.68896,24.81568],[-80.70881,24.80469],[-80.74512,24.78888],[-80.75648,24.77616],[-80.77109,24.76596],[-80.78338,24.76126],[-80.79297,24.75971],[-80.80137,24.75933],[-80.81247,24.76122],[-80.83704,24.75001],[-80.85223,24.74894],[-80.86136,24.73967],[-80.86847,24.73591],[-80.87857,24.72518],[-80.8933,24.71646],[-80.90559,24.71347],[-80.91891,24.71307],[-80.93392,24.70221],[-80.94526,24.69623],[-80.95712,24.69284],[-80.96736,24.68592],[-80.97649,24.68237],[-80.98922,24.67383],[-80.99979,24.66892],[-80.99979,24.67037],[-81.02259,24.66528],[-81.03011,24.65457],[-81.04765,24.64024],[-81.05974,24.63587],[-81.07625,24.63342],[-81.09723,24.63301],[-81.1248,24.63661],[-81.14085,24.64307],[-81.14769,24.64907],[-81.1583,24.64021],[-81.1694,24.63462],[-81.18405,24.63121],[-81.20426,24.63119],[-81.22065,24.62155],[-81.23992,24.61707],[-81.2498,24.60656],[-81.26463,24.59924],[-81.27794,24.59639],[-81.29346,24.59673],[-81.30437,24.59261],[-81.33761,24.58476],[-81.34616,24.58067],[-81.35585,24.57966],[-81.36446,24.57448],[-81.3748,24.57149],[-81.39167,24.56967],[-81.42064,24.57058],[-81.43717,24.56094],[-81.45161,24.55553],[-81.46509,24.55286],[-81.48337,24.55555],[-81.49465,24.56253],[-81.49981,24.5616],[-81.51462,24.56476],[-81.52786,24.55328],[-81.51937,24.53062],[-81.51988,24.51256],[-81.52567,24.50043],[-81.52856,24.50043],[-81.53993,24.48604],[-81.55145,24.47804],[-81.56496,24.47278],[-81.58583,24.4711],[-81.59684,24.46107],[-81.61026,24.45431],[-81.63243,24.45115],[-81.64395,24.44577],[-81.66628,24.44008],[-81.67742,24.43911],[-81.6972,24.43232],[-81.71183,24.42974],[-81.73012,24.4307],[-81.74981,24.43846],[-81.76287,24.44965],[-81.77369,24.47274],[-81.7737,24.48665],[-81.77081,24.49688],[-81.77929,24.49482],[-81.79237,24.49562],[-81.78833,24.4913],[-81.78331,24.4787],[-81.78181,24.46093],[-81.78899,24.43949],[-81.8007,24.42714],[-81.81353,24.41764],[-81.84105,24.40762],[-81.87482,24.40315],[-81.89427,24.40575],[-81.91113,24.39779],[-81.92056,24.39631],[-81.93481,24.39692],[-81.94644,24.39935],[-81.95844,24.40523],[-81.96732,24.41196],[-81.97447,24.42083],[-81.97977,24.43166],[-81.98206,24.44545],[-81.98093,24.45697],[-81.97441,24.47121],[-81.99924,24.47658],[-82.01381,24.47614],[-82.02348,24.47787],[-82.03428,24.4825],[-82.04465,24.48979],[-82.05108,24.49685],[-82.05818,24.51437],[-82.06717,24.52372],[-82.07932,24.5116],[-82.10034,24.5],[-82.12027,24.49731],[-82.14042,24.49805],[-82.1541,24.4961],[-82.16949,24.4977],[-82.18363,24.50143],[-82.19491,24.507],[-82.20617,24.51626],[-82.21417,24.52742],[-82.21955,24.54043],[-82.22229,24.557],[-82.22089,24.57088],[-82.21545,24.58376],[-82.3265,24.58373],[-82.32113,24.6049],[-82.31146,24.63007],[-82.29639,24.65726],[-82.28243,24.67624],[-82.26277,24.6989],[-82.24395,24.71564],[-82.22676,24.72672],[-82.20073,24.73817],[-82.18053,24.74353],[-82.15502,24.74694],[-82.10976,24.74711],[-82.0653,24.73938],[-82.02695,24.72572],[-82.00055,24.7405],[-81.96754,24.75278],[-81.92267,24.7615],[-81.89429,24.76365],[-81.87436,24.77613],[-81.81421,24.80639],[-81.79099,24.81371],[-81.77824,24.81538],[-81.76188,24.82875],[-81.72754,24.84704],[-81.70079,24.85783],[-81.66013,24.88329],[-81.64807,24.88957],[-81.62159,24.89722],[-81.58131,24.92376],[-81.51559,24.95629],[-81.48849,24.96635],[-81.42673,24.97666],[-81.40548,24.9785],[-81.37621,24.9766],[-81.35038,24.97048],[-81.32347,24.97338],[-81.30583,24.97969],[-81.28737,24.98402],[-81.25758,24.9866],[-81.23856,24.98552],[-81.21719,24.9817],[-81.19164,24.97317],[-81.17035,24.96214],[-81.17055,24.96577],[-81.1738,24.97488],[-81.18343,24.98616],[-81.18858,24.9948],[-81.20312,25.00598],[-81.21427,25.01918],[-81.24358,25.0355],[-81.26785,25.05657],[-81.28262,25.07513],[-81.29506,25.09793],[-81.30109,25.11491],[-81.3048,25.13242],[-81.31904,25.15518],[-81.32854,25.17641],[-81.33849,25.20561],[-81.3423,25.22483],[-81.34278,25.24451],[-81.34024,25.26405],[-81.3309,25.29228],[-81.31491,25.35155],[-81.3252,25.39062],[-81.34315,25.40758],[-81.358,25.42755],[-81.36887,25.44965],[-81.38477,25.49701],[-81.40697,25.52231],[-81.42541,25.5516],[-81.44249,25.55854],[-81.45983,25.5683],[-81.47549,25.58014],[-81.4876,25.59205],[-81.49935,25.60716],[-81.50869,25.62361],[-81.51471,25.63885],[-81.51902,25.65694],[-81.54863,25.66964],[-81.57623,25.68604],[-81.59828,25.67805],[-81.62016,25.67364],[-81.63755,25.67238],[-81.68273,25.67277],[-81.70651,25.67613],[-81.72672,25.68151],[-81.74873,25.69032],[-81.76672,25.70025],[-81.78767,25.71578],[-81.80747,25.7363],[-81.82029,25.75476],[-81.84202,25.79451],[-81.86238,25.81831],[-81.87372,25.83412],[-81.88395,25.85356],[-81.89038,25.87148],[-81.89827,25.88157],[-81.90773,25.9004],[-81.91583,25.92737],[-81.91843,25.95273],[-81.92578,25.9721],[-81.95756,26.03478],[-81.96444,26.05361],[-81.9686,26.07354],[-81.96964,26.09647],[-81.97343,26.12675],[-81.98086,26.15752],[-81.98529,26.21318],[-81.99726,26.26434],[-82.00546,26.28443],[-82.02604,26.27801],[-82.04611,26.27395],[-82.08688,26.27195],[-82.12752,26.27623],[-82.16932,26.28846],[-82.20009,26.30136],[-82.2185,26.31085],[-82.23646,26.32285],[-82.25149,26.33565],[-82.27636,26.35102],[-82.30141,26.37274],[-82.32065,26.39675],[-82.33457,26.41987],[-82.34464,26.44282],[-82.34969,26.45878],[-82.35922,26.50157],[-82.37101,26.51986],[-82.37959,26.53686],[-82.38654,26.55693],[-82.3903,26.57525],[-82.40873,26.60118],[-82.42578,26.63809],[-82.43035,26.65465],[-82.43304,26.67521],[-82.43119,26.70735],[-82.43157,26.73615],[-82.44505,26.76463],[-82.49716,26.83327],[-82.54475,26.90804],[-82.56843,26.95174],[-82.59439,26.99023],[-82.60228,27.00571],[-82.6147,27.03673],[-82.62638,27.05869],[-82.63531,27.08773],[-82.64858,27.10997],[-82.66158,27.13941],[-82.67054,27.15444],[-82.69518,27.17647],[-82.71397,27.19913],[-82.72602,27.22081],[-82.73465,27.24682],[-82.76014,27.2742],[-82.78629,27.31067],[-82.81435,27.33469],[-82.8323,27.35573],[-82.84661,27.38092],[-82.86162,27.42374],[-82.88416,27.44864],[-82.90265,27.48105],[-82.90987,27.50346],[-82.92081,27.52339],[-82.92878,27.54336],[-82.93292,27.56204],[-82.93493,27.5837],[-82.93284,27.61654],[-82.92504,27.64482],[-82.91739,27.66283],[-82.91522,27.68414],[-82.92424,27.69541],[-82.94821,27.71541],[-82.9655,27.73392],[-82.99389,27.77768],[-83.00695,27.80545],[-83.01181,27.82056],[-83.01795,27.84837],[-83.02054,27.87832],[-83.01935,27.9004],[-83.01474,27.92969],[-83.009,27.95676],[-82.99845,27.99027],[-82.99746,28.01276],[-82.99929,28.01621],[-82.99924,28.02688],[-83.00819,28.06195],[-83.00961,28.08879],[-83.01293,28.11147],[-83.01251,28.13375],[-83.02205,28.19892],[-83.02163,28.22111],[-83.01698,28.24646],[-83.00992,28.26639],[-83.00099,28.28335],[-82.98821,28.30108],[-82.97418,28.31575],[-82.95926,28.32791],[-82.94072,28.33957],[-82.91279,28.35251],[-82.89736,28.35702],[-82.87761,28.41269],[-82.87494,28.43079],[-82.87094,28.44527],[-82.85543,28.47722],[-82.85818,28.49904],[-82.85645,28.52775],[-82.84955,28.55295],[-82.83914,28.57459],[-82.85763,28.59709],[-82.87086,28.62161],[-82.87756,28.64183],[-82.88117,28.663],[-82.88738,28.6823],[-82.89042,28.70001],[-82.90475,28.72279],[-82.91699,28.74807],[-82.9235,28.76714],[-82.92717,28.78771],[-82.92743,28.81071],[-82.92312,28.83574],[-82.9158,28.85651],[-82.93171,28.88146],[-82.94177,28.90684],[-82.94688,28.93478],[-82.94557,28.96376],[-82.97255,28.95346],[-83.00568,28.94681],[-83.03731,28.94506],[-83.0939,28.94745],[-83.12217,28.95326],[-83.15075,28.96401],[-83.17966,28.98075],[-83.19827,28.99506],[-83.21172,29.00854],[-83.22465,29.0254],[-83.24273,29.05381],[-83.25588,29.0818],[-83.26121,29.09923],[-83.26431,29.11916],[-83.26453,29.13638],[-83.26208,29.15573],[-83.28174,29.16615],[-83.29873,29.17804],[-83.31523,29.19314],[-83.33042,29.21187],[-83.33938,29.22677],[-83.34747,29.24541],[-83.35287,29.26589],[-83.35503,29.28829],[-83.35723,29.29171],[-83.3785,29.30182],[-83.40251,29.31693],[-83.41921,29.33104],[-83.43566,29.34971],[-83.48066,29.37009],[-83.50493,29.38424],[-83.52422,29.39937],[-83.53876,29.4145],[-83.55426,29.4368],[-83.56633,29.46485],[-83.57031,29.4818],[-83.57337,29.51485],[-83.58207,29.56333],[-83.59952,29.5753],[-83.6144,29.58843],[-83.64798,29.60164],[-83.67142,29.61443],[-83.68733,29.6261],[-83.70578,29.64406],[-83.72147,29.66489],[-83.74168,29.69818],[-83.75138,29.72212],[-83.75747,29.75322],[-83.76994,29.77039],[-83.7809,29.79005],[-83.79534,29.80194],[-83.83029,29.81973],[-83.85398,29.82148],[-83.87878,29.82625],[-83.8991,29.83293],[-83.919,29.84195],[-83.94995,29.86282],[-83.97264,29.88643],[-84.03015,29.91313],[-84.0489,29.92582],[-84.06492,29.94009],[-84.08382,29.93617],[-84.1205,29.92551],[-84.1608,29.92127],[-84.16245,29.90301],[-84.16891,29.87551],[-84.17574,29.85765],[-84.18768,29.83407],[-84.20231,29.81316],[-84.21595,29.79848],[-84.23031,29.78635],[-84.25287,29.77159],[-84.28671,29.75675],[-84.32327,29.7481],[-84.35538,29.74415],[-84.38008,29.74294],[-84.40303,29.74425],[-84.41995,29.74697],[-84.43009,29.73065],[-84.44008,29.71815],[-84.45485,29.70306],[-84.47157,29.68975],[-84.49826,29.67446],[-84.54529,29.65453],[-84.58868,29.64075],[-84.64661,29.59036],[-84.67316,29.57166],[-84.72689,29.54494],[-84.79732,29.52206],[-84.87275,29.48096],[-84.89636,29.47122],[-85.00583,29.44065],[-85.03631,29.43651],[-85.06507,29.43652],[-85.09684,29.44167],[-85.12957,29.45329],[-85.15391,29.46702],[-85.17712,29.48517],[-85.20048,29.49254],[-85.21879,29.50042],[-85.24074,29.51218],[-85.25967,29.52482],[-85.28831,29.514],[-85.31366,29.50794],[-85.34206,29.50526],[-85.37285,29.50702],[-85.44034,29.78812],[-85.43434,29.9],[-85.38867,29.92436],[-85.3913,30.02767],[-85.38905,30.02624],[-85.38132,30.02822],[-85.37609,30.01947],[-85.37777,30.01601],[-85.37294,30.00679],[-85.36918,29.99275],[-85.37887,29.97821],[-85.37106,29.96797],[-85.35699,29.95881],[-85.35061,29.95823],[-85.34135,29.9603],[-85.32279,29.95632],[-85.31449,29.94962],[-85.29999,29.94163],[-85.29645,29.92447],[-85.29371,29.91814],[-85.28588,29.91257],[-85.27743,29.90157],[-85.25974,29.89092],[-85.21057,29.87684],[-85.20775,29.8683],[-85.21135,29.84591],[-85.20263,29.83885],[-85.19459,29.83871],[-85.19054,29.83295],[-85.19127,29.82946],[-85.18994,29.82757],[-85.18068,29.8214],[-85.17522,29.82356],[-85.17276,29.82019],[-85.16703,29.81891],[-85.1594,29.8138],[-85.15448,29.81419],[-85.14437,29.79791],[-85.10483,29.77436],[-85.08975,29.77225],[-85.07993,29.76865],[-85.07572,29.76913],[-85.07144,29.7723],[-85.06842,29.78479],[-85.0643,29.78705],[-85.05979,29.78618],[-85.04988,29.77847],[-85.0479,29.7813],[-85.04251,29.7788],[-85.03908,29.78041],[-85.03775,29.7883],[-85.03306,29.79724],[-85.02099,29.80656],[-85.01952,29.80938],[-85.02046,29.81439],[-85.0194,29.81813],[-85.02139,29.82338],[-85.03041,29.82629],[-85.03264,29.82916],[-85.03269,29.84341],[-85.02678,29.85385],[-85.01671,29.85537],[-85.01206,29.87195],[-85.01585,29.88359],[-85.01322,29.89527],[-85.0151,29.9027],[-85.00944,29.90821],[-85.01119,29.91078],[-85.01839,29.91431],[-85.01998,29.9185],[-85.01944,29.92244],[-85.01301,29.93382],[-85.01379,29.94376],[-85.02329,29.96236],[-85.02706,29.98181],[-85.02991,29.98744],[-85.03698,29.99061],[-85.04255,29.98847],[-85.04903,29.98958],[-85.0552,30.00223],[-85.06498,30.00355],[-85.07878,30.0085],[-85.08374,30.0144],[-85.08804,30.01327],[-85.09338,30.01577],[-85.09977,30.01518],[-85.10216,30.01884],[-85.10733,30.02098],[-85.10698,30.02494],[-85.11531,30.02334],[-85.11821,30.02785],[-85.13526,30.04256],[-85.13434,30.04752],[-85.13638,30.05211],[-85.1372,30.06351],[-85.13071,30.06587],[-85.13718,30.0692],[-85.13858,30.07223],[-85.1341,30.07969],[-85.13423,30.08242],[-85.13938,30.08875],[-85.14486,30.08771],[-85.15056,30.09039],[-85.15299,30.09529],[-85.15089,30.09672],[-85.14557,30.09537],[-85.14403,30.09747],[-85.14954,30.10987],[-85.1486,30.11203],[-85.14575,30.1124],[-85.14302,30.10814],[-85.13953,30.1071],[-85.13883,30.10966],[-85.14293,30.11268],[-85.14301,30.11499],[-85.14014,30.11625],[-85.13277,30.11461],[-85.12955,30.11757],[-85.13071,30.12049],[-85.14177,30.12097],[-85.14542,30.12461],[-85.14496,30.12905],[-85.1376,30.13285],[-85.13798,30.13942],[-85.13145,30.1404],[-85.13079,30.14203],[-85.13885,30.14447],[-85.13875,30.14702],[-85.1353,30.15099],[-85.13442,30.15596],[-85.13212,30.15857],[-85.1367,30.1602],[-85.13689,30.16439],[-85.13995,30.1673],[-85.14005,30.16964],[-85.13476,30.17362],[-85.13655,30.17767],[-85.13581,30.18019],[-85.12673,30.18335],[-85.12174,30.19588],[-85.11499,30.19983],[-85.11571,30.20307],[-85.11962,30.2066],[-85.11935,30.21007],[-85.11711,30.21101],[-85.1131,30.20778],[-85.11035,30.20828],[-85.10966,30.21043],[-85.11264,30.21676],[-85.11008,30.21863],[-85.10697,30.21755],[-85.10375,30.21219],[-85.09988,30.2119],[-85.09865,30.21352],[-85.10066,30.2166],[-85.10001,30.21932],[-85.09008,30.22115],[-85.09216,30.22884],[-85.07945,30.22857],[-85.07908,30.23083],[-85.08384,30.23592],[-85.0832,30.2381],[-85.07779,30.24229],[-85.08014,30.24955],[-85.07836,30.25078],[-85.07375,30.24827],[-85.07065,30.24863],[-85.06785,30.25952],[-85.05904,30.26031],[-85.05945,30.26457],[-85.06444,30.26954],[-85.05802,30.27538],[-85.06066,30.28463],[-85.05321,30.28692],[-85.05789,30.30395],[-85.04752,30.30279],[-85.04764,30.3049],[-85.05232,30.3088],[-85.05068,30.31191],[-85.04058,30.30947],[-85.03626,30.31019],[-85.03407,30.3125],[-85.03499,30.31489],[-85.04646,30.31985],[-85.04416,30.32926],[-85.05032,30.33819],[-85.04527,30.34364],[-85.04361,30.35064],[-85.04047,30.35557],[-85.02548,30.36248],[-85.02741,30.36517],[-85.03649,30.36453],[-85.03943,30.36609],[-85.04072,30.37093],[-85.0374,30.37647],[-85.03319,30.37818],[-85.03035,30.37563],[-85.02681,30.37539],[-85.01473,30.3868],[-85.01505,30.39568],[-85.01823,30.39716],[-85.02507,30.39651],[-85.02963,30.39783],[-85.03097,30.40239],[-85.02785,30.40521],[-85.01375,30.4077],[-85.01266,30.41061],[-85.017,30.41344],[-85.02701,30.4105],[-85.03005,30.41183],[-85.03273,30.42059],[-85.02337,30.43003],[-85.0156,30.43427],[-84.98368,30.44177],[-84.98052,30.44454],[-84.98302,30.44778],[-84.99329,30.44472],[-85.00095,30.4479],[-85.00111,30.4547],[-84.99386,30.46175],[-84.98756,30.46498],[-84.98673,30.47062],[-84.98901,30.47228],[-85.00039,30.47248],[-85.00444,30.47653],[-84.99513,30.48823],[-84.99104,30.50424],[-84.99257,30.51682],[-84.99115,30.52286],[-84.97486,30.55144],[-84.96162,30.56503],[-84.96574,30.57224],[-84.96566,30.58043],[-84.96329,30.58163],[-84.95284,30.57873],[-84.94545,30.58056],[-84.94356,30.58373],[-84.94645,30.58991],[-84.9457,30.59445],[-84.93574,30.60029],[-84.93287,30.60657],[-84.92857,30.6114],[-84.91268,30.61636],[-84.90596,30.62139],[-84.90429,30.62477],[-84.90343,30.63831],[-84.89339,30.64634],[-84.88876,30.66212],[-84.87495,30.67231],[-84.86865,30.68402],[-84.85797,30.69695],[-84.85838,30.70039],[-84.86976,30.7219],[-84.87543,30.7275],[-84.88383,30.7326],[-84.88883,30.7434],[-84.89763,30.7514],[-84.90733,30.7506],[-84.91353,30.7523],[-84.91503,30.7612],[-84.92013,30.766],[-84.91803,30.7721],[-84.91803,30.7781],[-84.92833,30.7931],[-84.92833,30.8051],[-84.93743,30.82089],[-84.93482,30.83586],[-84.93214,30.8383],[-84.92709,30.83903],[-84.92567,30.84269],[-84.92783,30.84789],[-84.93323,30.85149],[-84.93613,30.85699],[-84.93643,30.85979],[-84.93233,30.86429],[-84.93983,30.87259],[-84.93443,30.88359],[-84.94253,30.88849],[-84.95613,30.90759],[-84.96673,30.91729],[-84.97103,30.92819],[-84.98313,30.93479],[-84.98303,30.94259],[-84.97953,30.95559],[-84.98013,30.96129],[-84.98253,30.96559],[-84.98722,30.96855],[-84.99993,30.97119],[-85.00574,30.97591],[-85.00594,30.97981],[-85.00239,30.98784],[-85.0025,31.00069],[-84.99943,31.01385],[-85.00455,31.01919],[-85.00506,31.02471],[-85.00941,31.03238],[-85.00858,31.04407],[-85.0114,31.05355],[-85.01815,31.05926],[-85.02858,31.07459],[-85.02607,31.08419],[-85.02974,31.09617],[-85.03546,31.10435],[-85.03562,31.1082],[-85.05468,31.12082],[-85.06044,31.1315],[-85.06403,31.1425],[-85.06933,31.14701],[-85.07663,31.15693],[-85.08359,31.15964],[-85.09211,31.1603],[-85.10021,31.1655],[-85.09851,31.18016],[-85.10206,31.18474],[-85.10752,31.18646],[-85.10697,31.2027],[-85.09871,31.21129],[-85.09871,31.21952],[-85.09677,31.22566],[-85.11236,31.25959],[-85.11327,31.26435],[-85.11191,31.27248],[-85.11461,31.27734],[-85.11036,31.28175],[-85.09872,31.28446],[-85.08978,31.29503],[-85.08741,31.31123],[-85.08378,31.31822],[-85.0837,31.32385],[-85.08416,31.32832],[-85.08943,31.33603],[-85.08709,31.34033],[-85.08592,31.35315],[-85.0918,31.35521],[-85.09233,31.36405],[-85.08244,31.38455],[-85.08041,31.39394],[-85.07763,31.39889],[-85.07739,31.40285],[-85.07998,31.41048],[-85.07675,31.41598],[-85.0759,31.42493],[-85.07371,31.42896],[-85.06855,31.42732],[-85.06602,31.43053],[-85.06596,31.44298],[-85.07163,31.46839],[-85.06526,31.48493],[-85.06211,31.48802],[-85.05693,31.50018],[-85.04499,31.51824],[-85.04456,31.52091],[-85.04827,31.52602],[-85.04182,31.53776],[-85.04137,31.5425],[-85.04255,31.54596],[-85.05084,31.55556],[-85.05294,31.5629],[-85.05796,31.57085],[-85.05529,31.5776],[-85.05844,31.5837],[-85.05598,31.60518],[-85.06056,31.60823],[-85.05753,31.61689],[-85.05817,31.62023],[-85.07383,31.62957],[-85.08003,31.63687],[-85.08623,31.63857],[-85.08703,31.64097],[-85.08263,31.65027],[-85.07803,31.65157],[-85.07913,31.65477],[-85.09243,31.65997],[-85.10943,31.67747],[-85.11393,31.68687],[-85.12233,31.69127],[-85.12553,31.69497],[-85.12653,31.71677],[-85.12223,31.72277],[-85.12193,31.72737],[-85.11893,31.73267],[-85.12203,31.74407],[-85.12924,31.75867],[-85.12523,31.76707],[-85.14194,31.78197],[-85.13294,31.79237],[-85.13224,31.79517],[-85.13294,31.80807],[-85.13124,31.81677],[-85.13454,31.82497],[-85.13194,31.82707],[-85.13774,31.83217],[-85.14184,31.83927],[-85.13774,31.84587],[-85.13804,31.85127],[-85.14074,31.85747],[-85.13584,31.86247],[-85.13374,31.87007],[-85.12844,31.87757],[-85.13414,31.89217],[-85.11504,31.89307],[-85.11203,31.89477],[-85.11063,31.89687],[-85.11224,31.90277],[-85.10803,31.90517],[-85.11314,31.91187],[-85.10243,31.91737],[-85.09953,31.92527],[-85.09183,31.92887],[-85.08643,31.93597],[-85.07893,31.94017],[-85.08243,31.94536],[-85.08673,31.95916],[-85.08323,31.96246],[-85.07393,31.96416],[-85.06783,31.96736],[-85.06593,31.97246],[-85.07093,31.98166],[-85.06833,31.98676],[-85.06733,31.99556],[-85.06345,32.00415],[-85.05508,32.01072],[-85.05382,32.01351],[-85.05531,32.01776],[-85.05367,32.02067],[-85.04883,32.02171],[-85.05713,32.02993],[-85.05804,32.03361],[-85.05354,32.03596],[-85.05347,32.03783],[-85.05883,32.04696],[-85.05418,32.06799],[-85.05582,32.07445],[-85.05324,32.08061],[-85.04477,32.08584],[-85.05341,32.10485],[-85.06191,32.13287],[-85.0456,32.14376],[-85.02659,32.16611],[-85.01708,32.17352],[-85.01127,32.1805],[-84.97503,32.19106],[-84.96373,32.19586],[-84.96173,32.19876],[-84.96463,32.20356],[-84.97443,32.20356],[-84.98023,32.20776],[-84.97983,32.21106],[-84.97333,32.21766],[-84.96813,32.21936],[-84.95933,32.21786],[-84.93933,32.21796],[-84.92823,32.21986],[-84.92293,32.22476],[-84.92333,32.23086],[-84.91633,32.23656],[-84.91273,32.24336],[-84.91543,32.24606],[-84.92033,32.24406],[-84.92323,32.24466],[-84.92443,32.25016],[-84.90723,32.24906],[-84.90409,32.25084],[-84.90348,32.25561],[-84.9012,32.25838],[-84.8912,32.2575],[-84.88825,32.25968],[-84.90403,32.27376],[-84.92288,32.28534],[-84.93465,32.29892],[-84.98883,32.31918],[-85.00035,32.32142],[-85.00641,32.32676],[-85.0081,32.33668],[-85.00459,32.3452],[-84.98387,32.36239],[-84.98325,32.36513],[-84.98633,32.3687],[-84.98533,32.37252],[-84.98205,32.37434],[-84.97523,32.37417],[-84.97216,32.37692],[-84.97481,32.38026],[-84.98629,32.38034],[-84.98841,32.38522],[-84.98301,32.39196],[-84.97837,32.3905],[-84.96873,32.39146],[-84.96928,32.39345],[-84.97475,32.39561],[-84.9799,32.4001],[-84.98096,32.40607],[-84.97944,32.41225],[-84.97183,32.41625],[-84.96303,32.42425],[-84.96704,32.43535],[-84.97184,32.44285],[-84.98384,32.44565],[-84.99353,32.45075],[-84.99533,32.45325],[-84.99854,32.46875],[-84.99523,32.47531],[-84.99494,32.48015],[-84.99544,32.48895],[-84.99884,32.49705],[-84.99654,32.50165],[-84.99984,32.50435],[-84.99894,32.50635],[-85.00094,32.50875],[-85.00154,32.51475],[-85.00638,32.5185],[-85.0071,32.52387],[-85.01527,32.52768],[-85.01527,32.53112],[-85.02088,32.53586],[-85.02205,32.54083],[-85.0208,32.54277],[-85.02619,32.54485],[-85.03139,32.54418],[-85.03573,32.55397],[-85.04367,32.55653],[-85.04547,32.56173],[-85.05693,32.57125],[-85.05791,32.57466],[-85.06199,32.57826],[-85.06754,32.57955],[-85.07898,32.60018],[-85.08224,32.61627],[-85.08794,32.62053],[-85.09089,32.62514],[-85.09004,32.62764],[-85.08384,32.63194],[-85.08312,32.63617],[-85.09004,32.63404],[-85.09669,32.6362],[-85.09622,32.63484],[-85.10009,32.63458],[-85.0989,32.63694],[-85.10039,32.63712],[-85.10156,32.6404],[-85.10454,32.64102],[-85.10544,32.64494],[-85.10434,32.64644],[-85.09834,32.65204],[-85.08974,32.65564],[-85.08849,32.65776],[-85.09304,32.66444],[-85.09354,32.66974],[-85.10404,32.67964],[-85.11264,32.68344],[-85.11704,32.69204],[-85.12004,32.70654],[-85.11814,32.70944],[-85.12184,32.71264],[-85.12274,32.71604],[-85.12084,32.72294],[-85.11414,32.73044],[-85.11333,32.73576],[-85.11855,32.74082],[-85.12824,32.74224],[-85.13314,32.74464],[-85.13946,32.75184],[-85.14299,32.75994],[-85.14163,32.76417],[-85.13742,32.7672],[-85.1367,32.77118],[-85.13089,32.76957],[-85.12374,32.77204],[-85.12233,32.77439],[-85.12622,32.7792],[-85.1311,32.78032],[-85.1349,32.78447],[-85.13967,32.78516],[-85.14219,32.79214],[-85.14634,32.79157],[-85.15203,32.79419],[-85.16805,32.81185],[-85.16865,32.81425],[-85.16485,32.8198],[-85.16835,32.82852],[-85.16411,32.8353],[-85.15402,32.84075],[-85.15339,32.84487],[-85.15629,32.85053],[-85.16231,32.85649],[-85.16869,32.85259],[-85.17713,32.8539],[-85.1844,32.86132],[-85.18414,32.87053],[-85.23311,33.11172],[-85.30444,33.48289],[-85.40675,34.00232],[-85.42947,34.1251],[-85.47045,34.32825],[-85.56142,34.75009],[-85.59051,34.89895],[-85.60517,34.98468],[-85.47408,34.98303],[-85.4756,34.98539],[-85.47489,34.98698],[-85.46877,34.9868],[-85.45271,34.99658],[-85.45009,34.99568],[-85.44355,34.99712],[-85.44283,35.00064],[-85.4373,35.00313],[-85.43466,35.00259],[-85.42778,35.00668],[-85.42104,35.01375],[-85.41984,35.01919],[-85.4182,35.02023],[-85.41976,35.02693],[-85.4144,35.02909],[-85.40872,35.0412],[-85.39766,35.04188],[-85.39246,35.03888],[-85.3882,35.03987],[-85.37736,35.05745],[-85.36602,35.07006],[-85.36196,35.08778],[-85.36716,35.09088],[-85.36747,35.09497],[-85.37304,35.10011],[-85.38331,35.10575],[-85.39574,35.10553],[-85.38571,35.13686],[-85.38823,35.14606],[-85.24601,35.31908],[-85.19598,35.4035],[-85.1841,35.42816],[-85.16831,35.45562],[-85.16255,35.44854],[-85.1488,35.4456],[-85.11595,35.47568],[-85.12242,35.4787],[-85.12475,35.47789],[-85.1254,35.48165],[-85.13082,35.48166],[-85.13486,35.48481],[-85.13238,35.48671],[-85.13402,35.49137],[-85.1406,35.48795],[-85.14231,35.48945],[-85.14205,35.49254],[-85.1464,35.49131],[-85.13264,35.51405],[-85.12263,35.52608],[-85.11928,35.52899],[-85.11388,35.5248],[-85.11861,35.52351],[-85.11557,35.52135],[-85.10578,35.52961],[-85.10877,35.5318],[-85.10917,35.53747],[-85.10506,35.5352],[-85.10424,35.53257],[-85.09907,35.53369],[-85.10215,35.5441],[-85.09658,35.54522],[-85.10561,35.54879],[-85.10982,35.54156],[-85.10777,35.57137],[-85.04765,35.61866],[-84.99547,35.67576],[-84.98157,35.67481],[-84.98117,35.67945],[-84.99009,35.68021],[-84.98991,35.68181],[-84.90514,35.77374],[-84.88241,35.77879],[-84.79783,35.82516],[-84.78191,35.82501],[-84.7696,35.83004],[-84.76335,35.8341],[-84.76283,35.83642],[-84.76496,35.83837],[-84.76202,35.83883],[-84.75739,35.84356],[-84.75421,35.84226],[-84.74994,35.84932],[-84.74686,35.84876],[-84.74047,35.85227],[-84.73855,35.85101],[-84.73606,35.85668],[-84.729,35.85886],[-84.72777,35.86374],[-84.71784,35.87508],[-84.70619,35.89607],[-84.70427,35.89395],[-84.69722,35.9],[-84.68496,35.90294],[-84.68064,35.90846],[-84.72073,35.99492],[-84.79205,36.05948],[-84.80546,36.09051],[-84.81085,36.08696],[-84.81483,36.08986],[-84.81505,36.09451],[-84.81919,36.09536],[-84.82158,36.09242],[-84.82432,36.09473],[-84.82743,36.08987],[-84.82738,36.08685],[-84.83238,36.08402],[-84.87089,36.13693],[-84.87759,36.13847],[-84.88395,36.1453],[-84.89721,36.14695],[-84.89975,36.1508],[-84.90574,36.15354],[-84.90801,36.15703],[-84.90499,36.15957],[-84.90563,36.16618],[-84.90218,36.16844],[-84.89975,36.17267],[-84.90288,36.17761],[-84.90416,36.18378],[-84.91046,36.18637],[-84.91176,36.19118],[-84.90906,36.19358],[-84.90864,36.19616],[-84.91136,36.19805],[-84.91416,36.2083],[-84.90735,36.21554],[-84.90391,36.21704],[-84.90393,36.22067],[-84.90197,36.22371],[-84.89743,36.2241],[-84.89526,36.22603],[-84.89227,36.2328],[-84.89334,36.23536],[-84.8918,36.23869],[-84.88971,36.23989],[-84.8839,36.23905],[-84.88294,36.24598],[-84.88477,36.24923],[-84.88256,36.25223],[-84.8818,36.26242],[-84.87602,36.26946],[-84.87795,36.26999],[-84.87632,36.27235],[-84.87858,36.28066],[-84.87564,36.28533],[-84.87091,36.2867],[-84.87097,36.28924],[-84.86594,36.293],[-84.85841,36.29179],[-84.85577,36.29373],[-84.84281,36.28702],[-84.82255,36.29946],[-84.8179,36.29801],[-84.81462,36.29333],[-84.80354,36.2975],[-84.79583,36.29761],[-84.7916,36.30226],[-84.79522,36.3091],[-84.79165,36.31206],[-84.7893,36.31756],[-84.78192,36.31921],[-84.78646,36.32524],[-84.77764,36.32713],[-84.77502,36.33013],[-84.77407,36.33465],[-84.76852,36.33354],[-84.76044,36.32782],[-84.75813,36.33271],[-84.75519,36.33471],[-84.75042,36.33211],[-84.74633,36.33506],[-84.74001,36.33656],[-84.74046,36.34059],[-84.74325,36.34354],[-84.74358,36.34931],[-84.74548,36.35148],[-84.74244,36.354],[-84.73296,36.35044],[-84.72713,36.35246],[-84.72702,36.35408],[-84.73259,36.35837],[-84.73256,36.36591],[-84.7303,36.36893],[-84.7234,36.36981],[-84.72475,36.37627],[-84.72245,36.3765],[-84.71366,36.37046],[-84.70618,36.36802],[-84.68972,36.37499],[-84.69036,36.38325],[-84.68582,36.38809],[-84.65909,36.39523],[-84.66834,36.40648],[-84.66365,36.40658],[-84.66414,36.41247],[-84.67015,36.41478],[-84.67445,36.41378],[-84.69254,36.43547],[-84.71514,36.49888],[-84.74994,36.55353],[-84.78545,36.60345],[-84.77846,36.6033],[-84.97482,36.61547],[-84.9786,36.61746],[-84.97705,36.61885],[-84.97797,36.62042],[-84.98912,36.61888],[-84.99107,36.62196],[-84.99925,36.6243],[-84.99933,36.63135],[-85.00335,36.63361],[-85.00453,36.64014],[-85.00413,36.6434],[-84.99736,36.64876],[-84.99906,36.65189],[-84.99769,36.65517],[-84.9982,36.66341],[-84.99992,36.66564],[-85.00492,36.66587],[-85.00582,36.66823],[-85.00901,36.66811],[-85.00948,36.66935],[-85.00574,36.67132],[-85.00127,36.67675],[-85.00706,36.68062],[-85.00547,36.68422],[-85.0098,36.68635],[-85.01111,36.69011],[-85.01278,36.69056],[-85.01511,36.6886],[-85.01673,36.69022],[-85.01832,36.68952],[-85.02048,36.69436],[-85.01918,36.69841],[-85.02047,36.69996],[-85.01886,36.70146],[-85.02149,36.70386],[-85.01763,36.707],[-85.01884,36.70816],[-85.01678,36.7113],[-85.01373,36.7131],[-85.01401,36.71592],[-85.02013,36.71785],[-85.01987,36.71994],[-85.0041,36.75624],[-85.02638,36.80692],[-85.05917,36.8331],[-85.06431,36.85875],[-85.01807,36.88732],[-84.97731,36.90919],[-84.96899,36.91169],[-84.96088,36.91635],[-84.95531,36.92763],[-84.95489,36.93924],[-84.95231,36.95126],[-84.95043,36.95547],[-84.94553,36.95975],[-84.9382,36.96141],[-84.92883,36.95997],[-84.91856,36.95499],[-84.90786,36.94545],[-84.83572,36.99762],[-84.86374,37.00803],[-84.90578,37.04719],[-84.90707,37.08717],[-84.90292,37.10238],[-84.90112,37.1163],[-84.91656,37.10729],[-84.95441,37.10228],[-84.97063,37.11305],[-85.05357,37.19675],[-85.0569,37.25705],[-85.1121,37.2821],[-85.14744,37.30444],[-85.17027,37.31212],[-85.17672,37.31214],[-85.18838,37.30696],[-85.18808,37.30189],[-85.18403,37.29587],[-85.18462,37.29363],[-85.19168,37.28481],[-85.19235,37.28006],[-85.1908,37.27675],[-85.19233,37.27232],[-85.197,37.27122],[-85.19931,37.26775],[-85.2063,37.26548],[-85.21087,37.26771],[-85.21787,37.26662],[-85.2236,37.2625],[-85.24697,37.2645],[-85.25334,37.26004],[-85.2583,37.2592],[-85.26001,37.26195],[-85.26274,37.26169],[-85.26276,37.26329],[-85.26731,37.2616],[-85.27019,37.26261],[-85.29439,37.2456],[-85.29731,37.24677],[-85.30583,37.24208],[-85.31029,37.24659],[-85.3123,37.24641],[-85.31468,37.24002],[-85.30922,37.23254],[-85.30783,37.22734],[-85.31724,37.22392],[-85.35278,37.19244],[-85.3719,37.22132],[-85.38656,37.22386],[-85.39119,37.22233],[-85.40729,37.22214],[-85.41122,37.22481],[-85.41015,37.23003],[-85.40638,37.23508],[-85.39856,37.23786],[-85.39188,37.23758],[-85.38965,37.23968],[-85.39066,37.24707],[-85.43124,37.30512],[-85.43688,37.30422],[-85.44047,37.31593],[-85.4797,37.36354],[-85.47809,37.36368],[-85.58517,37.43286],[-85.58672,37.44366],[-85.58311,37.44676],[-85.58152,37.45256],[-85.58517,37.45657],[-85.5843,37.47105],[-85.58659,37.46907],[-85.59431,37.47039],[-85.5996,37.46669],[-85.60348,37.46741],[-85.6069,37.46103],[-85.61015,37.45994],[-85.61141,37.463],[-85.61532,37.46285],[-85.61774,37.46809],[-85.624,37.46772],[-85.62805,37.47111],[-85.63435,37.47169],[-85.63628,37.4647],[-85.6401,37.45962],[-85.63789,37.4583],[-85.63823,37.45408],[-85.64457,37.44937],[-85.6551,37.44744],[-85.6654,37.43676],[-85.66421,37.43183],[-85.66059,37.43087],[-85.65918,37.42847],[-85.65734,37.422],[-85.73332,37.42534],[-85.75038,37.43119],[-86.0476,37.44994],[-86.0501,37.45348],[-86.05638,37.44845],[-86.0601,37.45082],[-86.05619,37.45389],[-86.05632,37.45649],[-86.06035,37.45506],[-86.06744,37.45794],[-86.06544,37.46092],[-86.05863,37.46095],[-86.06458,37.46277],[-86.06157,37.47166],[-86.05512,37.47227],[-86.05406,37.47589],[-86.0493,37.47658],[-86.05174,37.47885],[-86.05169,37.48286],[-86.06175,37.49044],[-86.06014,37.4926],[-86.05682,37.49108],[-86.05399,37.49487],[-86.06052,37.49812],[-86.05597,37.50067],[-86.06262,37.50297],[-86.06408,37.50791],[-86.10167,37.55063],[-86.1141,37.56714],[-86.1158,37.56723],[-86.11649,37.56425],[-86.11865,37.56345],[-86.12422,37.56718],[-86.13111,37.56699],[-86.13387,37.56336],[-86.14062,37.56409],[-86.14305,37.55955],[-86.14576,37.55951],[-86.15311,37.56227],[-86.16131,37.56291],[-86.16559,37.56725],[-86.16646,37.57161],[-86.16969,37.56573],[-86.17362,37.56545],[-86.17236,37.56461],[-86.17455,37.56204],[-86.17346,37.55614],[-86.17668,37.55484],[-86.17926,37.55816],[-86.18268,37.55735],[-86.17833,37.56081],[-86.17844,37.56314],[-86.18237,37.56254],[-86.18342,37.55936],[-86.1865,37.55988],[-86.18979,37.56529],[-86.19551,37.56543],[-86.19934,37.57103],[-86.20297,37.57181],[-86.2,37.57533],[-86.20829,37.57138],[-86.20798,37.57659],[-86.20925,37.57802],[-86.21159,37.57895],[-86.21375,37.57609],[-86.22108,37.57604],[-86.22175,37.578],[-86.21979,37.58054],[-86.22412,37.58143],[-86.22968,37.57921],[-86.22806,37.57783],[-86.23251,37.575],[-86.23329,37.58143],[-86.23647,37.58203],[-86.23706,37.58949],[-86.24092,37.59232],[-86.2458,37.59282],[-86.24081,37.59721],[-86.24533,37.59929],[-86.24635,37.60208],[-86.24948,37.59761],[-86.24774,37.5943],[-86.25575,37.59209],[-86.25586,37.59652],[-86.26264,37.59299],[-86.25604,37.58948],[-86.25948,37.58644],[-86.26509,37.58903],[-86.26814,37.58464],[-86.27712,37.58803],[-86.27386,37.59027],[-86.27525,37.59357],[-86.24993,37.63355],[-86.15129,37.79889],[-86.20915,37.84588],[-86.24278,37.87701],[-86.38575,37.97034],[-86.42914,38.00013],[-86.49086,38.04574],[-86.46468,38.04703],[-86.45181,38.05102],[-86.43544,38.06377],[-86.43049,38.0762],[-86.43069,38.08185],[-86.43402,38.08642],[-86.45718,38.09496],[-86.46282,38.09944],[-86.46551,38.10431],[-86.46636,38.1136],[-86.46103,38.12109],[-86.46199,38.1403],[-86.46043,38.20683],[-86.57168,38.20754],[-86.57014,38.26634],[-86.67952,38.26309],[-86.679,38.24807],[-86.79216,38.24911],[-86.7915,38.20514],[-86.94221,38.20293],[-87.07315,38.20383],[-87.07307,38.2326],[-87.19999,38.23104],[-87.29839,38.23168],[-87.29827,38.24603],[-87.3169,38.24608],[-87.31594,38.37506],[-87.31768,38.3754],[-87.31681,38.37727],[-87.31795,38.37897],[-87.31574,38.38079],[-87.31916,38.38307],[-87.32039,38.37733],[-87.32432,38.37787],[-87.32559,38.37932],[-87.32272,38.38131],[-87.32408,38.38367],[-87.32657,38.38221],[-87.32771,38.37779],[-87.32941,38.37828],[-87.33089,38.38175],[-87.33392,38.37909],[-87.33867,38.38184],[-87.33969,38.37881],[-87.34161,38.37984],[-87.34147,38.38314],[-87.33742,38.38467],[-87.34034,38.38726],[-87.3444,38.38242],[-87.34995,38.38191],[-87.35073,38.38361],[-87.34768,38.38595],[-87.35234,38.38552],[-87.35725,38.3879],[-87.35765,38.38242],[-87.36204,38.37992],[-87.36449,38.38176],[-87.36405,38.37901],[-87.36792,38.37927],[-87.37004,38.37691],[-87.37198,38.3773],[-87.37117,38.38004],[-87.37256,38.38168],[-87.37496,38.38035],[-87.3744,38.37718],[-87.37653,38.37714],[-87.37985,38.38348],[-87.38218,38.38124],[-87.38141,38.37958],[-87.38565,38.37852],[-87.38535,38.37541],[-87.38852,38.37728],[-87.38692,38.38017],[-87.3879,38.38304],[-87.39348,38.38192],[-87.39194,38.37728],[-87.3934,38.37631],[-87.3964,38.37598],[-87.39753,38.38057],[-87.39881,38.37957],[-87.39818,38.37465],[-87.4029,38.37453],[-87.4032,38.37729],[-87.40759,38.37551],[-87.40733,38.43633],[-87.44455,38.43613],[-87.44451,38.4655],[-87.46249,38.46562],[-87.4629,38.53353],[-87.46547,38.53176],[-87.46655,38.52406],[-87.46878,38.52245],[-87.47098,38.52232],[-87.4761,38.52802],[-87.47916,38.52749],[-87.47862,38.52388],[-87.47059,38.5195],[-87.46977,38.51752],[-87.47241,38.51369],[-87.47759,38.51049],[-87.49017,38.50634],[-87.49468,38.4957],[-87.50171,38.49606],[-87.51066,38.50214],[-87.51614,38.50382],[-87.52156,38.50322],[-87.52764,38.4987],[-87.5315,38.49887],[-87.53326,38.50179],[-87.5296,38.51014],[-87.52996,38.51444],[-87.53679,38.51846],[-87.54522,38.51736],[-87.54947,38.51165],[-87.54066,38.49655],[-87.54019,38.49283],[-87.54882,38.4903],[-87.57003,38.49059],[-87.57676,38.4928],[-87.58073,38.50002],[-87.58464,38.49873],[-87.58679,38.49652],[-87.58699,38.49236],[-87.58011,38.48362],[-87.58891,38.47057],[-87.5902,38.46247],[-87.59932,38.45073],[-87.61134,38.44671],[-87.61975,38.44949],[-87.6258,38.4492],[-87.63019,38.44364],[-87.6335,38.4426],[-87.63793,38.44614],[-87.63706,38.45276],[-87.63927,38.45553],[-87.64447,38.45546],[-87.64982,38.45012],[-87.65317,38.44926],[-87.65525,38.45223],[-87.6511,38.45548],[-87.65114,38.45711],[-87.65592,38.45804],[-87.6608,38.45565],[-87.66413,38.44923],[-87.67349,38.44648],[-87.6715,38.44045],[-87.66277,38.43774],[-87.66232,38.43224],[-87.67424,38.4289],[-87.6822,38.43147],[-87.69202,38.42786],[-87.70013,38.42187],[-87.70866,38.41867],[-87.72186,38.4164],[-87.73575,38.41689],[-87.7437,38.41439],[-87.74105,38.43558],[-87.73882,38.43894],[-87.7307,38.44292],[-87.73037,38.44789],[-87.73322,38.45183],[-87.74053,38.45472],[-87.75148,38.45422],[-87.75654,38.45695],[-87.75536,38.46397],[-87.74465,38.47727],[-87.73465,38.48009],[-87.71405,38.47989],[-87.69766,38.48611],[-87.68233,38.49463],[-87.6719,38.50762],[-87.66371,38.50294],[-87.65818,38.50168],[-87.65237,38.50323],[-87.64672,38.50777],[-87.64538,38.51384],[-87.65615,38.52168],[-87.66098,38.53215],[-87.66879,38.54109],[-87.67008,38.54524],[-87.66544,38.54995],[-87.65071,38.55625],[-87.65022,38.55843],[-87.65275,38.56447],[-87.65111,38.56903],[-87.64139,38.57294],[-87.63825,38.57628],[-87.64027,38.58588],[-87.64022,38.5898],[-87.6384,38.59221],[-87.63483,38.5927],[-87.6229,38.58621],[-87.61197,38.58926],[-87.61089,38.59264],[-87.61244,38.59465],[-87.61945,38.59483],[-87.62415,38.59696],[-87.62735,38.60545],[-87.62609,38.60891],[-87.62054,38.61217],[-87.62238,38.61888],[-87.61705,38.6222],[-87.61559,38.62505],[-87.61595,38.62796],[-87.62039,38.63431],[-87.62013,38.6395],[-87.61732,38.64216],[-87.60582,38.64653],[-87.60296,38.65124],[-87.60287,38.65637],[-87.60019,38.66247],[-87.59368,38.66741],[-87.5794,38.67248],[-87.54554,38.67762],[-87.53124,38.68404],[-87.51962,38.69721],[-87.51952,38.71046],[-87.51671,38.71634],[-87.50852,38.72578],[-87.50618,38.73373],[-87.4958,38.74071],[-87.50405,38.74851],[-87.49895,38.75778],[-87.49691,38.76683],[-87.5005,38.76918],[-87.51034,38.76719],[-87.51487,38.77051],[-87.51314,38.7732],[-87.50431,38.77385],[-87.49859,38.77649],[-87.49574,38.78031],[-87.49551,38.78463],[-87.50113,38.79139],[-87.50822,38.79572],[-87.51923,38.81049],[-87.52735,38.81813],[-87.52169,38.82658],[-87.52222,38.83049],[-87.5267,38.83859],[-87.52673,38.85037],[-87.54031,38.85472],[-87.55203,38.86033],[-87.5534,38.86242],[-87.55207,38.86452],[-87.54572,38.86304],[-87.54265,38.86529],[-87.54762,38.87252],[-87.54707,38.87596],[-87.53492,38.87888],[-87.53829,38.88581],[-87.5443,38.88896],[-87.54409,38.8951],[-87.53913,38.89613],[-87.53596,38.887],[-87.53435,38.8913],[-87.5366,38.89557],[-87.5337,38.90096],[-87.51684,38.9037],[-87.51774,38.90568],[-87.52432,38.9052],[-87.52765,38.9077],[-87.52604,38.91361],[-87.52772,38.91924],[-87.52606,38.92136],[-87.52064,38.92167],[-87.51883,38.92321],[-87.51666,38.93349],[-87.52177,38.94112],[-87.5136,38.9488],[-87.51219,38.95442],[-87.52434,38.96297],[-87.5295,38.97193],[-87.57561,38.98617],[-87.57832,38.98879],[-87.57802,38.99065],[-87.57454,38.99153],[-87.56397,38.98881],[-87.56043,38.99243],[-87.56198,38.99421],[-87.56821,38.99371],[-87.57657,38.99703],[-87.57912,39.00161],[-87.57377,39.00869],[-87.5697,39.01942],[-87.56988,39.02311],[-87.57503,39.03407],[-87.58038,39.04071],[-87.5723,39.05059],[-87.57259,39.05729],[-87.57871,39.06171],[-87.58355,39.06795],[-87.59152,39.07319],[-87.59638,39.07965],[-87.60111,39.08141],[-87.61418,39.08179],[-87.62026,39.08658],[-87.62039,39.09153],[-87.61431,39.09779],[-87.614,39.101],[-87.61569,39.10332],[-87.63859,39.1059],[-87.64708,39.10428],[-87.6528,39.10685],[-87.65505,39.11093],[-87.65209,39.11555],[-87.65044,39.1165],[-87.64077,39.11438],[-87.63591,39.11834],[-87.63502,39.12213],[-87.64218,39.12322],[-87.64315,39.12857],[-87.65524,39.13229],[-87.65875,39.136],[-87.65321,39.144],[-87.65279,39.14944],[-87.64218,39.1571],[-87.63745,39.15678],[-87.63335,39.15308],[-87.62772,39.15491],[-87.62938,39.15803],[-87.64155,39.16048],[-87.64044,39.16673],[-87.6365,39.16884],[-87.61962,39.17098],[-87.6214,39.17888],[-87.62041,39.1852],[-87.61856,39.18641],[-87.61307,39.18419],[-87.60788,39.18447],[-87.60518,39.1859],[-87.60164,39.1925],[-87.58862,39.19783],[-87.58573,39.2004],[-87.58498,39.20528],[-87.57703,39.21113],[-87.57456,39.21841],[-87.57538,39.22836],[-87.57932,39.24356],[-87.57308,39.2467],[-87.57159,39.25229],[-87.5748,39.25514],[-87.58066,39.25524],[-87.58418,39.25401],[-87.59032,39.24757],[-87.59469,39.24875],[-87.60555,39.26113],[-87.6014,39.2744],[-87.60855,39.27719],[-87.61006,39.28224],[-87.60876,39.2867],[-87.59755,39.2964],[-87.59795,39.29949],[-87.60535,39.30322],[-87.61779,39.30126],[-87.62094,39.30341],[-87.62059,39.30705],[-87.60593,39.31108],[-87.58909,39.33384],[-87.57834,39.34035],[-87.57214,39.34145],[-87.5607,39.33886],[-87.55441,39.3405],[-87.55084,39.34239],[-87.54816,39.34989],[-87.54402,39.35291],[-87.53728,39.3521],[-87.53165,39.3479],[-87.53327,39.87504],[-87.53176,40.14428],[-87.52617,40.50577],[-87.52604,40.73689],[-87.0984,40.73655],[-87.0998,40.83761],[-86.98644,40.83793],[-86.98744,40.91218],[-86.93077,40.91241],[-86.93018,41.17233],[-86.46705,41.17145],[-86.46661,41.43298],[-86.52472,41.43289],[-86.52495,41.51968],[-86.50362,41.51954],[-86.50029,41.52102],[-86.50031,41.52823],[-86.49811,41.532],[-86.49816,41.56109],[-86.48644,41.57055],[-86.48627,41.58891],[-86.48757,41.64933],[-86.52669,41.65045],[-86.52422,41.75967],[-87.20778,41.76096],[-87.14844,42.00002],[-87.15001,42.00004],[-87.01987,42.49377],[-87.09189,43.00002],[-87.1084,43.12502],[-87.12508,43.22775],[-87.14717,43.37987],[-87.12508,43.67045],[-87.11411,43.73412],[-87.04885,44.00001],[-87.04625,44.00001],[-87.01324,44.13191],[-87.00008,44.16324],[-87.00009,44.15483],[-86.8477,44.50035],[-86.85519,44.50035],[-86.68629,44.88101],[-86.49994,45.08081],[-86.43313,45.125],[-86.24955,45.23613],[-86.75424,45.44362],[-87.10114,45.44424],[-87.12783,45.4095],[-87.12912,45.55049],[-87.32751,45.55126],[-87.32517,45.75462],[-87.3254,45.89867],[-87.36768,45.89898],[-87.36786,45.98533],[-87.6171,45.98602],[-87.6156,46.24666],[-88.11741,46.24663],[-88.11658,46.41996],[-88.99124,46.41971],[-88.99102,46.33232],[-89.36551,46.33309],[-89.3651,46.50596],[-89.74057,46.50565],[-89.74001,46.5925],[-89.86443,46.59265],[-89.8638,46.76541],[-90.00018,46.76554],[-90.00017,46.99995],[-90.1117,47.04197],[-90.3253,46.71203]]],[[[-82.80143,24.80047],[-82.77567,24.79818],[-82.7561,24.79385],[-82.7219,24.78021],[-82.69621,24.7634],[-82.67998,24.74852],[-82.66619,24.73172],[-82.65509,24.71332],[-82.64533,24.68864],[-82.64137,24.67062],[-82.63992,24.65492],[-82.64008,24.64179],[-82.64415,24.61581],[-82.65669,24.58371],[-82.82818,24.58377],[-82.83732,24.57447],[-82.8485,24.56761],[-82.86361,24.56299],[-82.87207,24.56222],[-82.88505,24.56338],[-82.89587,24.56667],[-82.91413,24.57598],[-82.93263,24.56985],[-82.94329,24.56893],[-82.96027,24.57146],[-82.97086,24.57585],[-82.98201,24.58377],[-82.99975,24.58392],[-82.99988,24.47699],[-83.02926,24.48974],[-83.05249,24.5052],[-83.06489,24.51617],[-83.08256,24.53688],[-83.0982,24.56496],[-83.10612,24.59021],[-83.10892,24.61109],[-83.10711,24.64256],[-83.0992,24.67053],[-83.08846,24.69206],[-83.0788,24.70609],[-83.06676,24.71984],[-83.05239,24.73273],[-83.01286,24.75986],[-82.99074,24.77138],[-82.96097,24.78165],[-82.94546,24.78497],[-82.92016,24.78767],[-82.89341,24.79445],[-82.86889,24.79809],[-82.80143,24.80047]]],[[[-71.58409,41.09635],[-71.59351,41.09584],[-71.61886,41.0991],[-71.6303,41.10346],[-71.64985,41.11415],[-71.66835,41.12826],[-71.67264,41.1343],[-71.6783,41.14891],[-71.67881,41.15892],[-71.67049,41.19451],[-71.66377,41.20661],[-71.65456,41.21547],[-71.64301,41.23133],[-71.64084,41.25011],[-71.63497,41.26369],[-71.6245,41.27414],[-71.59159,41.28933],[-71.57066,41.29403],[-71.55757,41.29403],[-71.53598,41.28619],[-71.51635,41.27156],[-71.4922,41.24088],[-71.4865,41.22694],[-71.48458,41.21749],[-71.48588,41.20474],[-71.48984,41.19471],[-71.48272,41.18626],[-71.4786,41.1758],[-71.47693,41.16817],[-71.47702,41.15567],[-71.49143,41.12511],[-71.50809,41.11162],[-71.52817,41.10312],[-71.58409,41.09635]]],[[[-90.40951,46.58006],[-90.38153,46.62495],[-90.3253,46.71203],[-90.40951,46.58006]]],[[[-90.4184,46.56611],[-90.40951,46.58006],[-90.41645,46.56908],[-90.4184,46.56611]]]]},"properties":{"fid":2,"zone":"Eastern","utc":"-05:00","Shape__Area":182.49255906464816,"Shape__Length":122.71289365723958}},{"type":"Feature","id":3,"geometry":{"type":"Polygon","coordinates":[[[-90.41012,46.57909],[-90.1117,47.04197],[-90.00017,46.99995],[-90.00018,46.76554],[-89.8638,46.76541],[-89.86443,46.59265],[-89.74001,46.5925],[-89.74057,46.50565],[-89.3651,46.50596],[-89.36551,46.33309],[-88.99102,46.33232],[-88.99124,46.41971],[-88.11658,46.41996],[-88.11741,46.24663],[-87.6156,46.24666],[-87.6171,45.98602],[-87.36786,45.98533],[-87.36768,45.89898],[-87.3254,45.89867],[-87.32517,45.75462],[-87.32751,45.55126],[-87.12912,45.55049],[-87.12783,45.4095],[-87.10114,45.44424],[-86.75424,45.44362],[-86.24955,45.23613],[-86.43313,45.125],[-86.49994,45.08081],[-86.68629,44.88101],[-86.85519,44.50035],[-86.8477,44.50035],[-87.00009,44.15483],[-87.00008,44.16324],[-87.01324,44.13191],[-87.04625,44.00001],[-87.04885,44.00001],[-87.11411,43.73412],[-87.12508,43.67045],[-87.14717,43.37987],[-87.12508,43.22775],[-87.1084,43.12502],[-87.09189,43.00002],[-87.01987,42.49377],[-87.15001,42.00004],[-87.14844,42.00002],[-87.20778,41.76096],[-86.52422,41.75967],[-86.52669,41.65045],[-86.48757,41.64933],[-86.48627,41.58891],[-86.48644,41.57055],[-86.49816,41.56109],[-86.49811,41.532],[-86.50031,41.52823],[-86.50029,41.52102],[-86.50362,41.51954],[-86.52495,41.51968],[-86.52472,41.43289],[-86.46661,41.43298],[-86.46705,41.17145],[-86.93018,41.17233],[-86.93077,40.91241],[-86.98744,40.91218],[-86.98644,40.83793],[-87.0998,40.83761],[-87.0984,40.73655],[-87.52604,40.73689],[-87.52617,40.50577],[-87.53176,40.14428],[-87.53327,39.87504],[-87.53165,39.3479],[-87.53728,39.3521],[-87.54402,39.35291],[-87.54816,39.34989],[-87.55084,39.34239],[-87.55441,39.3405],[-87.5607,39.33886],[-87.57214,39.34145],[-87.57834,39.34035],[-87.58909,39.33384],[-87.60593,39.31108],[-87.62059,39.30705],[-87.62094,39.30341],[-87.61779,39.30126],[-87.60535,39.30322],[-87.59795,39.29949],[-87.59755,39.2964],[-87.60876,39.2867],[-87.61006,39.28224],[-87.60855,39.27719],[-87.6014,39.2744],[-87.60555,39.26113],[-87.59469,39.24875],[-87.59032,39.24757],[-87.58418,39.25401],[-87.58066,39.25524],[-87.5748,39.25514],[-87.57159,39.25229],[-87.57308,39.2467],[-87.57932,39.24356],[-87.57538,39.22836],[-87.57456,39.21841],[-87.57703,39.21113],[-87.58498,39.20528],[-87.58573,39.2004],[-87.58862,39.19783],[-87.60164,39.1925],[-87.60518,39.1859],[-87.60788,39.18447],[-87.61307,39.18419],[-87.61856,39.18641],[-87.62041,39.1852],[-87.6214,39.17888],[-87.61962,39.17098],[-87.6365,39.16884],[-87.64044,39.16673],[-87.64155,39.16048],[-87.62938,39.15803],[-87.62772,39.15491],[-87.63335,39.15308],[-87.63745,39.15678],[-87.64218,39.1571],[-87.65279,39.14944],[-87.65321,39.144],[-87.65875,39.136],[-87.65524,39.13229],[-87.64315,39.12857],[-87.64218,39.12322],[-87.63502,39.12213],[-87.63591,39.11834],[-87.64077,39.11438],[-87.65044,39.1165],[-87.65209,39.11555],[-87.65505,39.11093],[-87.6528,39.10685],[-87.64708,39.10428],[-87.63859,39.1059],[-87.61569,39.10332],[-87.614,39.101],[-87.61431,39.09779],[-87.62039,39.09153],[-87.62026,39.08658],[-87.61418,39.08179],[-87.60111,39.08141],[-87.59638,39.07965],[-87.59152,39.07319],[-87.58355,39.06795],[-87.57871,39.06171],[-87.57259,39.05729],[-87.5723,39.05059],[-87.58038,39.04071],[-87.57503,39.03407],[-87.56988,39.02311],[-87.5697,39.01942],[-87.57377,39.00869],[-87.57912,39.00161],[-87.57657,38.99703],[-87.56821,38.99371],[-87.56198,38.99421],[-87.56043,38.99243],[-87.56397,38.98881],[-87.57454,38.99153],[-87.57802,38.99065],[-87.57832,38.98879],[-87.57561,38.98617],[-87.5295,38.97193],[-87.52434,38.96297],[-87.51219,38.95442],[-87.5136,38.9488],[-87.52177,38.94112],[-87.51666,38.93349],[-87.51883,38.92321],[-87.52064,38.92167],[-87.52606,38.92136],[-87.52772,38.91924],[-87.52604,38.91361],[-87.52765,38.9077],[-87.52432,38.9052],[-87.51774,38.90568],[-87.51684,38.9037],[-87.5337,38.90096],[-87.5366,38.89557],[-87.53435,38.8913],[-87.53596,38.887],[-87.53913,38.89613],[-87.54409,38.8951],[-87.5443,38.88896],[-87.53829,38.88581],[-87.53492,38.87888],[-87.54707,38.87596],[-87.54762,38.87252],[-87.54265,38.86529],[-87.54572,38.86304],[-87.55207,38.86452],[-87.5534,38.86242],[-87.55203,38.86033],[-87.54031,38.85472],[-87.52673,38.85037],[-87.5267,38.83859],[-87.52222,38.83049],[-87.52169,38.82658],[-87.52735,38.81813],[-87.51923,38.81049],[-87.50822,38.79572],[-87.50113,38.79139],[-87.49551,38.78463],[-87.49574,38.78031],[-87.49859,38.77649],[-87.50431,38.77385],[-87.51314,38.7732],[-87.51487,38.77051],[-87.51034,38.76719],[-87.5005,38.76918],[-87.49691,38.76683],[-87.49895,38.75778],[-87.50405,38.74851],[-87.4958,38.74071],[-87.50618,38.73373],[-87.50852,38.72578],[-87.51671,38.71634],[-87.51952,38.71046],[-87.51962,38.69721],[-87.53124,38.68404],[-87.54554,38.67762],[-87.5794,38.67248],[-87.59368,38.66741],[-87.60019,38.66247],[-87.60287,38.65637],[-87.60296,38.65124],[-87.60582,38.64653],[-87.61732,38.64216],[-87.62013,38.6395],[-87.62039,38.63431],[-87.61595,38.62796],[-87.61559,38.62505],[-87.61705,38.6222],[-87.62238,38.61888],[-87.62054,38.61217],[-87.62609,38.60891],[-87.62735,38.60545],[-87.62415,38.59696],[-87.61945,38.59483],[-87.61244,38.59465],[-87.61089,38.59264],[-87.61197,38.58926],[-87.6229,38.58621],[-87.63483,38.5927],[-87.6384,38.59221],[-87.64022,38.5898],[-87.64027,38.58588],[-87.63825,38.57628],[-87.64139,38.57294],[-87.65111,38.56903],[-87.65275,38.56447],[-87.65022,38.55843],[-87.65071,38.55625],[-87.66544,38.54995],[-87.67008,38.54524],[-87.66879,38.54109],[-87.66098,38.53215],[-87.65615,38.52168],[-87.64538,38.51384],[-87.64672,38.50777],[-87.65237,38.50323],[-87.65818,38.50168],[-87.66371,38.50294],[-87.6719,38.50762],[-87.68233,38.49463],[-87.69766,38.48611],[-87.71405,38.47989],[-87.73465,38.48009],[-87.74465,38.47727],[-87.75467,38.46508],[-87.75683,38.45851],[-87.75594,38.45588],[-87.75283,38.45442],[-87.74217,38.45492],[-87.73573,38.45299],[-87.73037,38.44789],[-87.7307,38.44292],[-87.73882,38.43894],[-87.74105,38.43558],[-87.7437,38.41439],[-87.73575,38.41689],[-87.72186,38.4164],[-87.70866,38.41867],[-87.70013,38.42187],[-87.69202,38.42786],[-87.6822,38.43147],[-87.67424,38.4289],[-87.66232,38.43224],[-87.66277,38.43774],[-87.6715,38.44045],[-87.67349,38.44648],[-87.66413,38.44923],[-87.6608,38.45565],[-87.65592,38.45804],[-87.65114,38.45711],[-87.6511,38.45548],[-87.65525,38.45223],[-87.65317,38.44926],[-87.64982,38.45012],[-87.64447,38.45546],[-87.63927,38.45553],[-87.63706,38.45276],[-87.63793,38.44614],[-87.6335,38.4426],[-87.63019,38.44364],[-87.6258,38.4492],[-87.61975,38.44949],[-87.61134,38.44671],[-87.59932,38.45073],[-87.5902,38.46247],[-87.58891,38.47057],[-87.58011,38.48362],[-87.58699,38.49236],[-87.58679,38.49652],[-87.58464,38.49873],[-87.58073,38.50002],[-87.57676,38.4928],[-87.57003,38.49059],[-87.54882,38.4903],[-87.54019,38.49283],[-87.54066,38.49655],[-87.54947,38.51165],[-87.54522,38.51736],[-87.53679,38.51846],[-87.52996,38.51444],[-87.5296,38.51014],[-87.53326,38.50179],[-87.5315,38.49887],[-87.52764,38.4987],[-87.52156,38.50322],[-87.51614,38.50382],[-87.51066,38.50214],[-87.50171,38.49606],[-87.49468,38.4957],[-87.49017,38.50634],[-87.47759,38.51049],[-87.47241,38.51369],[-87.46977,38.51752],[-87.47059,38.5195],[-87.47862,38.52388],[-87.47916,38.52749],[-87.4761,38.52802],[-87.47098,38.52232],[-87.46878,38.52245],[-87.46655,38.52406],[-87.46547,38.53176],[-87.4629,38.53353],[-87.46249,38.46562],[-87.44451,38.4655],[-87.44455,38.43613],[-87.40733,38.43633],[-87.40759,38.37551],[-87.4032,38.37729],[-87.4029,38.37453],[-87.39818,38.37465],[-87.39881,38.37957],[-87.39753,38.38057],[-87.3964,38.37598],[-87.3934,38.37631],[-87.39194,38.37728],[-87.39348,38.38192],[-87.3879,38.38304],[-87.38692,38.38017],[-87.38852,38.37728],[-87.38535,38.37541],[-87.38565,38.37852],[-87.38141,38.37958],[-87.38218,38.38124],[-87.37985,38.38348],[-87.37653,38.37714],[-87.3744,38.37718],[-87.37496,38.38035],[-87.37256,38.38168],[-87.37117,38.38004],[-87.37198,38.3773],[-87.37004,38.37691],[-87.36792,38.37927],[-87.36405,38.37901],[-87.36449,38.38176],[-87.36204,38.37992],[-87.35765,38.38242],[-87.35725,38.3879],[-87.35234,38.38552],[-87.34768,38.38595],[-87.35073,38.38361],[-87.34995,38.38191],[-87.3444,38.38242],[-87.34034,38.38726],[-87.33742,38.38467],[-87.34147,38.38314],[-87.34161,38.37984],[-87.33969,38.37881],[-87.33867,38.38184],[-87.33392,38.37909],[-87.33089,38.38175],[-87.32941,38.37828],[-87.32771,38.37779],[-87.32657,38.38221],[-87.32408,38.38367],[-87.32272,38.38131],[-87.32559,38.37932],[-87.32432,38.37787],[-87.32039,38.37733],[-87.31916,38.38307],[-87.31574,38.38079],[-87.31795,38.37897],[-87.31681,38.37727],[-87.31768,38.3754],[-87.31594,38.37506],[-87.3169,38.24608],[-87.29827,38.24603],[-87.29839,38.23168],[-87.19999,38.23104],[-87.07307,38.2326],[-87.07315,38.20383],[-86.94221,38.20293],[-86.7915,38.20514],[-86.79216,38.24911],[-86.679,38.24807],[-86.67952,38.26309],[-86.57014,38.26634],[-86.57168,38.20754],[-86.46043,38.20683],[-86.46199,38.1403],[-86.46103,38.12109],[-86.46636,38.1136],[-86.46551,38.10431],[-86.46282,38.09944],[-86.45718,38.09496],[-86.43402,38.08642],[-86.43069,38.08185],[-86.43049,38.0762],[-86.43544,38.06377],[-86.45181,38.05102],[-86.46468,38.04703],[-86.49086,38.04574],[-86.42914,38.00013],[-86.38575,37.97034],[-86.24278,37.87701],[-86.20915,37.84588],[-86.15129,37.79889],[-86.24993,37.63355],[-86.27525,37.59357],[-86.27386,37.59027],[-86.27712,37.58803],[-86.26814,37.58464],[-86.26509,37.58903],[-86.25948,37.58644],[-86.25604,37.58948],[-86.26264,37.59299],[-86.25586,37.59652],[-86.25575,37.59209],[-86.24774,37.5943],[-86.24948,37.59761],[-86.24635,37.60208],[-86.24533,37.59929],[-86.24081,37.59721],[-86.2458,37.59282],[-86.24092,37.59232],[-86.23706,37.58949],[-86.23647,37.58203],[-86.23329,37.58143],[-86.23251,37.575],[-86.22806,37.57783],[-86.22968,37.57921],[-86.22412,37.58143],[-86.21979,37.58054],[-86.22175,37.578],[-86.22108,37.57604],[-86.21375,37.57609],[-86.21159,37.57895],[-86.20925,37.57802],[-86.20798,37.57659],[-86.20829,37.57138],[-86.2,37.57533],[-86.20297,37.57181],[-86.19934,37.57103],[-86.19551,37.56543],[-86.18979,37.56529],[-86.1865,37.55988],[-86.18342,37.55936],[-86.18237,37.56254],[-86.17844,37.56314],[-86.17833,37.56081],[-86.18268,37.55735],[-86.17926,37.55816],[-86.17668,37.55484],[-86.17346,37.55614],[-86.17455,37.56204],[-86.17236,37.56461],[-86.17362,37.56545],[-86.16969,37.56573],[-86.16646,37.57161],[-86.16559,37.56725],[-86.16131,37.56291],[-86.15311,37.56227],[-86.14576,37.55951],[-86.14305,37.55955],[-86.14062,37.56409],[-86.13387,37.56336],[-86.13111,37.56699],[-86.12422,37.56718],[-86.11865,37.56345],[-86.11649,37.56425],[-86.1158,37.56723],[-86.1141,37.56714],[-86.10167,37.55063],[-86.06408,37.50791],[-86.06262,37.50297],[-86.05597,37.50067],[-86.06052,37.49812],[-86.05399,37.49487],[-86.05682,37.49108],[-86.06014,37.4926],[-86.06175,37.49044],[-86.05169,37.48286],[-86.05174,37.47885],[-86.0493,37.47658],[-86.05406,37.47589],[-86.05512,37.47227],[-86.06157,37.47166],[-86.06458,37.46277],[-86.05863,37.46095],[-86.06544,37.46092],[-86.06744,37.45794],[-86.06035,37.45506],[-86.05632,37.45649],[-86.05619,37.45389],[-86.0601,37.45082],[-86.05638,37.44845],[-86.0501,37.45348],[-86.0476,37.44994],[-85.75038,37.43119],[-85.73332,37.42534],[-85.65734,37.422],[-85.65918,37.42847],[-85.66059,37.43087],[-85.66421,37.43183],[-85.6654,37.43676],[-85.6551,37.44744],[-85.64457,37.44937],[-85.63823,37.45408],[-85.63789,37.4583],[-85.6401,37.45962],[-85.63628,37.4647],[-85.63435,37.47169],[-85.62805,37.47111],[-85.624,37.46772],[-85.61774,37.46809],[-85.61532,37.46285],[-85.61141,37.463],[-85.61015,37.45994],[-85.6069,37.46103],[-85.60348,37.46741],[-85.5996,37.46669],[-85.59431,37.47039],[-85.58659,37.46907],[-85.5843,37.47105],[-85.58517,37.45657],[-85.58152,37.45256],[-85.58311,37.44676],[-85.58672,37.44366],[-85.58517,37.43286],[-85.47809,37.36368],[-85.4797,37.36354],[-85.44047,37.31593],[-85.43688,37.30422],[-85.43124,37.30512],[-85.39066,37.24707],[-85.38965,37.23968],[-85.39188,37.23758],[-85.39856,37.23786],[-85.40638,37.23508],[-85.41015,37.23003],[-85.41122,37.22481],[-85.40729,37.22214],[-85.39119,37.22233],[-85.38656,37.22386],[-85.3719,37.22132],[-85.35278,37.19244],[-85.31724,37.22392],[-85.30783,37.22734],[-85.30922,37.23254],[-85.31468,37.24002],[-85.3123,37.24641],[-85.31029,37.24659],[-85.30583,37.24208],[-85.29731,37.24677],[-85.29439,37.2456],[-85.27019,37.26261],[-85.26731,37.2616],[-85.26276,37.26329],[-85.26274,37.26169],[-85.26001,37.26195],[-85.2583,37.2592],[-85.25334,37.26004],[-85.24697,37.2645],[-85.2236,37.2625],[-85.21787,37.26662],[-85.21087,37.26771],[-85.2063,37.26548],[-85.19931,37.26775],[-85.197,37.27122],[-85.19233,37.27232],[-85.1908,37.27675],[-85.19235,37.28006],[-85.19168,37.28481],[-85.18462,37.29363],[-85.18403,37.29587],[-85.18808,37.30189],[-85.18838,37.30696],[-85.17672,37.31214],[-85.17027,37.31212],[-85.14744,37.30444],[-85.1121,37.2821],[-85.0569,37.25705],[-85.05357,37.19675],[-84.97063,37.11305],[-84.95441,37.10228],[-84.91656,37.10729],[-84.90112,37.1163],[-84.90292,37.10238],[-84.90707,37.08717],[-84.90578,37.04719],[-84.86374,37.00803],[-84.83572,36.99762],[-84.90786,36.94545],[-84.91856,36.95499],[-84.92883,36.95997],[-84.9382,36.96141],[-84.94553,36.95975],[-84.95043,36.95547],[-84.95231,36.95126],[-84.95489,36.93924],[-84.95531,36.92763],[-84.96088,36.91635],[-84.96899,36.91169],[-84.97731,36.90919],[-85.01807,36.88732],[-85.06431,36.85875],[-85.05917,36.8331],[-85.02638,36.80692],[-85.0041,36.75624],[-85.01987,36.71994],[-85.02013,36.71785],[-85.01401,36.71592],[-85.01373,36.7131],[-85.01678,36.7113],[-85.01884,36.70816],[-85.01763,36.707],[-85.02149,36.70386],[-85.01886,36.70146],[-85.02047,36.69996],[-85.01918,36.69841],[-85.02048,36.69436],[-85.01832,36.68952],[-85.01673,36.69022],[-85.01511,36.6886],[-85.01278,36.69056],[-85.01111,36.69011],[-85.0098,36.68635],[-85.00547,36.68422],[-85.00706,36.68062],[-85.00127,36.67675],[-85.00574,36.67132],[-85.00948,36.66935],[-85.00901,36.66811],[-85.00582,36.66823],[-85.00492,36.66587],[-84.99992,36.66564],[-84.9982,36.66341],[-84.99769,36.65517],[-84.99906,36.65189],[-84.99736,36.64876],[-85.00413,36.6434],[-85.00453,36.64014],[-85.00335,36.63361],[-84.99933,36.63135],[-84.99925,36.6243],[-84.99107,36.62196],[-84.98912,36.61888],[-84.97797,36.62042],[-84.97705,36.61885],[-84.9786,36.61746],[-84.97482,36.61547],[-84.77846,36.6033],[-84.78545,36.60345],[-84.74994,36.55353],[-84.71514,36.49888],[-84.69254,36.43547],[-84.67445,36.41378],[-84.67015,36.41478],[-84.66414,36.41247],[-84.66365,36.40658],[-84.66834,36.40648],[-84.65909,36.39523],[-84.68582,36.38809],[-84.69036,36.38325],[-84.68972,36.37499],[-84.70618,36.36802],[-84.71366,36.37046],[-84.72245,36.3765],[-84.72475,36.37627],[-84.7234,36.36981],[-84.7303,36.36893],[-84.73256,36.36591],[-84.73259,36.35837],[-84.72702,36.35408],[-84.72713,36.35246],[-84.73296,36.35044],[-84.74244,36.354],[-84.74548,36.35148],[-84.74358,36.34931],[-84.74325,36.34354],[-84.74046,36.34059],[-84.74001,36.33656],[-84.74633,36.33506],[-84.75042,36.33211],[-84.75519,36.33471],[-84.75813,36.33271],[-84.76044,36.32782],[-84.76852,36.33354],[-84.77407,36.33465],[-84.77502,36.33013],[-84.77764,36.32713],[-84.78646,36.32524],[-84.78192,36.31921],[-84.7893,36.31756],[-84.79165,36.31206],[-84.79522,36.3091],[-84.7916,36.30226],[-84.79583,36.29761],[-84.80354,36.2975],[-84.81462,36.29333],[-84.8179,36.29801],[-84.82255,36.29946],[-84.84281,36.28702],[-84.85577,36.29373],[-84.85841,36.29179],[-84.86594,36.293],[-84.87097,36.28924],[-84.87091,36.2867],[-84.87564,36.28533],[-84.87858,36.28066],[-84.87632,36.27235],[-84.87795,36.26999],[-84.87602,36.26946],[-84.8818,36.26242],[-84.88256,36.25223],[-84.88477,36.24923],[-84.88294,36.24598],[-84.8839,36.23905],[-84.88971,36.23989],[-84.8918,36.23869],[-84.89334,36.23536],[-84.89227,36.2328],[-84.89526,36.22603],[-84.89743,36.2241],[-84.90197,36.22371],[-84.90393,36.22067],[-84.90391,36.21704],[-84.90735,36.21554],[-84.91416,36.2083],[-84.91136,36.19805],[-84.90864,36.19616],[-84.90906,36.19358],[-84.91176,36.19118],[-84.91046,36.18637],[-84.90416,36.18378],[-84.90288,36.17761],[-84.89975,36.17267],[-84.90218,36.16844],[-84.90563,36.16618],[-84.90499,36.15957],[-84.90801,36.15703],[-84.90574,36.15354],[-84.89975,36.1508],[-84.89721,36.14695],[-84.88395,36.1453],[-84.87759,36.13847],[-84.87089,36.13693],[-84.83238,36.08402],[-84.82738,36.08685],[-84.82743,36.08987],[-84.82432,36.09473],[-84.82158,36.09242],[-84.81919,36.09536],[-84.81505,36.09451],[-84.81483,36.08986],[-84.81085,36.08696],[-84.80546,36.09051],[-84.79205,36.05948],[-84.72073,35.99492],[-84.68064,35.90846],[-84.68496,35.90294],[-84.69722,35.9],[-84.70427,35.89395],[-84.70619,35.89607],[-84.71784,35.87508],[-84.72777,35.86374],[-84.729,35.85886],[-84.73606,35.85668],[-84.73855,35.85101],[-84.74047,35.85227],[-84.74686,35.84876],[-84.74994,35.84932],[-84.75421,35.84226],[-84.75739,35.84356],[-84.76202,35.83883],[-84.76496,35.83837],[-84.76283,35.83642],[-84.76335,35.8341],[-84.7696,35.83004],[-84.78191,35.82501],[-84.79783,35.82516],[-84.88241,35.77879],[-84.90514,35.77374],[-84.98991,35.68181],[-84.99009,35.68021],[-84.98117,35.67945],[-84.98157,35.67481],[-84.99547,35.67576],[-85.04765,35.61866],[-85.10777,35.57137],[-85.10982,35.54156],[-85.10561,35.54879],[-85.09658,35.54522],[-85.10215,35.5441],[-85.09907,35.53369],[-85.10424,35.53257],[-85.10506,35.5352],[-85.10917,35.53747],[-85.10877,35.5318],[-85.10578,35.52961],[-85.11557,35.52135],[-85.11861,35.52351],[-85.11388,35.5248],[-85.11928,35.52899],[-85.12263,35.52608],[-85.13264,35.51405],[-85.1464,35.49131],[-85.14205,35.49254],[-85.14231,35.48945],[-85.1406,35.48795],[-85.13402,35.49137],[-85.13238,35.48671],[-85.13486,35.48481],[-85.13082,35.48166],[-85.1254,35.48165],[-85.12475,35.47789],[-85.12242,35.4787],[-85.11595,35.47568],[-85.1488,35.4456],[-85.16255,35.44854],[-85.16831,35.45562],[-85.1841,35.42816],[-85.19598,35.4035],[-85.24601,35.31908],[-85.38823,35.14606],[-85.38571,35.13686],[-85.39574,35.10553],[-85.38331,35.10575],[-85.37304,35.10011],[-85.36747,35.09497],[-85.36716,35.09088],[-85.36196,35.08778],[-85.36602,35.07006],[-85.37736,35.05745],[-85.3882,35.03987],[-85.39246,35.03888],[-85.39766,35.04188],[-85.40872,35.0412],[-85.4144,35.02909],[-85.41976,35.02693],[-85.4182,35.02023],[-85.41984,35.01919],[-85.42104,35.01375],[-85.42778,35.00668],[-85.43466,35.00259],[-85.4373,35.00313],[-85.44283,35.00064],[-85.44355,34.99712],[-85.45009,34.99568],[-85.45271,34.99658],[-85.46877,34.9868],[-85.47489,34.98698],[-85.4756,34.98539],[-85.47408,34.98303],[-85.60517,34.98468],[-85.59051,34.89895],[-85.56142,34.75009],[-85.47045,34.32825],[-85.42947,34.1251],[-85.40675,34.00232],[-85.30444,33.48289],[-85.23311,33.11172],[-85.18414,32.87053],[-85.1844,32.86132],[-85.17713,32.8539],[-85.16869,32.85259],[-85.16231,32.85649],[-85.15629,32.85053],[-85.15339,32.84487],[-85.15402,32.84075],[-85.16411,32.8353],[-85.16835,32.82852],[-85.16485,32.8198],[-85.16865,32.81425],[-85.16805,32.81185],[-85.15203,32.79419],[-85.14634,32.79157],[-85.14219,32.79214],[-85.13967,32.78516],[-85.1349,32.78447],[-85.1311,32.78032],[-85.12622,32.7792],[-85.12233,32.77439],[-85.12374,32.77204],[-85.13089,32.76957],[-85.1367,32.77118],[-85.13742,32.7672],[-85.14163,32.76417],[-85.14299,32.75994],[-85.13946,32.75184],[-85.13314,32.74464],[-85.12824,32.74224],[-85.11855,32.74082],[-85.11333,32.73576],[-85.11414,32.73044],[-85.12084,32.72294],[-85.12274,32.71604],[-85.12184,32.71264],[-85.11814,32.70944],[-85.12004,32.70654],[-85.11704,32.69204],[-85.11264,32.68344],[-85.10404,32.67964],[-85.09354,32.66974],[-85.09304,32.66444],[-85.08849,32.65776],[-85.08974,32.65564],[-85.09834,32.65204],[-85.10434,32.64644],[-85.10544,32.64494],[-85.10454,32.64102],[-85.10156,32.6404],[-85.10039,32.63712],[-85.0989,32.63694],[-85.10009,32.63458],[-85.09622,32.63484],[-85.09669,32.6362],[-85.09004,32.63404],[-85.08312,32.63617],[-85.08384,32.63194],[-85.09004,32.62764],[-85.09089,32.62514],[-85.08794,32.62053],[-85.08224,32.61627],[-85.07898,32.60018],[-85.06754,32.57955],[-85.06199,32.57826],[-85.05791,32.57466],[-85.05693,32.57125],[-85.04547,32.56173],[-85.04367,32.55653],[-85.03573,32.55397],[-85.03139,32.54418],[-85.02619,32.54485],[-85.0208,32.54277],[-85.02205,32.54083],[-85.02088,32.53586],[-85.01527,32.53112],[-85.01527,32.52768],[-85.0071,32.52387],[-85.00638,32.5185],[-85.00154,32.51475],[-85.00094,32.50875],[-84.99894,32.50635],[-84.99984,32.50435],[-84.99654,32.50165],[-84.99884,32.49705],[-84.99544,32.48895],[-84.99494,32.48015],[-84.99523,32.47531],[-84.99854,32.46875],[-84.99533,32.45325],[-84.99353,32.45075],[-84.98384,32.44565],[-84.97184,32.44285],[-84.96704,32.43535],[-84.96303,32.42425],[-84.97183,32.41625],[-84.97944,32.41225],[-84.98096,32.40607],[-84.9799,32.4001],[-84.97475,32.39561],[-84.96928,32.39345],[-84.96873,32.39146],[-84.97837,32.3905],[-84.98301,32.39196],[-84.98841,32.38522],[-84.98629,32.38034],[-84.97481,32.38026],[-84.97216,32.37692],[-84.97523,32.37417],[-84.98205,32.37434],[-84.98533,32.37252],[-84.98633,32.3687],[-84.98325,32.36513],[-84.98387,32.36239],[-85.00459,32.3452],[-85.0081,32.33668],[-85.00641,32.32676],[-85.00035,32.32142],[-84.98883,32.31918],[-84.93465,32.29892],[-84.92288,32.28534],[-84.90403,32.27376],[-84.88825,32.25968],[-84.8912,32.2575],[-84.9012,32.25838],[-84.90348,32.25561],[-84.90409,32.25084],[-84.90723,32.24906],[-84.92443,32.25016],[-84.92323,32.24466],[-84.92033,32.24406],[-84.91543,32.24606],[-84.91273,32.24336],[-84.91633,32.23656],[-84.92333,32.23086],[-84.92293,32.22476],[-84.92823,32.21986],[-84.93933,32.21796],[-84.95933,32.21786],[-84.96813,32.21936],[-84.97333,32.21766],[-84.97983,32.21106],[-84.98023,32.20776],[-84.97443,32.20356],[-84.96463,32.20356],[-84.96173,32.19876],[-84.96373,32.19586],[-84.97503,32.19106],[-85.01127,32.1805],[-85.01708,32.17352],[-85.02659,32.16611],[-85.0456,32.14376],[-85.06161,32.13342],[-85.05341,32.10485],[-85.04477,32.08584],[-85.05324,32.08061],[-85.05582,32.07445],[-85.05418,32.06799],[-85.05883,32.04696],[-85.05347,32.03783],[-85.05354,32.03596],[-85.05804,32.03361],[-85.05713,32.02993],[-85.04883,32.02171],[-85.05367,32.02067],[-85.05531,32.01776],[-85.05382,32.01351],[-85.05508,32.01072],[-85.06345,32.00415],[-85.06733,31.99556],[-85.06833,31.98676],[-85.07093,31.98166],[-85.06593,31.97246],[-85.06783,31.96736],[-85.07393,31.96416],[-85.08323,31.96246],[-85.08673,31.95916],[-85.08243,31.94536],[-85.07893,31.94017],[-85.08643,31.93597],[-85.09183,31.92887],[-85.09953,31.92527],[-85.10243,31.91737],[-85.11314,31.91187],[-85.10803,31.90517],[-85.11224,31.90277],[-85.11063,31.89687],[-85.11203,31.89477],[-85.11504,31.89307],[-85.13414,31.89217],[-85.12844,31.87757],[-85.13374,31.87007],[-85.13584,31.86247],[-85.14074,31.85747],[-85.13804,31.85127],[-85.13774,31.84587],[-85.14184,31.83987],[-85.13774,31.83217],[-85.13214,31.82797],[-85.13454,31.82497],[-85.13124,31.81677],[-85.13294,31.80807],[-85.13244,31.79347],[-85.14184,31.78127],[-85.12553,31.76787],[-85.12563,31.76447],[-85.12924,31.75867],[-85.12203,31.74407],[-85.11893,31.73267],[-85.12193,31.72737],[-85.12223,31.72277],[-85.12653,31.71677],[-85.12553,31.69497],[-85.12233,31.69127],[-85.11393,31.68687],[-85.10943,31.67747],[-85.09243,31.65997],[-85.07913,31.65477],[-85.07803,31.65157],[-85.08263,31.65027],[-85.08703,31.64097],[-85.08623,31.63857],[-85.08003,31.63687],[-85.07383,31.62957],[-85.05817,31.62023],[-85.05753,31.61689],[-85.06056,31.60823],[-85.05598,31.60518],[-85.05844,31.5837],[-85.05529,31.5776],[-85.05796,31.57085],[-85.05294,31.5629],[-85.05084,31.55556],[-85.04255,31.54596],[-85.04137,31.5425],[-85.04182,31.53776],[-85.04827,31.52602],[-85.04456,31.52091],[-85.04499,31.51824],[-85.05693,31.50018],[-85.06211,31.48802],[-85.06526,31.48493],[-85.07163,31.46839],[-85.06596,31.44298],[-85.06602,31.43053],[-85.06855,31.42732],[-85.07371,31.42896],[-85.0759,31.42493],[-85.07675,31.41598],[-85.07998,31.41048],[-85.07739,31.40285],[-85.07763,31.39889],[-85.08041,31.39394],[-85.08244,31.38455],[-85.09233,31.36405],[-85.0918,31.35521],[-85.08592,31.35315],[-85.08709,31.34033],[-85.08943,31.33603],[-85.08416,31.32832],[-85.0837,31.32385],[-85.08378,31.31822],[-85.08741,31.31123],[-85.08978,31.29503],[-85.09872,31.28446],[-85.11036,31.28175],[-85.11461,31.27734],[-85.11191,31.27248],[-85.11327,31.26435],[-85.11236,31.25959],[-85.09677,31.22566],[-85.09871,31.21952],[-85.09871,31.21129],[-85.10697,31.2027],[-85.10752,31.18646],[-85.10206,31.18474],[-85.09851,31.18016],[-85.10021,31.1655],[-85.09211,31.1603],[-85.08359,31.15964],[-85.07663,31.15693],[-85.06933,31.14701],[-85.06403,31.1425],[-85.06044,31.1315],[-85.05468,31.12082],[-85.03562,31.1082],[-85.03546,31.10435],[-85.02974,31.09617],[-85.02607,31.08419],[-85.02858,31.07459],[-85.01815,31.05926],[-85.0114,31.05355],[-85.00858,31.04407],[-85.00941,31.03238],[-85.00506,31.02471],[-85.00455,31.01919],[-84.99943,31.01385],[-85.0025,31.00069],[-85.00239,30.98784],[-85.00594,30.97981],[-85.00574,30.97591],[-84.99993,30.97119],[-84.98722,30.96855],[-84.98253,30.96559],[-84.98013,30.96129],[-84.97953,30.95559],[-84.98303,30.94259],[-84.98313,30.93479],[-84.97103,30.92819],[-84.96673,30.91729],[-84.95613,30.90759],[-84.94253,30.88849],[-84.93443,30.88359],[-84.93983,30.87259],[-84.93233,30.86429],[-84.93643,30.85979],[-84.93613,30.85699],[-84.93323,30.85149],[-84.92783,30.84789],[-84.92567,30.84269],[-84.92709,30.83903],[-84.93214,30.8383],[-84.93482,30.83586],[-84.93743,30.82089],[-84.92833,30.8051],[-84.92833,30.7931],[-84.91803,30.7781],[-84.91803,30.7721],[-84.92013,30.766],[-84.91503,30.7612],[-84.91353,30.7523],[-84.90733,30.7506],[-84.89763,30.7514],[-84.88883,30.7434],[-84.88383,30.7326],[-84.87543,30.7275],[-84.86976,30.7219],[-84.85838,30.70039],[-84.85797,30.69695],[-84.86865,30.68402],[-84.87495,30.67231],[-84.88876,30.66212],[-84.89339,30.64634],[-84.90343,30.63831],[-84.90429,30.62477],[-84.90596,30.62139],[-84.91268,30.61636],[-84.92857,30.6114],[-84.93287,30.60657],[-84.93574,30.60029],[-84.9457,30.59445],[-84.94645,30.58991],[-84.94356,30.58373],[-84.94545,30.58056],[-84.95284,30.57873],[-84.96329,30.58163],[-84.96566,30.58043],[-84.96574,30.57224],[-84.96162,30.56503],[-84.97486,30.55144],[-84.99115,30.52286],[-84.99257,30.51682],[-84.99104,30.50424],[-84.99513,30.48823],[-85.00444,30.47653],[-85.00039,30.47248],[-84.98901,30.47228],[-84.98673,30.47062],[-84.98756,30.46498],[-84.99386,30.46175],[-85.00111,30.4547],[-85.00095,30.4479],[-84.99329,30.44472],[-84.98302,30.44778],[-84.98052,30.44454],[-84.98368,30.44177],[-85.0156,30.43427],[-85.02337,30.43003],[-85.03273,30.42059],[-85.03005,30.41183],[-85.02701,30.4105],[-85.017,30.41344],[-85.01266,30.41061],[-85.01375,30.4077],[-85.02785,30.40521],[-85.03097,30.40239],[-85.02963,30.39783],[-85.02507,30.39651],[-85.01823,30.39716],[-85.01505,30.39568],[-85.01473,30.3868],[-85.02681,30.37539],[-85.03035,30.37563],[-85.03319,30.37818],[-85.0374,30.37647],[-85.04072,30.37093],[-85.03943,30.36609],[-85.03649,30.36453],[-85.02741,30.36517],[-85.02548,30.36248],[-85.04047,30.35557],[-85.04361,30.35064],[-85.04527,30.34364],[-85.05032,30.33819],[-85.04416,30.32926],[-85.04646,30.31985],[-85.03499,30.31489],[-85.03407,30.3125],[-85.03626,30.31019],[-85.04058,30.30947],[-85.05068,30.31191],[-85.05232,30.3088],[-85.04764,30.3049],[-85.04752,30.30279],[-85.05789,30.30395],[-85.05321,30.28692],[-85.06066,30.28463],[-85.05802,30.27538],[-85.06444,30.26954],[-85.05945,30.26457],[-85.05904,30.26031],[-85.06785,30.25952],[-85.07065,30.24863],[-85.07375,30.24827],[-85.07836,30.25078],[-85.08014,30.24955],[-85.07779,30.24229],[-85.0832,30.2381],[-85.08384,30.23592],[-85.07908,30.23083],[-85.07945,30.22857],[-85.09216,30.22884],[-85.09008,30.22115],[-85.10001,30.21932],[-85.10066,30.2166],[-85.09865,30.21352],[-85.09988,30.2119],[-85.10375,30.21219],[-85.10697,30.21755],[-85.11008,30.21863],[-85.11264,30.21676],[-85.10966,30.21043],[-85.11035,30.20828],[-85.1131,30.20778],[-85.11711,30.21101],[-85.11935,30.21007],[-85.11962,30.2066],[-85.11571,30.20307],[-85.11499,30.19983],[-85.12174,30.19588],[-85.12673,30.18335],[-85.13581,30.18019],[-85.13655,30.17767],[-85.13476,30.17362],[-85.14005,30.16964],[-85.13995,30.1673],[-85.13689,30.16439],[-85.1367,30.1602],[-85.13212,30.15857],[-85.13442,30.15596],[-85.1353,30.15099],[-85.13875,30.14702],[-85.13885,30.14447],[-85.13079,30.14203],[-85.13145,30.1404],[-85.13798,30.13942],[-85.1376,30.13285],[-85.14496,30.12905],[-85.14542,30.12461],[-85.14177,30.12097],[-85.13071,30.12049],[-85.12955,30.11757],[-85.13277,30.11461],[-85.14014,30.11625],[-85.14301,30.11499],[-85.14293,30.11268],[-85.13883,30.10966],[-85.13953,30.1071],[-85.14302,30.10814],[-85.14575,30.1124],[-85.1486,30.11203],[-85.14954,30.10987],[-85.14403,30.09747],[-85.14557,30.09537],[-85.15089,30.09672],[-85.15299,30.09529],[-85.15056,30.09039],[-85.14486,30.08771],[-85.13938,30.08875],[-85.13423,30.08242],[-85.1341,30.07969],[-85.13858,30.07223],[-85.13718,30.0692],[-85.13071,30.06587],[-85.1372,30.06351],[-85.13638,30.05211],[-85.13434,30.04752],[-85.13526,30.04256],[-85.11821,30.02785],[-85.11531,30.02334],[-85.10698,30.02494],[-85.10733,30.02098],[-85.10216,30.01884],[-85.09977,30.01518],[-85.09338,30.01577],[-85.08804,30.01327],[-85.08374,30.0144],[-85.07878,30.0085],[-85.06498,30.00355],[-85.0552,30.00223],[-85.04903,29.98958],[-85.04255,29.98847],[-85.03698,29.99061],[-85.02991,29.98744],[-85.02706,29.98181],[-85.02329,29.96236],[-85.01379,29.94376],[-85.01301,29.93382],[-85.01944,29.92244],[-85.01998,29.9185],[-85.01839,29.91431],[-85.01119,29.91078],[-85.00944,29.90821],[-85.0151,29.9027],[-85.01322,29.89527],[-85.01585,29.88359],[-85.01206,29.87195],[-85.01671,29.85537],[-85.02678,29.85385],[-85.03269,29.84341],[-85.03264,29.82916],[-85.03041,29.82629],[-85.02139,29.82338],[-85.0194,29.81813],[-85.02046,29.81439],[-85.01952,29.80938],[-85.02099,29.80656],[-85.03306,29.79724],[-85.03775,29.7883],[-85.03916,29.78032],[-85.04263,29.77881],[-85.0479,29.7813],[-85.04988,29.77847],[-85.05979,29.78618],[-85.0643,29.78705],[-85.06842,29.78479],[-85.07144,29.7723],[-85.07572,29.76913],[-85.07993,29.76865],[-85.08975,29.77225],[-85.10483,29.77436],[-85.14437,29.79791],[-85.15448,29.81419],[-85.1594,29.8138],[-85.16703,29.81891],[-85.17276,29.82019],[-85.17522,29.82356],[-85.18068,29.8214],[-85.18994,29.82757],[-85.19127,29.82946],[-85.19054,29.83295],[-85.19459,29.83871],[-85.20263,29.83885],[-85.21135,29.84591],[-85.20775,29.8683],[-85.21057,29.87684],[-85.25974,29.89092],[-85.27743,29.90157],[-85.28588,29.91257],[-85.29371,29.91814],[-85.29645,29.92447],[-85.29999,29.94163],[-85.31449,29.94962],[-85.32279,29.95632],[-85.34135,29.9603],[-85.35061,29.95823],[-85.35699,29.95881],[-85.37106,29.96797],[-85.37887,29.97821],[-85.36918,29.99275],[-85.37294,30.00679],[-85.37777,30.01601],[-85.37609,30.01947],[-85.38132,30.02822],[-85.38905,30.02624],[-85.3913,30.02767],[-85.38867,29.92436],[-85.43434,29.9],[-85.44034,29.78812],[-85.37285,29.50702],[-85.41024,29.51627],[-85.43134,29.52508],[-85.44822,29.53444],[-85.47445,29.55471],[-85.48819,29.56818],[-85.50455,29.58782],[-85.52265,29.61314],[-85.53476,29.63328],[-85.54459,29.65351],[-85.56475,29.70405],[-85.57717,29.74595],[-85.58533,29.78365],[-85.58872,29.80933],[-85.58962,29.83757],[-85.61659,29.8536],[-85.64587,29.87592],[-85.6842,29.91002],[-85.70979,29.93585],[-85.74152,29.94782],[-85.79074,29.97084],[-85.8434,30.00415],[-85.85653,30.01443],[-85.87394,30.03171],[-85.8935,30.0453],[-85.96596,30.08583],[-86.02138,30.11318],[-86.07407,30.1352],[-86.1498,30.16292],[-86.30638,30.20941],[-86.34466,30.21842],[-86.41086,30.22882],[-86.4456,30.23232],[-86.47621,30.23303],[-86.51074,30.23117],[-86.53137,30.23221],[-86.5913,30.24283],[-86.62483,30.24563],[-86.64058,30.24632],[-86.71348,30.24364],[-86.80338,30.23496],[-86.8556,30.22793],[-87.01234,30.20107],[-87.12004,30.1806],[-87.17692,30.17282],[-87.25829,30.16543],[-87.27883,30.16558],[-87.30281,30.16831],[-87.36687,30.15358],[-87.44201,30.14111],[-87.51837,30.12554],[-87.51835,30.22951],[-87.62502,30.20595],[-87.64783,30.19922],[-87.71801,30.19177],[-87.80716,30.17738],[-87.875,30.1772],[-87.92576,30.17957],[-87.98105,30.17649],[-87.98741,30.1779],[-88.00362,30.17342],[-88.0098,30.16418],[-88.02804,30.15039],[-88.0415,30.14561],[-88.0571,30.14445],[-88.07487,30.14715],[-88.09023,30.15452],[-88.10342,30.16638],[-88.1156,30.16775],[-88.13162,30.17363],[-88.15349,30.19038],[-88.16203,30.2001],[-88.21001,30.19362],[-88.2666,30.18171],[-88.30303,30.17797],[-88.32494,30.18025],[-88.34772,30.19009],[-88.35976,30.17454],[-88.37117,30.16561],[-88.38518,30.15815],[-88.41939,30.14924],[-88.45003,30.1461],[-88.47994,30.14993],[-88.50979,30.15795],[-88.52602,30.16427],[-88.54586,30.17666],[-88.56788,30.17046],[-88.58664,30.16911],[-88.60389,30.17061],[-88.63734,30.17694],[-88.67744,30.17972],[-88.69102,30.18247],[-88.71739,30.19088],[-88.74011,30.18808],[-88.76529,30.18995],[-88.77816,30.1933],[-88.80064,30.20239],[-88.81139,30.20875],[-88.82139,30.21738],[-88.83684,30.20259],[-88.8504,30.19229],[-88.87503,30.179],[-88.90034,30.16999],[-88.88904,30.13985],[-88.85492,30.13554],[-88.83435,30.09071],[-88.82093,30.07924],[-88.80853,30.06548],[-88.78367,30.02669],[-88.76728,29.98208],[-88.76016,29.94456],[-88.75839,29.91828],[-88.76273,29.86699],[-88.76726,29.84078],[-88.78975,29.77742],[-88.80474,29.74476],[-88.82344,29.715],[-88.86994,29.6571],[-88.91266,29.61179],[-88.94436,29.5863],[-88.96021,29.57711],[-88.98691,29.54881],[-89.00004,29.53249],[-89.01736,29.51904],[-89.03888,29.49223],[-89.05286,29.48001],[-89.0723,29.47084],[-89.11946,29.45807],[-89.12551,29.44752],[-89.14208,29.42947],[-89.13762,29.38143],[-89.1292,29.37522],[-89.12163,29.3665],[-89.11373,29.34948],[-89.11216,29.33968],[-89.09453,29.32894],[-89.08532,29.31861],[-89.07723,29.30111],[-89.06943,29.2943],[-89.02262,29.27447],[-89.00005,29.27149],[-88.98243,29.26322],[-88.9675,29.26263],[-88.94206,29.25375],[-88.9251,29.24339],[-88.91832,29.23628],[-88.91017,29.2203],[-88.90882,29.21023],[-88.90916,29.20017],[-88.91289,29.18744],[-88.91765,29.17945],[-88.91393,29.16553],[-88.91325,29.15458],[-88.91732,29.13356],[-88.92781,29.11728],[-88.94577,29.10396],[-88.96744,29.09508],[-88.98539,29.09419],[-88.99691,29.08531],[-89.00119,29.06623],[-89.001,29.05701],[-89.00292,29.0488],[-89.01269,29.02769],[-89.02592,29.01562],[-89.04564,29.00695],[-89.08883,28.96115],[-89.09028,28.95388],[-89.09606,28.9425],[-89.1051,28.93301],[-89.11486,28.92637],[-89.13329,28.91973],[-89.151,28.9191],[-89.16907,28.92258],[-89.18534,28.93048],[-89.19654,28.93997],[-89.20486,28.95293],[-89.20958,28.9702],[-89.22437,28.97749],[-89.23491,28.98716],[-89.27961,28.97779],[-89.29408,28.96319],[-89.30515,28.9561],[-89.32411,28.93072],[-89.34454,28.90998],[-89.36217,28.89565],[-89.38473,28.87151],[-89.401,28.86064],[-89.4257,28.85513],[-89.44946,28.85815],[-89.46732,28.86651],[-89.47606,28.87287],[-89.4835,28.88098],[-89.48765,28.88738],[-89.49209,28.90149],[-89.4926,28.91315],[-89.49023,28.92444],[-89.48099,28.94165],[-89.46941,28.95618],[-89.46971,28.9633],[-89.46574,28.97444],[-89.46343,29.08283],[-89.46769,29.09618],[-89.46868,29.10747],[-89.48121,29.12221],[-89.48614,29.13722],[-89.49415,29.14546],[-89.50232,29.15838],[-89.51033,29.16532],[-89.52047,29.17219],[-89.55365,29.18598],[-89.59916,29.19788],[-89.61043,29.19864],[-90.03233,29.13505],[-90.05558,29.12197],[-90.0926,29.092],[-90.12514,29.06986],[-90.16267,29.05125],[-90.18245,29.04483],[-90.21008,29.03309],[-90.22583,29.03152],[-90.23907,29.03311],[-90.31117,29.01085],[-90.34432,29.00318],[-90.36841,29.00343],[-90.37501,29.00024],[-90.38494,28.99808],[-90.40939,28.99535],[-90.49182,29.01181],[-90.55255,29.03681],[-90.7072,28.99576],[-90.74686,28.9886],[-90.79128,28.98815],[-90.82265,28.98592],[-90.86457,28.9916],[-90.90709,28.99114],[-90.93211,28.99432],[-90.94787,29.00024],[-90.97029,29.00503],[-90.98188,29.00955],[-91.00215,29.02094],[-91.00876,29.02691],[-91.01745,29.03866],[-91.02076,29.04607],[-91.02324,29.05927],[-91.02304,29.0674],[-91.01745,29.08259],[-91.00649,29.09615],[-90.9894,29.10645],[-90.97623,29.11022],[-90.96038,29.11107],[-90.97493,29.12151],[-91.00024,29.11983],[-91.02002,29.12178],[-91.03634,29.12644],[-91.05946,29.13083],[-91.07234,29.13153],[-91.09205,29.13715],[-91.10331,29.13838],[-91.11839,29.14278],[-91.12543,29.14647],[-91.14031,29.15701],[-91.14595,29.16298],[-91.15982,29.16843],[-91.17015,29.17018],[-91.20785,29.17116],[-91.23726,29.17775],[-91.29269,29.19618],[-91.3187,29.20836],[-91.3417,29.22745],[-91.35428,29.23961],[-91.36026,29.24783],[-91.37691,29.26259],[-91.39165,29.28188],[-91.40503,29.28807],[-91.42113,29.30283],[-91.52975,29.34446],[-91.54471,29.34289],[-91.56075,29.3454],[-91.57465,29.35123],[-91.58292,29.35697],[-91.59426,29.36031],[-91.61324,29.36063],[-91.6247,29.36385],[-91.63542,29.36912],[-91.64405,29.37556],[-91.66254,29.37459],[-91.67486,29.36632],[-91.68891,29.3616],[-91.7,29.36009],[-91.7122,29.36063],[-91.72341,29.36342],[-91.73672,29.36965],[-91.74905,29.38071],[-91.76293,29.38576],[-91.7775,29.39609],[-91.79319,29.38255],[-91.80808,29.37655],[-91.82303,29.36631],[-91.83277,29.36257],[-91.84094,29.3602],[-91.85985,29.35895],[-91.87692,29.36269],[-91.8897,29.36896],[-91.89643,29.3741],[-91.90635,29.38741],[-91.91067,29.39612],[-91.91302,29.40569],[-91.91321,29.42021],[-91.9334,29.42978],[-91.94546,29.43134],[-91.96484,29.4394],[-91.97618,29.44913],[-91.98387,29.46072],[-92.00731,29.46338],[-92.02276,29.47064],[-92.03654,29.48335],[-92.04307,29.49535],[-92.04562,29.50581],[-92.06903,29.52181],[-92.07806,29.53149],[-92.10009,29.53168],[-92.11415,29.53515],[-92.14667,29.53204],[-92.18333,29.51834],[-92.22347,29.49472],[-92.23166,29.4919],[-92.26399,29.48415],[-92.29368,29.4815],[-92.31684,29.48295],[-92.35367,29.48872],[-92.40502,29.50029],[-92.4265,29.50189],[-92.45332,29.50692],[-92.55983,29.51818],[-92.62498,29.52833],[-92.6867,29.54412],[-92.7676,29.57094],[-92.89468,29.6235],[-92.96452,29.65455],[-93.02911,29.67786],[-93.07431,29.68955],[-93.12516,29.70621],[-93.14205,29.70851],[-93.1881,29.7208],[-93.22317,29.7264],[-93.24082,29.7273],[-93.26848,29.72744],[-93.28736,29.72434],[-93.29826,29.71035],[-93.31079,29.70201],[-93.32178,29.69777],[-93.3393,29.69509],[-93.34945,29.69541],[-93.36551,29.69942],[-93.3751,29.70407],[-93.38725,29.71378],[-93.43276,29.71854],[-93.48776,29.71782],[-93.66619,29.69779],[-93.72268,29.68787],[-93.75001,29.67974],[-93.77015,29.67083],[-93.76546,29.64414],[-93.76653,29.63431],[-93.77037,29.62393],[-93.77932,29.61169],[-93.78593,29.60595],[-93.79255,29.60187],[-93.80662,29.59686],[-93.8258,29.59583],[-93.8365,29.59685],[-93.84859,29.60027],[-93.85799,29.60509],[-93.86654,29.61184],[-93.87501,29.62143],[-93.90605,29.62501],[-94.03357,29.62501],[-94.12519,29.59556],[-94.37036,29.50024],[-94.37519,29.50014],[-94.49946,29.45234],[-94.6252,29.39767],[-94.65032,29.38283],[-94.64356,29.37849],[-94.63605,29.37064],[-94.62859,29.35828],[-94.6239,29.34315],[-94.62418,29.3352],[-94.62903,29.32165],[-94.64243,29.30014],[-94.65037,29.2919],[-94.66623,29.28105],[-94.6803,29.27761],[-94.69232,29.27706],[-94.71332,29.28253],[-94.74117,29.25959],[-94.75075,29.24693],[-94.77269,29.23172],[-94.84016,29.19835],[-94.91218,29.15932],[-94.96367,29.12525],[-95.00021,29.10446],[-95.0864,29.06825],[-95.09163,29.06274],[-95.08726,29.058],[-95.09381,29.03333],[-95.10653,29.01494],[-95.12578,29.00299],[-95.13948,28.9917],[-95.18084,28.94894],[-95.22723,28.91038],[-95.2528,28.89261],[-95.29082,28.87165],[-95.30813,28.85884],[-95.31021,28.85097],[-95.31543,28.84221],[-95.32212,28.83445],[-95.32985,28.8287],[-95.35348,28.81787],[-95.37799,28.81028],[-95.40117,28.80597],[-95.42008,28.80563],[-95.49389,28.76534],[-95.53379,28.75026],[-95.77785,28.62527],[-95.87525,28.58279],[-96.00025,28.53208],[-96.00025,28.53344],[-96.07834,28.50001],[-96.18225,28.45204],[-96.19938,28.44228],[-96.2582,28.40788],[-96.25981,28.4007],[-96.26708,28.38823],[-96.28231,28.37501],[-96.29418,28.36831],[-96.30354,28.36502],[-96.32077,28.36287],[-96.32875,28.35206],[-96.34181,28.34239],[-96.34474,28.32599],[-96.35269,28.31293],[-96.37526,28.29076],[-96.39565,28.27953],[-96.42581,28.26869],[-96.53101,28.22117],[-96.64076,28.15539],[-96.73069,28.09127],[-96.8442,28.0003],[-96.87527,27.96992],[-96.93855,27.9012],[-96.9595,27.87531],[-96.98429,27.80379],[-96.99169,27.79717],[-97.00891,27.78679],[-97.02186,27.78337],[-97.05023,27.75031],[-97.12527,27.6406],[-97.1651,27.5683],[-97.19982,27.50032],[-97.25027,27.39231],[-97.28834,27.27759],[-97.29657,27.25033],[-97.30937,27.19611],[-97.31983,27.11003],[-97.32316,27.05115],[-97.32323,27.01026],[-97.32116,27.00033],[-97.31389,26.91313],[-97.30043,26.83462],[-97.28273,26.76343],[-97.25171,26.66187],[-97.22444,26.5977],[-97.21406,26.57677],[-97.21256,26.56166],[-97.18457,26.47586],[-97.1565,26.37535],[-97.12526,26.24829],[-97.11071,26.14537],[-97.10831,26.10451],[-97.09739,26.09351],[-97.09,26.07534],[-97.08935,26.06612],[-97.09129,26.0516],[-97.09415,26.04305],[-97.09787,26.03862],[-97.09113,25.97384],[-97.14666,25.97097],[-97.14611,25.95666],[-97.14729,25.954],[-97.15661,25.94902],[-97.16047,25.95099],[-97.15882,25.96222],[-97.16696,25.96023],[-97.17559,25.96558],[-97.1771,25.96535],[-97.17968,25.96075],[-97.18709,25.95849],[-97.18715,25.95523],[-97.18959,25.9538],[-97.1979,25.95793],[-97.20549,25.95829],[-97.20657,25.96324],[-97.20903,25.96373],[-97.22093,25.95728],[-97.22803,25.95894],[-97.23988,25.95498],[-97.24804,25.9481],[-97.26087,25.95094],[-97.27671,25.95215],[-97.2822,25.95881],[-97.28445,25.95916],[-97.28965,25.95403],[-97.28475,25.94949],[-97.27854,25.94747],[-97.28104,25.94346],[-97.27749,25.93991],[-97.2767,25.93534],[-97.29179,25.93631],[-97.29612,25.93343],[-97.29816,25.93387],[-97.29962,25.93687],[-97.30255,25.93723],[-97.3046,25.93516],[-97.30451,25.92884],[-97.30691,25.92701],[-97.31086,25.92691],[-97.31518,25.93147],[-97.32057,25.92981],[-97.32492,25.92404],[-97.32466,25.9186],[-97.32601,25.91769],[-97.33125,25.91856],[-97.33363,25.92612],[-97.33449,25.92021],[-97.33784,25.92048],[-97.33683,25.92945],[-97.34251,25.92899],[-97.34828,25.93115],[-97.3504,25.92524],[-97.35454,25.92014],[-97.36151,25.91587],[-97.36852,25.91533],[-97.36843,25.90968],[-97.3735,25.90926],[-97.37509,25.90755],[-97.36598,25.90245],[-97.36727,25.89389],[-97.36629,25.89082],[-97.35664,25.88821],[-97.35833,25.88637],[-97.36905,25.88406],[-97.37415,25.87937],[-97.36436,25.87793],[-97.36037,25.87989],[-97.35876,25.87881],[-97.3592,25.87243],[-97.3567,25.86736],[-97.35876,25.86571],[-97.35937,25.86921],[-97.36146,25.8693],[-97.36915,25.85846],[-97.37578,25.85644],[-97.37654,25.85479],[-97.36659,25.85357],[-97.36411,25.85004],[-97.37079,25.84966],[-97.37319,25.83996],[-97.38207,25.83976],[-97.38715,25.84386],[-97.38908,25.83975],[-97.39451,25.83717],[-97.39966,25.83922],[-97.40526,25.83773],[-97.40699,25.83886],[-97.40654,25.84028],[-97.40067,25.84152],[-97.40078,25.8462],[-97.39875,25.85049],[-97.40226,25.85193],[-97.40581,25.8453],[-97.40825,25.84564],[-97.41057,25.84997],[-97.40811,25.85473],[-97.40881,25.86211],[-97.41132,25.86135],[-97.41393,25.8566],[-97.41459,25.84773],[-97.41223,25.84265],[-97.41306,25.84089],[-97.4261,25.84095],[-97.43605,25.84983],[-97.44337,25.84818],[-97.44586,25.85138],[-97.44412,25.85475],[-97.44514,25.85623],[-97.45387,25.85398],[-97.45178,25.8588],[-97.44828,25.85947],[-97.44769,25.86324],[-97.44466,25.86744],[-97.44833,25.87211],[-97.45027,25.87175],[-97.4535,25.86737],[-97.4567,25.86835],[-97.45473,25.87934],[-97.45573,25.884],[-97.46419,25.88172],[-97.47013,25.87542],[-97.47411,25.87654],[-97.47468,25.87969],[-97.46847,25.88371],[-97.46778,25.88665],[-97.46935,25.8888],[-97.48487,25.8787],[-97.48765,25.87903],[-97.48628,25.88334],[-97.48848,25.88539],[-97.49282,25.88081],[-97.49669,25.87968],[-97.49762,25.88626],[-97.49644,25.89581],[-97.49821,25.89904],[-97.51078,25.8876],[-97.52176,25.88647],[-97.52332,25.88941],[-97.52387,25.89904],[-97.52735,25.90262],[-97.52881,25.90688],[-97.53349,25.90839],[-97.53376,25.91192],[-97.53015,25.91676],[-97.53019,25.91986],[-97.54297,25.92004],[-97.54254,25.92238],[-97.53736,25.9274],[-97.53724,25.93053],[-97.54355,25.92332],[-97.54536,25.9246],[-97.54646,25.93429],[-97.55249,25.93704],[-97.55689,25.93621],[-97.55933,25.93153],[-97.55934,25.92684],[-97.56155,25.92566],[-97.56799,25.92763],[-97.56586,25.93169],[-97.56713,25.93379],[-97.57458,25.93514],[-97.58294,25.93302],[-97.58401,25.93556],[-97.58194,25.93878],[-97.56633,25.94507],[-97.56796,25.95235],[-97.57441,25.95381],[-97.57323,25.94586],[-97.57824,25.94205],[-97.58302,25.95483],[-97.58238,25.96247],[-97.5939,25.96158],[-97.59832,25.95704],[-97.6026,25.95774],[-97.61058,25.96631],[-97.60808,25.97128],[-97.60796,25.97664],[-97.61767,25.97996],[-97.6202,25.98502],[-97.61985,25.98747],[-97.62173,25.98912],[-97.63158,25.98818],[-97.63444,25.99027],[-97.63114,25.99634],[-97.62612,25.99523],[-97.62302,25.99162],[-97.62032,25.99236],[-97.61784,25.9979],[-97.61829,26.0021],[-97.61982,26.00271],[-97.62382,25.99708],[-97.62771,25.99683],[-97.62696,26.00597],[-97.62998,26.00549],[-97.63223,26.00134],[-97.63508,25.9999],[-97.64938,26.01087],[-97.64818,26.01267],[-97.64123,26.01183],[-97.63762,26.01417],[-97.63734,26.02017],[-97.64059,26.02452],[-97.64523,26.02776],[-97.64769,26.02625],[-97.65055,26.02322],[-97.65019,26.01798],[-97.65145,26.01599],[-97.65863,26.02012],[-97.66814,26.01943],[-97.66744,26.02439],[-97.66071,26.03126],[-97.66251,26.03801],[-97.66419,26.03679],[-97.66506,26.03075],[-97.6677,26.02896],[-97.67087,26.03382],[-97.67456,26.03303],[-97.67617,26.03002],[-97.67343,26.0279],[-97.67577,26.02583],[-97.68568,26.02676],[-97.69334,26.03234],[-97.69371,26.0271],[-97.69013,26.02229],[-97.69138,26.01899],[-97.69743,26.02384],[-97.69729,26.03095],[-97.70253,26.03121],[-97.70472,26.03611],[-97.7073,26.03776],[-97.70931,26.03473],[-97.70967,26.0262],[-97.72112,26.02333],[-97.71828,26.02904],[-97.71977,26.03104],[-97.73491,26.03202],[-97.73508,26.02836],[-97.72771,26.02799],[-97.72528,26.02488],[-97.72648,26.02266],[-97.73171,26.02332],[-97.73711,26.0215],[-97.73824,26.02289],[-97.73628,26.02816],[-97.74241,26.02981],[-97.74871,26.02633],[-97.74867,26.03001],[-97.75208,26.03148],[-97.75943,26.02614],[-97.76343,26.02682],[-97.76268,26.04096],[-97.76807,26.04733],[-97.77684,26.04398],[-97.77636,26.04051],[-97.76934,26.03607],[-97.77494,26.03296],[-97.77682,26.02946],[-97.77915,26.02994],[-97.78253,26.0339],[-97.79025,26.03336],[-97.79296,26.03454],[-97.79727,26.03945],[-97.79766,26.04269],[-97.79513,26.04721],[-97.78976,26.04743],[-97.78904,26.04974],[-97.79299,26.05324],[-97.79844,26.0527],[-97.80132,26.06017],[-97.81098,26.05552],[-97.81244,26.05035],[-97.81117,26.04575],[-97.8134,26.0442],[-97.81646,26.04564],[-97.8149,26.05342],[-97.81806,26.0564],[-97.82595,26.05588],[-97.83346,26.04587],[-97.83599,26.04756],[-97.83662,26.05166],[-97.83939,26.05321],[-97.86051,26.05292],[-97.8623,26.06042],[-97.85934,26.06696],[-97.86178,26.06995],[-97.86408,26.06803],[-97.86907,26.05696],[-97.87694,26.06459],[-97.88705,26.06656],[-97.8884,26.06243],[-97.89068,26.06068],[-97.90107,26.06109],[-97.91125,26.05646],[-97.92013,26.05799],[-97.9272,26.05532],[-97.9314,26.06342],[-97.93393,26.06484],[-97.93697,26.06193],[-97.93181,26.05595],[-97.93425,26.05283],[-97.93793,26.05353],[-97.94527,26.06019],[-97.95118,26.06196],[-97.95701,26.05997],[-97.96734,26.05179],[-97.97877,26.05976],[-97.98135,26.06723],[-97.98731,26.06573],[-97.9915,26.05859],[-97.99726,26.06415],[-98.00352,26.06446],[-98.00739,26.06216],[-98.01199,26.0563],[-98.01086,26.0619],[-98.01194,26.06586],[-98.01424,26.06603],[-98.01602,26.06139],[-98.02075,26.05874],[-98.02554,26.06597],[-98.02781,26.06685],[-98.03272,26.06213],[-98.03441,26.05138],[-98.03925,26.04128],[-98.04624,26.04423],[-98.06118,26.04624],[-98.0651,26.04484],[-98.07121,26.03708],[-98.07459,26.03634],[-98.07758,26.03683],[-98.08001,26.04196],[-98.07237,26.04389],[-98.07004,26.048],[-98.07003,26.05147],[-98.07508,26.05988],[-98.07655,26.06805],[-98.0819,26.07115],[-98.08586,26.06921],[-98.08141,26.06621],[-98.08189,26.06373],[-98.09444,26.05863],[-98.10551,26.06754],[-98.12585,26.0618],[-98.12928,26.0627],[-98.13126,26.06539],[-98.12837,26.0724],[-98.13184,26.07417],[-98.13602,26.07103],[-98.1368,26.06232],[-98.14066,26.05497],[-98.14384,26.05039],[-98.14651,26.04931],[-98.14939,26.05151],[-98.14938,26.0558],[-98.15167,26.05821],[-98.15927,26.05375],[-98.16189,26.05454],[-98.1621,26.05709],[-98.15834,26.06058],[-98.15885,26.06331],[-98.16169,26.06424],[-98.16534,26.06254],[-98.16884,26.06299],[-98.17213,26.07114],[-98.17715,26.07512],[-98.17981,26.07295],[-98.18048,26.06667],[-98.17668,26.06287],[-98.17694,26.06067],[-98.17973,26.0601],[-98.18361,26.06366],[-98.18784,26.06401],[-98.19231,26.05346],[-98.19399,26.05333],[-98.19847,26.0554],[-98.20497,26.06642],[-98.2128,26.06916],[-98.21684,26.07444],[-98.22068,26.07647],[-98.2301,26.07716],[-98.24874,26.07205],[-98.25096,26.07409],[-98.25155,26.07903],[-98.26452,26.08551],[-98.26839,26.09314],[-98.28622,26.10241],[-98.28854,26.10532],[-98.28655,26.10692],[-98.27019,26.10689],[-98.27184,26.113],[-98.26598,26.11714],[-98.26627,26.12073],[-98.27517,26.11592],[-98.2906,26.12066],[-98.2962,26.12033],[-98.29935,26.11809],[-98.30299,26.11005],[-98.29803,26.1033],[-98.30059,26.10213],[-98.30598,26.10369],[-98.31035,26.1144],[-98.32089,26.11824],[-98.33521,26.13762],[-98.33454,26.14113],[-98.32692,26.14277],[-98.32844,26.14484],[-98.33563,26.14641],[-98.33825,26.14994],[-98.33804,26.15312],[-98.33304,26.16018],[-98.33563,26.16592],[-98.34293,26.1669],[-98.34633,26.16554],[-98.34875,26.15996],[-98.34899,26.15312],[-98.35235,26.15112],[-98.35803,26.15924],[-98.35769,26.16884],[-98.36065,26.17255],[-98.36661,26.16879],[-98.36471,26.1609],[-98.36724,26.15768],[-98.3867,26.15788],[-98.39355,26.16802],[-98.40222,26.17217],[-98.40226,26.17953],[-98.40444,26.18257],[-98.41813,26.18465],[-98.42518,26.19154],[-98.44205,26.19876],[-98.44408,26.2009],[-98.4443,26.20468],[-98.43921,26.21093],[-98.43883,26.21422],[-98.44026,26.21945],[-98.44523,26.22458],[-98.45002,26.22302],[-98.45446,26.21707],[-98.45608,26.2176],[-98.45841,26.22532],[-98.46122,26.22612],[-98.47179,26.22019],[-98.48159,26.21938],[-98.48314,26.21531],[-98.4785,26.2083],[-98.47795,26.20397],[-98.47898,26.20178],[-98.48162,26.20128],[-98.48318,26.20271],[-98.48162,26.20647],[-98.48248,26.20963],[-98.487,26.21293],[-98.49244,26.21293],[-98.50377,26.2088],[-98.50678,26.20941],[-98.50711,26.21168],[-98.50109,26.22135],[-98.50203,26.22335],[-98.51485,26.22722],[-98.52255,26.221],[-98.52429,26.22125],[-98.52644,26.22773],[-98.5218,26.23253],[-98.52182,26.23565],[-98.52446,26.23557],[-98.52985,26.22794],[-98.53525,26.22568],[-98.54449,26.24376],[-98.55458,26.24738],[-98.55736,26.24749],[-98.55857,26.24426],[-98.55234,26.2412],[-98.54761,26.24114],[-98.54593,26.2371],[-98.54873,26.23372],[-98.55601,26.23211],[-98.55919,26.22628],[-98.56297,26.22491],[-98.56474,26.22782],[-98.56499,26.23862],[-98.5674,26.24163],[-98.57411,26.23859],[-98.57665,26.23384],[-98.57985,26.23478],[-98.58499,26.24431],[-98.57997,26.24943],[-98.57952,26.25225],[-98.58292,26.25648],[-98.58755,26.25782],[-98.59916,26.25762],[-98.61292,26.25273],[-98.61649,26.24677],[-98.61821,26.24757],[-98.62166,26.25878],[-98.62347,26.25967],[-98.63228,26.25214],[-98.63419,26.24262],[-98.6441,26.24136],[-98.65446,26.23594],[-98.66464,26.23536],[-98.67117,26.23737],[-98.67657,26.24157],[-98.67886,26.24558],[-98.67785,26.25692],[-98.6811,26.26281],[-98.68716,26.26512],[-98.70074,26.26597],[-98.71942,26.27231],[-98.71977,26.27592],[-98.71567,26.27843],[-98.70117,26.27803],[-98.69991,26.28086],[-98.70181,26.28617],[-98.70936,26.28919],[-98.71618,26.2862],[-98.71896,26.28824],[-98.722,26.29505],[-98.72777,26.29877],[-98.73483,26.29836],[-98.74263,26.2942],[-98.75098,26.29633],[-98.75613,26.30425],[-98.75422,26.30793],[-98.75036,26.30766],[-98.74369,26.30301],[-98.74043,26.30278],[-98.73724,26.30496],[-98.73617,26.3092],[-98.73846,26.31366],[-98.74583,26.31685],[-98.74939,26.32484],[-98.74948,26.32999],[-98.75113,26.33159],[-98.77133,26.32509],[-98.77704,26.32573],[-98.78896,26.33044],[-98.78832,26.33834],[-98.79626,26.34911],[-98.79822,26.36017],[-98.80736,26.36943],[-98.81401,26.3663],[-98.82046,26.37101],[-98.82457,26.37084],[-98.83292,26.36334],[-98.84412,26.35873],[-98.84758,26.35979],[-98.85342,26.36503],[-98.86192,26.36599],[-98.89674,26.35333],[-98.9009,26.35941],[-98.89956,26.36659],[-98.90168,26.37123],[-98.91107,26.37177],[-98.91738,26.37448],[-98.92341,26.38138],[-98.92378,26.39205],[-98.92589,26.39436],[-98.92929,26.39337],[-98.93564,26.38505],[-98.93431,26.37747],[-98.93514,26.37298],[-98.93801,26.37042],[-98.94216,26.36969],[-98.9467,26.37001],[-98.95603,26.37726],[-98.95308,26.38635],[-98.95451,26.39437],[-98.96189,26.39838],[-98.97009,26.3992],[-98.97417,26.40115],[-98.97916,26.39993],[-98.98909,26.39167],[-99.00379,26.39348],[-99.01065,26.39214],[-99.02194,26.40791],[-99.03202,26.41283],[-99.03707,26.41361],[-99.04547,26.40982],[-99.05462,26.40127],[-99.06212,26.39739],[-99.08201,26.39667],[-99.08513,26.39879],[-99.08942,26.4081],[-99.09602,26.41183],[-99.09958,26.41725],[-99.11086,26.42629],[-99.11355,26.43253],[-99.11317,26.43518],[-99.10566,26.43867],[-99.10238,26.44273],[-99.10036,26.45875],[-99.09198,26.47238],[-99.09196,26.47792],[-99.09549,26.48168],[-99.10486,26.50039],[-99.12779,26.5252],[-99.14367,26.52793],[-99.16675,26.53608],[-99.17124,26.54197],[-99.17139,26.54925],[-99.16742,26.56001],[-99.17807,26.62055],[-99.20053,26.65645],[-99.20996,26.69394],[-99.20891,26.72477],[-99.24003,26.74586],[-99.24245,26.78827],[-99.26222,26.81567],[-99.26862,26.84322],[-99.28048,26.85806],[-99.29515,26.86544],[-99.31676,26.86584],[-99.32589,26.87738],[-99.32863,26.8786],[-99.32183,26.90685],[-99.32469,26.91598],[-99.3373,26.92276],[-99.37338,26.93126],[-99.37916,26.93449],[-99.38826,26.94422],[-99.39304,26.95706],[-99.39296,26.96381],[-99.37732,26.97382],[-99.3766,26.97772],[-99.37844,26.98004],[-99.38737,26.9824],[-99.4037,26.99736],[-99.40851,27.00952],[-99.41548,27.01724],[-99.42045,27.01657],[-99.42939,27.01084],[-99.43216,27.0107],[-99.43873,27.01463],[-99.44567,27.02176],[-99.44428,27.0384],[-99.45232,27.06267],[-99.45029,27.06771],[-99.43448,27.07852],[-99.42922,27.09099],[-99.43028,27.09488],[-99.43765,27.10045],[-99.44213,27.10686],[-99.44112,27.11005],[-99.43338,27.11922],[-99.43059,27.12662],[-99.43136,27.13758],[-99.43827,27.1448],[-99.43998,27.15108],[-99.43796,27.15413],[-99.42999,27.15915],[-99.42636,27.17627],[-99.43278,27.20185],[-99.4326,27.2097],[-99.44276,27.21878],[-99.44525,27.22335],[-99.44141,27.23676],[-99.44155,27.24992],[-99.4524,27.26405],[-99.46148,27.26818],[-99.46583,27.26797],[-99.4812,27.25984],[-99.48907,27.26148],[-99.49403,27.26623],[-99.4967,27.27244],[-99.4876,27.28961],[-99.48794,27.29495],[-99.49203,27.30067],[-99.49576,27.30445],[-99.50096,27.30601],[-99.52108,27.30383],[-99.52848,27.30542],[-99.53601,27.31199],[-99.53804,27.31697],[-99.53138,27.32381],[-99.52359,27.32415],[-99.51892,27.32631],[-99.50458,27.33875],[-99.50784,27.34864],[-99.50779,27.35425],[-99.49908,27.37314],[-99.49215,27.38052],[-99.49272,27.39196],[-99.48962,27.39905],[-99.48753,27.41158],[-99.49571,27.43889],[-99.49511,27.45152],[-99.48541,27.46407],[-99.48229,27.47632],[-99.47926,27.47864],[-99.4813,27.48847],[-99.48581,27.49319],[-99.49683,27.50011],[-99.51358,27.49942],[-99.51986,27.49677],[-99.52614,27.49659],[-99.5284,27.49855],[-99.52533,27.5104],[-99.52193,27.5441],[-99.51883,27.5532],[-99.51402,27.55685],[-99.51106,27.56451],[-99.51214,27.56829],[-99.51641,27.57247],[-99.52972,27.57977],[-99.5362,27.59169],[-99.53973,27.60329],[-99.55495,27.61446],[-99.56124,27.60757],[-99.57863,27.60229],[-99.58485,27.60391],[-99.58444,27.60622],[-99.57998,27.60783],[-99.57719,27.6113],[-99.57764,27.6186],[-99.58479,27.62201],[-99.59138,27.62747],[-99.59405,27.63858],[-99.59624,27.63986],[-99.60354,27.642],[-99.61608,27.63769],[-99.6214,27.64377],[-99.62432,27.64401],[-99.62706,27.64078],[-99.62713,27.63842],[-99.62325,27.63465],[-99.62512,27.63138],[-99.63894,27.62676],[-99.65006,27.63059],[-99.65431,27.62978],[-99.65886,27.63114],[-99.66612,27.63609],[-99.66543,27.64028],[-99.65951,27.64525],[-99.6583,27.65016],[-99.66185,27.65576],[-99.66895,27.65998],[-99.67896,27.65898],[-99.68582,27.66102],[-99.68858,27.66318],[-99.69017,27.66887],[-99.69707,27.66249],[-99.69936,27.65542],[-99.70461,27.65496],[-99.71152,27.65837],[-99.72153,27.66616],[-99.72391,27.67356],[-99.73246,27.68543],[-99.75765,27.71212],[-99.75852,27.71705],[-99.76163,27.72207],[-99.77075,27.73214],[-99.77491,27.73354],[-99.78537,27.73036],[-99.78885,27.73072],[-99.79635,27.73559],[-99.80166,27.74178],[-99.80568,27.75869],[-99.81313,27.774],[-99.8191,27.77602],[-99.82212,27.76728],[-99.82603,27.76433],[-99.83306,27.76289],[-99.8388,27.76419],[-99.84298,27.76852],[-99.84475,27.77881],[-99.85089,27.79398],[-99.87007,27.79463],[-99.87677,27.79785],[-99.87803,27.80051],[-99.87379,27.81302],[-99.8779,27.82536],[-99.87601,27.83797],[-99.87721,27.84218],[-99.88202,27.8504],[-99.89366,27.8562],[-99.90149,27.86417],[-99.90439,27.87529],[-99.90124,27.88441],[-99.8941,27.89295],[-99.89346,27.89921],[-99.90009,27.91215],[-99.91747,27.91798],[-99.92604,27.92749],[-99.92414,27.93138],[-99.92656,27.93571],[-99.93287,27.93727],[-99.93715,27.94054],[-99.93855,27.95406],[-99.93217,27.96771],[-99.93182,27.98097],[-99.96278,27.98354],[-99.97729,27.98951],[-99.98493,27.99073],[-99.99146,27.99456],[-100.00864,28.02397],[-100.01285,28.03721],[-100.01792,28.06479],[-100.02873,28.07312],[-100.04612,28.07907],[-100.05313,28.08474],[-100.05699,28.09421],[-100.0556,28.10115],[-100.0565,28.10419],[-100.06766,28.11361],[-100.07548,28.12489],[-100.08434,28.14482],[-100.0903,28.14832],[-100.11964,28.15559],[-100.14111,28.16815],[-100.1606,28.16816],[-100.16845,28.17155],[-100.17442,28.17945],[-100.1857,28.18579],[-100.19651,28.19022],[-100.20807,28.19039],[-100.21211,28.19651],[-100.21412,28.2057],[-100.21346,28.21042],[-100.21757,28.22694],[-100.2203,28.23221],[-100.22364,28.23523],[-100.22758,28.23586],[-100.24621,28.2341],[-100.25164,28.23618],[-100.26761,28.25027],[-100.28319,28.27064],[-100.29141,28.2754],[-100.29412,28.28041],[-100.2943,28.28438],[-100.28756,28.3011],[-100.28648,28.3123],[-100.28865,28.31698],[-100.31421,28.34586],[-100.31725,28.35739],[-100.3204,28.36212],[-100.34188,28.38496],[-100.34441,28.38967],[-100.3496,28.40261],[-100.34269,28.41249],[-100.33707,28.42716],[-100.3362,28.43019],[-100.33781,28.44296],[-100.34154,28.44958],[-100.35079,28.45925],[-100.35751,28.46365],[-100.3683,28.4772],[-100.36599,28.48112],[-100.35224,28.48264],[-100.34419,28.48625],[-100.33715,28.49173],[-100.33382,28.49926],[-100.33853,28.50184],[-100.35605,28.50488],[-100.36216,28.5084],[-100.38827,28.51487],[-100.395,28.52836],[-100.40507,28.53578],[-100.41128,28.55071],[-100.4089,28.55729],[-100.40518,28.56072],[-100.39731,28.57558],[-100.39681,28.58041],[-100.39847,28.58517],[-100.42986,28.59645],[-100.43188,28.59785],[-100.43363,28.60612],[-100.44733,28.60933],[-100.44863,28.61705],[-100.44554,28.63715],[-100.4471,28.6422],[-100.46287,28.64137],[-100.4745,28.64708],[-100.47964,28.65523],[-100.49587,28.65857],[-100.50036,28.66196],[-100.51006,28.69073],[-100.51201,28.70536],[-100.50671,28.71675],[-100.50762,28.7406],[-100.51516,28.74295],[-100.51441,28.75026],[-100.51923,28.75617],[-100.52249,28.75779],[-100.52848,28.75611],[-100.53342,28.75921],[-100.53005,28.77043],[-100.53778,28.78078],[-100.53244,28.79107],[-100.53545,28.8052],[-100.54218,28.80847],[-100.54521,28.81209],[-100.54733,28.82582],[-100.55314,28.82825],[-100.56145,28.82918],[-100.57048,28.82604],[-100.57474,28.82879],[-100.57685,28.83617],[-100.57289,28.84821],[-100.58051,28.85601],[-100.59105,28.86306],[-100.59078,28.8727],[-100.59681,28.87341],[-100.59889,28.8756],[-100.59795,28.88015],[-100.59105,28.88301],[-100.58951,28.88636],[-100.59251,28.88945],[-100.59988,28.88647],[-100.60302,28.88723],[-100.6038,28.88946],[-100.6011,28.90129],[-100.61423,28.90172],[-100.61822,28.90853],[-100.62244,28.90978],[-100.62491,28.90827],[-100.62542,28.9049],[-100.63162,28.90284],[-100.63663,28.91151],[-100.64058,28.91422],[-100.63918,28.91629],[-100.63107,28.91692],[-100.62971,28.92115],[-100.63073,28.92401],[-100.63887,28.92763],[-100.64376,28.93753],[-100.65152,28.94344],[-100.647,28.95708],[-100.65033,28.96234],[-100.64664,28.96693],[-100.64866,28.97743],[-100.64811,28.98386],[-100.64605,28.98799],[-100.64917,28.99629],[-100.64867,29.00025],[-100.65095,29.00826],[-100.65377,29.01536],[-100.65612,29.01723],[-100.66022,29.0315],[-100.66322,29.04805],[-100.66252,29.05811],[-100.66403,29.07417],[-100.67521,29.10075],[-100.68394,29.11024],[-100.6918,29.11486],[-100.70997,29.11969],[-100.72747,29.12913],[-100.7378,29.13908],[-100.73912,29.14166],[-100.73743,29.14745],[-100.73969,29.15049],[-100.74615,29.15415],[-100.75973,29.15715],[-100.76336,29.16009],[-100.76368,29.16485],[-100.77261,29.16837],[-100.77591,29.17335],[-100.76601,29.18585],[-100.76707,29.19529],[-100.76935,29.19892],[-100.77626,29.20093],[-100.77703,29.20433],[-100.77464,29.21064],[-100.78553,29.22814],[-100.79138,29.22595],[-100.79569,29.22773],[-100.79705,29.23559],[-100.79464,29.24162],[-100.79763,29.24678],[-100.80666,29.25227],[-100.81629,29.25387],[-100.8167,29.25564],[-100.81331,29.26106],[-100.81397,29.26314],[-100.817,29.26434],[-100.82354,29.26175],[-100.83405,29.2614],[-100.83902,29.26326],[-100.85585,29.27555],[-100.86467,29.27608],[-100.87606,29.27959],[-100.87889,29.2822],[-100.88197,29.29906],[-100.88685,29.30785],[-100.89494,29.31036],[-100.89904,29.30965],[-100.90474,29.31214],[-100.90947,29.31761],[-100.91664,29.31921],[-100.91951,29.32532],[-100.92851,29.32698],[-100.94062,29.33311],[-100.94321,29.34199],[-100.94898,29.34725],[-100.96433,29.34735],[-100.97175,29.35138],[-100.97293,29.35452],[-100.99562,29.36341],[-101.00422,29.36478],[-101.00998,29.36827],[-101.01428,29.37413],[-101.01328,29.38035],[-101.01927,29.39091],[-101.02402,29.3937],[-101.03661,29.40611],[-101.03861,29.41072],[-101.03765,29.41469],[-101.03947,29.41651],[-101.04337,29.42988],[-101.05697,29.44078],[-101.05685,29.4476],[-101.05816,29.44784],[-101.06016,29.45867],[-101.07719,29.46419],[-101.08716,29.46942],[-101.10371,29.47055],[-101.11526,29.46846],[-101.13005,29.47842],[-101.13751,29.47355],[-101.14681,29.47419],[-101.15189,29.47701],[-101.17167,29.50396],[-101.17383,29.51457],[-101.19272,29.52029],[-101.22743,29.52235],[-101.23528,29.52486],[-101.2549,29.52035],[-101.26085,29.52994],[-101.26118,29.53678],[-101.25039,29.55663],[-101.24104,29.56503],[-101.25231,29.60417],[-101.24734,29.61848],[-101.25039,29.62418],[-101.26224,29.63061],[-101.26911,29.63013],[-101.27772,29.62103],[-101.2805,29.61519],[-101.27745,29.6066],[-101.27789,29.59081],[-101.28534,29.58202],[-101.29097,29.57154],[-101.30554,29.57793],[-101.31201,29.58607],[-101.31338,29.60226],[-101.31171,29.61538],[-101.30144,29.63463],[-101.30004,29.64071],[-101.30252,29.65043],[-101.30695,29.65577],[-101.31414,29.65906],[-101.34603,29.66225],[-101.35034,29.66066],[-101.35715,29.64927],[-101.36132,29.65007],[-101.36323,29.65264],[-101.36711,29.6709],[-101.3727,29.67806],[-101.37278,29.69943],[-101.38849,29.70763],[-101.39696,29.71395],[-101.39837,29.717],[-101.3963,29.72706],[-101.39702,29.73397],[-101.40064,29.73808],[-101.41003,29.7415],[-101.41559,29.74654],[-101.4146,29.75242],[-101.40393,29.75759],[-101.39899,29.76218],[-101.39868,29.7669],[-101.40233,29.77119],[-101.41094,29.77016],[-101.43815,29.75092],[-101.4426,29.74973],[-101.44889,29.7507],[-101.45523,29.77188],[-101.45281,29.7838],[-101.45581,29.78805],[-101.46091,29.78967],[-101.47887,29.78409],[-101.4871,29.77387],[-101.50323,29.76459],[-101.51759,29.76501],[-101.53026,29.75959],[-101.53601,29.75895],[-101.53865,29.76051],[-101.53944,29.76643],[-101.53793,29.78807],[-101.53502,29.79768],[-101.54191,29.81079],[-101.54478,29.81187],[-101.54739,29.81072],[-101.55249,29.80424],[-101.56776,29.79873],[-101.57413,29.78823],[-101.57223,29.77332],[-101.57582,29.76932],[-101.60369,29.7744],[-101.61791,29.76993],[-101.62691,29.77077],[-101.6303,29.76834],[-101.63547,29.75836],[-101.64458,29.75424],[-101.65077,29.7571],[-101.65447,29.76513],[-101.6597,29.76742],[-101.66173,29.77086],[-101.67063,29.76893],[-101.67457,29.76524],[-101.67531,29.76109],[-101.67781,29.7603],[-101.68145,29.76079],[-101.68623,29.76859],[-101.68964,29.77104],[-101.69819,29.76568],[-101.70888,29.76165],[-101.71279,29.76367],[-101.71974,29.77574],[-101.72496,29.7759],[-101.7283,29.77269],[-101.73336,29.77118],[-101.7387,29.77299],[-101.74134,29.77828],[-101.74432,29.7792],[-101.75389,29.77733],[-101.77383,29.78868],[-101.78491,29.78865],[-101.78578,29.78325],[-101.78854,29.77928],[-101.80512,29.78035],[-101.81082,29.78363],[-101.81399,29.79233],[-101.81347,29.79442],[-101.80652,29.7993],[-101.80362,29.80345],[-101.81252,29.80979],[-101.81779,29.81164],[-101.82257,29.81035],[-101.82562,29.80706],[-101.82554,29.80397],[-101.8187,29.7915],[-101.82366,29.7874],[-101.8376,29.79337],[-101.84693,29.80245],[-101.84896,29.80675],[-101.85273,29.8078],[-101.85587,29.80722],[-101.86651,29.79802],[-101.87578,29.7938],[-101.8806,29.79576],[-101.88399,29.79355],[-101.89289,29.79769],[-101.9116,29.79804],[-101.91573,29.79522],[-101.92226,29.78603],[-101.92933,29.78258],[-101.93354,29.7852],[-101.93268,29.79325],[-101.93561,29.79957],[-101.9459,29.80176],[-101.9541,29.79578],[-101.95752,29.79577],[-101.96339,29.80015],[-101.96547,29.806],[-101.96473,29.80932],[-101.96675,29.8127],[-101.97627,29.81604],[-101.98158,29.81502],[-101.98306,29.80995],[-101.98182,29.80617],[-101.98431,29.79927],[-101.98731,29.79685],[-101.99104,29.79773],[-101.99416,29.80452],[-101.99703,29.80611],[-102.01524,29.7975],[-102.01794,29.79813],[-102.02191,29.80247],[-102.02843,29.80188],[-102.03583,29.80407],[-102.03984,29.80205],[-102.0412,29.79906],[-102.03863,29.79162],[-102.04143,29.78966],[-102.0463,29.78994],[-102.04966,29.78528],[-102.05197,29.78498],[-102.05501,29.78703],[-102.0732,29.78653],[-102.07712,29.79206],[-102.08439,29.79507],[-102.09469,29.79125],[-102.10139,29.79362],[-102.10879,29.79185],[-102.11227,29.79356],[-102.11571,29.79231],[-102.11792,29.79617],[-102.11715,29.80037],[-102.11976,29.80248],[-102.12891,29.79853],[-102.14357,29.80332],[-102.1509,29.8116],[-102.15562,29.81205],[-102.1598,29.81469],[-102.16645,29.82539],[-102.17997,29.82638],[-102.18131,29.83115],[-102.17852,29.83946],[-102.18229,29.84589],[-102.18704,29.84866],[-102.19166,29.84664],[-102.19337,29.83936],[-102.19609,29.83658],[-102.19962,29.83687],[-102.20995,29.84436],[-102.22354,29.84053],[-102.2318,29.84826],[-102.24139,29.84769],[-102.2449,29.84895],[-102.24323,29.85842],[-102.24647,29.86413],[-102.24978,29.8633],[-102.25319,29.85307],[-102.2615,29.85325],[-102.26428,29.85563],[-102.26189,29.86357],[-102.26485,29.8675],[-102.269,29.86777],[-102.2766,29.86296],[-102.2809,29.86282],[-102.28331,29.8643],[-102.28688,29.87121],[-102.29588,29.87361],[-102.30057,29.8776],[-102.31231,29.87712],[-102.31595,29.88],[-102.32119,29.87869],[-102.32435,29.87372],[-102.32347,29.86392],[-102.33194,29.86283],[-102.33332,29.86808],[-102.34093,29.86938],[-102.3431,29.86524],[-102.34969,29.86264],[-102.35228,29.85276],[-102.36124,29.84913],[-102.36457,29.84534],[-102.36294,29.83149],[-102.36965,29.82067],[-102.3732,29.80788],[-102.37752,29.8],[-102.37721,29.78989],[-102.39005,29.78193],[-102.38659,29.77745],[-102.38505,29.77175],[-102.38724,29.7614],[-102.38969,29.76188],[-102.39482,29.76917],[-102.39893,29.76953],[-102.40455,29.76519],[-102.40898,29.76454],[-102.41198,29.76817],[-102.42148,29.76926],[-102.43367,29.77686],[-102.43931,29.77326],[-102.44739,29.77751],[-102.4577,29.77459],[-102.4622,29.78129],[-102.46546,29.78339],[-102.46974,29.7808],[-102.472,29.77639],[-102.48067,29.77607],[-102.48229,29.77797],[-102.48178,29.78284],[-102.48726,29.78659],[-102.498,29.78145],[-102.51495,29.7843],[-102.51762,29.78358],[-102.51919,29.78037],[-102.51839,29.77867],[-102.51074,29.77389],[-102.51351,29.76544],[-102.52052,29.76074],[-102.53424,29.75494],[-102.54072,29.74807],[-102.54799,29.74465],[-102.55468,29.74873],[-102.55519,29.75587],[-102.56273,29.76751],[-102.56767,29.77147],[-102.57058,29.77101],[-102.57409,29.76736],[-102.57206,29.75719],[-102.5738,29.7549],[-102.58035,29.755],[-102.58922,29.74907],[-102.59763,29.75142],[-102.61243,29.74828],[-102.6228,29.73634],[-102.63042,29.73419],[-102.64519,29.73384],[-102.66025,29.73563],[-102.66716,29.73913],[-102.66841,29.74593],[-102.67401,29.74458],[-102.67703,29.74153],[-102.68177,29.72808],[-102.69138,29.72138],[-102.68904,29.70504],[-102.69704,29.69878],[-102.69968,29.68629],[-102.69365,29.67669],[-102.69673,29.67196],[-102.70409,29.67134],[-102.70865,29.66699],[-102.71129,29.66047],[-102.71522,29.65641],[-102.72284,29.65143],[-102.72575,29.65142],[-102.72407,29.64852],[-102.72591,29.64325],[-102.72979,29.64066],[-102.73658,29.64183],[-102.74196,29.6332],[-102.74197,29.63032],[-102.73906,29.62556],[-102.73857,29.61818],[-102.7388,29.60883],[-102.74157,29.60283],[-102.73973,29.59993],[-102.74055,29.5975],[-102.74634,29.59265],[-102.76033,29.59861],[-102.76538,29.59776],[-102.76831,29.59521],[-102.76227,29.57976],[-102.76621,29.57221],[-102.77066,29.57384],[-102.77387,29.57313],[-102.77343,29.56687],[-102.77777,29.56098],[-102.77735,29.55475],[-102.77124,29.5484],[-102.77682,29.54706],[-102.78027,29.54247],[-102.79146,29.54283],[-102.79304,29.53995],[-102.79202,29.53301],[-102.79719,29.5294],[-102.79845,29.52667],[-102.80833,29.52293],[-102.80875,29.51995],[-102.8064,29.51539],[-102.80748,29.50386],[-102.80435,29.50118],[-102.80728,29.4943],[-102.80068,29.48624],[-102.80422,29.48372],[-102.81257,29.48364],[-102.81426,29.4824],[-102.81554,29.47601],[-102.81401,29.47141],[-102.82219,29.46456],[-102.82565,29.45795],[-102.82396,29.45212],[-102.81954,29.45072],[-102.83105,29.44426],[-102.83087,29.43436],[-102.83249,29.43244],[-102.82693,29.4177],[-102.83345,29.4105],[-102.83259,29.40845],[-102.82653,29.40757],[-102.82586,29.40255],[-102.81901,29.4036],[-102.81368,29.40233],[-102.81239,29.40053],[-102.81587,29.39702],[-102.82005,29.39835],[-102.82562,29.39695],[-102.83307,29.38809],[-102.83403,29.37906],[-102.8407,29.37765],[-102.84503,29.37445],[-102.84533,29.36474],[-102.84009,29.36186],[-102.83938,29.35893],[-102.86214,29.35135],[-102.87294,29.35226],[-102.87751,29.3549],[-102.88437,29.34795],[-102.87988,29.33915],[-102.88475,29.326],[-102.88446,29.32068],[-102.88744,29.31876],[-102.88735,29.31163],[-102.89305,29.30891],[-102.88819,29.29336],[-102.89047,29.28798],[-102.89652,29.28484],[-102.89868,29.28073],[-102.90299,29.27923],[-102.90307,29.27609],[-102.8993,29.2691],[-102.90226,29.26482],[-102.90549,29.26363],[-102.90639,29.26009],[-102.90307,29.25434],[-102.89663,29.25412],[-102.88783,29.2458],[-102.88029,29.24607],[-102.87176,29.24178],[-102.87061,29.23611],[-102.87172,29.23172],[-102.86677,29.22775],[-102.86748,29.22389],[-102.87729,29.21709],[-102.87883,29.21363],[-102.89511,29.20853],[-102.8995,29.20946],[-102.90866,29.21967],[-102.91233,29.21942],[-102.91609,29.21575],[-102.91603,29.21196],[-102.91274,29.20673],[-102.9142,29.20015],[-102.91894,29.19903],[-102.91783,29.19089],[-102.93252,29.19474],[-102.93828,29.1882],[-102.94147,29.19174],[-102.94339,29.19141],[-102.94544,29.18891],[-102.94572,29.18308],[-102.9509,29.17817],[-102.95089,29.17362],[-102.95728,29.17904],[-102.97554,29.1863],[-102.98116,29.18574],[-102.98605,29.18322],[-102.98999,29.18348],[-102.99563,29.1793],[-102.99813,29.17377],[-102.99628,29.16022],[-103.00251,29.14996],[-103.00812,29.14839],[-103.00881,29.13757],[-103.01209,29.13718],[-103.01566,29.134],[-103.0121,29.12619],[-103.01427,29.12498],[-103.02048,29.12563],[-103.0276,29.11603],[-103.03702,29.11291],[-103.03212,29.10683],[-103.03389,29.10098],[-103.03933,29.09705],[-103.04544,29.09543],[-103.05426,29.1008],[-103.06419,29.09148],[-103.07,29.09371],[-103.07583,29.09154],[-103.08019,29.08744],[-103.07664,29.07977],[-103.07703,29.07602],[-103.08743,29.06711],[-103.08551,29.05997],[-103.08591,29.05374],[-103.09054,29.0541],[-103.0924,29.06471],[-103.09549,29.06473],[-103.0969,29.06077],[-103.10063,29.06033],[-103.10044,29.05138],[-103.10505,29.04447],[-103.10651,29.03818],[-103.10407,29.0333],[-103.09786,29.02704],[-103.10151,29.0181],[-103.10849,29.01333],[-103.1172,29.00049],[-103.11426,28.98665],[-103.11852,28.98372],[-103.123,28.98444],[-103.12633,28.98211],[-103.1317,28.98405],[-103.136,28.98338],[-103.14442,28.97747],[-103.15103,28.97545],[-103.15443,28.97155],[-103.16033,28.97385],[-103.1641,28.97226],[-103.16609,28.9744],[-103.16578,28.9775],[-103.17033,28.98043],[-103.17244,28.9807],[-103.17447,28.9778],[-103.17629,28.97781],[-103.18085,28.9824],[-103.2021,28.98714],[-103.21479,28.98773],[-103.21899,28.98566],[-103.21986,28.98332],[-103.2279,28.99186],[-103.23764,28.98187],[-103.25042,28.98043],[-103.2534,28.98702],[-103.26657,28.99606],[-103.26937,28.99331],[-103.27139,28.98537],[-103.27935,28.97701],[-103.28699,28.97818],[-103.28831,28.98139],[-103.28302,28.98298],[-103.28156,28.9877],[-103.28695,29.00128],[-103.30057,29.00827],[-103.30828,29.00341],[-103.31377,29.00699],[-103.31633,29.01159],[-103.31123,29.01398],[-103.30804,29.01889],[-103.30674,29.02341],[-103.30915,29.02549],[-103.31482,29.02586],[-103.32093,29.01911],[-103.32569,29.01645],[-103.33256,29.01659],[-103.33764,29.01914],[-103.34207,29.02835],[-103.33647,29.0273],[-103.33012,29.02954],[-103.32726,29.03273],[-103.32719,29.03896],[-103.33062,29.04322],[-103.33929,29.04371],[-103.3423,29.04617],[-103.34434,29.04595],[-103.34781,29.04026],[-103.35054,29.02892],[-103.35391,29.02223],[-103.35849,29.01916],[-103.36194,29.01869],[-103.3739,29.02353],[-103.38244,29.02456],[-103.38683,29.02174],[-103.38865,29.03398],[-103.39227,29.03496],[-103.39499,29.03258],[-103.40106,29.03106],[-103.40509,29.03958],[-103.41542,29.03789],[-103.41901,29.04233],[-103.4321,29.04336],[-103.4289,29.04946],[-103.43372,29.0522],[-103.43513,29.05522],[-103.43423,29.05729],[-103.44109,29.0579],[-103.44968,29.0651],[-103.44994,29.07272],[-103.4617,29.07261],[-103.45969,29.06705],[-103.47136,29.06673],[-103.47394,29.07032],[-103.47005,29.07919],[-103.46994,29.08532],[-103.47621,29.08782],[-103.47527,29.09032],[-103.4765,29.09168],[-103.48069,29.0917],[-103.48341,29.0935],[-103.49365,29.10796],[-103.49877,29.10854],[-103.50039,29.1162],[-103.50589,29.11605],[-103.51286,29.12126],[-103.51988,29.11968],[-103.52386,29.12125],[-103.52281,29.13465],[-103.52484,29.13713],[-103.53981,29.14623],[-103.54762,29.1424],[-103.55022,29.14364],[-103.55297,29.14866],[-103.55038,29.15552],[-103.5537,29.158],[-103.55703,29.15546],[-103.56543,29.15417],[-103.56888,29.15532],[-103.57369,29.15383],[-103.58002,29.14953],[-103.59225,29.15007],[-103.59614,29.15171],[-103.60068,29.15796],[-103.60619,29.16028],[-103.60888,29.1648],[-103.61224,29.16537],[-103.61899,29.16327],[-103.62839,29.16307],[-103.63367,29.15858],[-103.64075,29.16115],[-103.65059,29.15648],[-103.65198,29.15791],[-103.6513,29.16198],[-103.65364,29.16342],[-103.65672,29.16936],[-103.65963,29.17057],[-103.66464,29.17094],[-103.66932,29.17366],[-103.67775,29.17389],[-103.68629,29.17635],[-103.68858,29.17857],[-103.69817,29.17748],[-103.70517,29.18497],[-103.70735,29.18372],[-103.70897,29.18526],[-103.71297,29.18523],[-103.71557,29.18111],[-103.71857,29.18083],[-103.72496,29.19199],[-103.72873,29.19289],[-103.7298,29.19743],[-103.73706,29.20187],[-103.74255,29.20901],[-103.74319,29.21509],[-103.74088,29.21879],[-103.74226,29.2217],[-103.75288,29.21949],[-103.75737,29.22067],[-103.75767,29.2231],[-103.75427,29.22689],[-103.75856,29.23294],[-103.76279,29.23275],[-103.7684,29.22758],[-103.76754,29.22509],[-103.76972,29.22023],[-103.77716,29.22051],[-103.77796,29.22381],[-103.78204,29.22727],[-103.7806,29.23619],[-103.78169,29.24128],[-103.78073,29.24383],[-103.77626,29.24347],[-103.77508,29.24796],[-103.77849,29.25204],[-103.77874,29.25614],[-103.78364,29.26533],[-103.78862,29.26538],[-103.79937,29.25844],[-103.80638,29.26109],[-103.80679,29.26405],[-103.80918,29.26594],[-103.80762,29.27016],[-103.80941,29.27272],[-103.81353,29.27404],[-103.82622,29.26921],[-103.8355,29.27269],[-103.83765,29.27826],[-103.85432,29.28148],[-103.86319,29.2792],[-103.86577,29.28216],[-103.87009,29.28069],[-103.87252,29.28312],[-103.88013,29.28515],[-103.8845,29.2847],[-103.88563,29.2813],[-103.8894,29.27883],[-103.8993,29.28741],[-103.91209,29.28375],[-103.9189,29.28485],[-103.9183,29.28982],[-103.92573,29.29438],[-103.93702,29.29272],[-103.95004,29.29535],[-103.9522,29.29762],[-103.95457,29.29672],[-103.96766,29.30003],[-103.97084,29.29656],[-103.97582,29.29625],[-103.99167,29.30381],[-104.00069,29.30534],[-104.01625,29.31214],[-104.02023,29.31205],[-104.03751,29.31971],[-104.05517,29.33045],[-104.0567,29.33327],[-104.05611,29.33773],[-104.06676,29.34101],[-104.07354,29.34656],[-104.07579,29.34514],[-104.08227,29.34607],[-104.09092,29.35353],[-104.0895,29.35593],[-104.09003,29.35923],[-104.09776,29.36165],[-104.09821,29.36655],[-104.10659,29.37332],[-104.11338,29.37363],[-104.11772,29.37067],[-104.12133,29.37143],[-104.12295,29.38031],[-104.12946,29.37859],[-104.13143,29.37998],[-104.13139,29.38235],[-104.13493,29.38422],[-104.13782,29.38266],[-104.13821,29.37857],[-104.14117,29.37783],[-104.14321,29.38243],[-104.14335,29.38827],[-104.14838,29.38511],[-104.15153,29.38774],[-104.15158,29.39155],[-104.1552,29.39457],[-104.15658,29.39394],[-104.15635,29.39081],[-104.16039,29.38983],[-104.16745,29.39475],[-104.16844,29.39649],[-104.1647,29.39965],[-104.16478,29.40152],[-104.17037,29.40265],[-104.16968,29.40817],[-104.17945,29.4104],[-104.18042,29.41447],[-104.1839,29.4172],[-104.18283,29.42143],[-104.18091,29.42258],[-104.18107,29.42646],[-104.18612,29.4283],[-104.19293,29.43527],[-104.19415,29.44168],[-104.21009,29.44885],[-104.21771,29.45656],[-104.21827,29.45818],[-104.21359,29.46153],[-104.21244,29.46493],[-104.21096,29.47692],[-104.20893,29.48074],[-104.21005,29.48225],[-104.21554,29.48477],[-104.22525,29.48204],[-104.23071,29.47867],[-104.23353,29.48563],[-104.23383,29.49366],[-104.23714,29.49756],[-104.24033,29.49739],[-104.2543,29.50672],[-104.26067,29.50668],[-104.26218,29.51351],[-104.26886,29.51359],[-104.27225,29.51635],[-104.29194,29.51946],[-104.2929,29.52229],[-104.2968,29.52413],[-104.31148,29.52321],[-104.31096,29.5288],[-104.31549,29.53276],[-104.32091,29.52954],[-104.3215,29.52187],[-104.32661,29.52329],[-104.33074,29.52266],[-104.33456,29.51942],[-104.33821,29.52019],[-104.36251,29.53589],[-104.37043,29.54315],[-104.37505,29.54375],[-104.37894,29.54211],[-104.38157,29.54337],[-104.39428,29.55518],[-104.3939,29.5597],[-104.39893,29.5719],[-104.45203,29.60353],[-104.45638,29.60874],[-104.46383,29.61024],[-104.46656,29.60922],[-104.4676,29.61294],[-104.46544,29.61553],[-104.46541,29.61821],[-104.47341,29.61789],[-104.476,29.62798],[-104.48615,29.62866],[-104.48719,29.6337],[-104.49494,29.63383],[-104.49676,29.63575],[-104.49624,29.63905],[-104.49801,29.6397],[-104.50321,29.63706],[-104.50693,29.63702],[-104.50564,29.63405],[-104.50847,29.6327],[-104.5159,29.64097],[-104.5132,29.64091],[-104.51265,29.64313],[-104.50989,29.64422],[-104.51244,29.64672],[-104.51761,29.6474],[-104.51848,29.64915],[-104.51659,29.65242],[-104.52469,29.65924],[-104.52541,29.66785],[-104.52823,29.66743],[-104.52862,29.6698],[-104.53121,29.67078],[-104.5334,29.66868],[-104.53267,29.66718],[-104.53558,29.66656],[-104.53587,29.67436],[-104.54411,29.6807],[-104.54228,29.68409],[-104.53431,29.68586],[-104.53022,29.69047],[-104.54384,29.6963],[-104.54594,29.69991],[-104.54339,29.70404],[-104.54626,29.709],[-104.54392,29.71119],[-104.54754,29.71426],[-104.54489,29.7161],[-104.54715,29.71767],[-104.55001,29.71617],[-104.5523,29.71735],[-104.54917,29.72018],[-104.55246,29.72371],[-104.54891,29.72746],[-104.54934,29.73058],[-104.55626,29.73182],[-104.5564,29.73549],[-104.56044,29.73519],[-104.55894,29.73806],[-104.55034,29.73801],[-104.54986,29.7409],[-104.55157,29.74066],[-104.55389,29.74306],[-104.5554,29.74188],[-104.55715,29.74548],[-104.56995,29.7526],[-104.56962,29.75709],[-104.56713,29.75707],[-104.56567,29.75921],[-104.5669,29.7601],[-104.56389,29.76129],[-104.56582,29.76186],[-104.56617,29.76514],[-104.56853,29.76618],[-104.56558,29.76939],[-104.56594,29.77147],[-104.57048,29.77835],[-104.57442,29.77961],[-104.57472,29.78179],[-104.57893,29.78284],[-104.57824,29.78778],[-104.58247,29.79251],[-104.58152,29.79512],[-104.58901,29.79567],[-104.59092,29.79812],[-104.58602,29.80204],[-104.59136,29.80981],[-104.59399,29.80944],[-104.59396,29.80822],[-104.59165,29.80848],[-104.5919,29.80689],[-104.59494,29.80534],[-104.60118,29.81619],[-104.60333,29.81733],[-104.60509,29.816],[-104.60725,29.81937],[-104.61009,29.81936],[-104.6085,29.82795],[-104.61285,29.82734],[-104.61478,29.8298],[-104.61965,29.83022],[-104.62027,29.83309],[-104.61395,29.83394],[-104.61051,29.83628],[-104.60945,29.83976],[-104.61538,29.84657],[-104.61912,29.84451],[-104.6195,29.84173],[-104.62053,29.84324],[-104.62192,29.84185],[-104.62476,29.84279],[-104.62133,29.84753],[-104.62159,29.84957],[-104.62928,29.85221],[-104.63013,29.86452],[-104.63343,29.87076],[-104.63725,29.87397],[-104.64109,29.87383],[-104.64612,29.87855],[-104.64653,29.88354],[-104.65265,29.88894],[-104.65057,29.89113],[-104.65167,29.89239],[-104.65586,29.88922],[-104.65827,29.8908],[-104.65902,29.9012],[-104.65517,29.90281],[-104.6551,29.9054],[-104.66231,29.90539],[-104.66183,29.90219],[-104.6656,29.90171],[-104.66562,29.90888],[-104.66858,29.91125],[-104.67454,29.91083],[-104.67718,29.91304],[-104.67587,29.91554],[-104.67993,29.92118],[-104.67851,29.92663],[-104.68328,29.92911],[-104.68331,29.93156],[-104.68048,29.93041],[-104.67931,29.93288],[-104.68264,29.93539],[-104.68128,29.93797],[-104.68233,29.9397],[-104.67896,29.93814],[-104.6778,29.94044],[-104.67798,29.94361],[-104.68074,29.94733],[-104.67712,29.9503],[-104.67818,29.9517],[-104.6743,29.9508],[-104.67319,29.95497],[-104.67418,29.95674],[-104.68007,29.95542],[-104.68074,29.95713],[-104.68526,29.95674],[-104.68186,29.96907],[-104.68551,29.97085],[-104.68012,29.97423],[-104.68016,29.97701],[-104.68765,29.97393],[-104.69175,29.97399],[-104.69314,29.97553],[-104.68836,29.98005],[-104.68828,29.98473],[-104.68575,29.98715],[-104.68568,29.99046],[-104.69156,29.9913],[-104.69319,29.99353],[-104.6891,29.99394],[-104.68754,29.99568],[-104.68983,30.00086],[-104.68881,30.00223],[-104.69062,30.0034],[-104.69192,30.00079],[-104.69411,30.00252],[-104.6937,30.00774],[-104.69048,30.00823],[-104.68957,30.01046],[-104.68956,30.01511],[-104.69326,30.01913],[-104.70208,30.02123],[-104.70383,30.02342],[-104.70091,30.03565],[-104.69568,30.03767],[-104.69769,30.04125],[-104.70727,30.04987],[-104.70364,30.05506],[-104.7048,30.05833],[-104.70222,30.06019],[-104.70367,30.0642],[-104.69755,30.06525],[-104.69104,30.0705],[-104.69323,30.0717],[-104.69317,30.07402],[-104.688,30.07377],[-104.68661,30.07659],[-104.68955,30.07565],[-104.69078,30.07802],[-104.68584,30.08207],[-104.68669,30.08395],[-104.68497,30.08531],[-104.68731,30.0875],[-104.68713,30.08602],[-104.68923,30.08539],[-104.68988,30.08935],[-104.68554,30.09321],[-104.68508,30.09985],[-104.68896,30.09526],[-104.69216,30.09609],[-104.69441,30.10198],[-104.69175,30.10873],[-104.68996,30.10781],[-104.69026,30.10631],[-104.68714,30.10587],[-104.68548,30.11004],[-104.69158,30.11123],[-104.6921,30.115],[-104.68996,30.11703],[-104.69509,30.11782],[-104.69391,30.12159],[-104.69672,30.13446],[-104.69304,30.13546],[-104.69191,30.13886],[-104.68908,30.13773],[-104.68964,30.14094],[-104.6863,30.14146],[-104.68532,30.14474],[-104.68934,30.14564],[-104.68826,30.14738],[-104.69012,30.14923],[-104.68689,30.15214],[-104.68957,30.15427],[-104.68754,30.15956],[-104.68854,30.16567],[-104.68634,30.17329],[-104.68799,30.17639],[-104.68709,30.17935],[-104.69152,30.18463],[-104.69316,30.18926],[-104.69715,30.19157],[-104.69613,30.19557],[-104.69705,30.1978],[-104.69982,30.19879],[-104.70034,30.20531],[-104.70508,30.20839],[-104.70248,30.21278],[-104.71128,30.22309],[-104.70791,30.22624],[-104.70626,30.23482],[-104.7132,30.23764],[-104.71896,30.24709],[-104.72401,30.24962],[-104.72416,30.25305],[-104.72753,30.25444],[-104.72975,30.2585],[-104.73373,30.2614],[-104.73751,30.26129],[-104.73665,30.25591],[-104.7404,30.25959],[-104.75072,30.26223],[-104.7516,30.26442],[-104.74959,30.26698],[-104.7486,30.27441],[-104.75078,30.27155],[-104.75111,30.27389],[-104.75473,30.27175],[-104.75719,30.27435],[-104.75849,30.2714],[-104.76054,30.27199],[-104.76009,30.27436],[-104.76319,30.27484],[-104.75828,30.28116],[-104.75815,30.28642],[-104.7613,30.30062],[-104.7671,30.30372],[-104.7667,30.306],[-104.77265,30.3027],[-104.77592,30.30448],[-104.77933,30.30327],[-104.77964,30.30574],[-104.77686,30.30739],[-104.77682,30.3103],[-104.78283,30.31606],[-104.7885,30.3179],[-104.78881,30.32185],[-104.79149,30.32229],[-104.79141,30.32552],[-104.79481,30.32696],[-104.79745,30.33044],[-104.80793,30.33332],[-104.81159,30.33282],[-104.81,30.34152],[-104.81572,30.34399],[-104.81877,30.34753],[-104.81988,30.34686],[-104.82259,30.35063],[-104.81414,30.3537],[-104.81389,30.3599],[-104.811,30.36248],[-104.81136,30.36671],[-104.81618,30.36587],[-104.81968,30.36873],[-104.81643,30.37519],[-104.83057,30.37286],[-104.83745,30.37385],[-104.83939,30.37641],[-104.84562,30.37921],[-104.84851,30.38358],[-104.85382,30.38533],[-104.85931,30.39026],[-104.85429,30.40037],[-104.85719,30.40888],[-104.85127,30.41383],[-104.84769,30.41381],[-104.84898,30.41799],[-104.84788,30.41998],[-104.84943,30.42155],[-104.85007,30.41927],[-104.85216,30.41874],[-104.85308,30.42052],[-104.85664,30.42152],[-104.8569,30.42448],[-104.86131,30.42613],[-104.85816,30.43219],[-104.85834,30.43764],[-104.86055,30.44003],[-104.86794,30.44107],[-104.86445,30.45055],[-104.86839,30.45416],[-104.86965,30.4592],[-104.86589,30.46689],[-104.86939,30.47412],[-104.86916,30.47874],[-104.87168,30.48035],[-104.86951,30.48465],[-104.86718,30.48508],[-104.86659,30.49432],[-104.87397,30.49534],[-104.87221,30.50172],[-104.87353,30.50455],[-104.87193,30.51087],[-104.87335,30.51358],[-104.87684,30.51109],[-104.87917,30.51776],[-104.88289,30.51677],[-104.88571,30.51827],[-104.88461,30.52034],[-104.88103,30.52098],[-104.88589,30.52453],[-104.88372,30.52614],[-104.88142,30.52396],[-104.88066,30.52983],[-104.88237,30.53226],[-104.88928,30.53538],[-104.8908,30.54101],[-104.88769,30.54409],[-104.88777,30.54687],[-104.89026,30.54604],[-104.88983,30.54916],[-104.89407,30.55092],[-104.89238,30.5513],[-104.89291,30.55293],[-104.89799,30.55462],[-104.89585,30.56228],[-104.89894,30.57063],[-104.9069,30.57717],[-104.90963,30.58522],[-104.91877,30.58555],[-104.92139,30.59004],[-104.91973,30.59177],[-104.91874,30.59775],[-104.92171,30.59836],[-104.92235,30.60316],[-104.92471,30.60512],[-104.92678,30.60501],[-104.92934,30.59965],[-104.93098,30.59907],[-104.93459,30.60002],[-104.93842,30.60364],[-104.95083,30.60406],[-104.95493,30.60931],[-104.95963,30.61059],[-104.9675,30.60795],[-104.97217,30.61043],[-104.97552,30.61425],[-104.97441,30.61679],[-104.97767,30.61814],[-104.98026,30.62208],[-104.97981,30.62926],[-104.91717,30.66363],[-104.91641,30.83598],[-104.9076,30.83592],[-104.90913,31.24661],[-104.91274,31.50013],[-104.9129,31.62513],[-104.91829,31.81331],[-104.9187,32.00012],[-104.84775,32.00042],[-104.77212,31.99749],[-104.7548,31.99778],[-104.75457,32.00053],[-104.75051,32.00054],[-103.06452,32.00043],[-103.06463,32.9999],[-103.04366,34.00364],[-103.0409,35.89611],[-103.04173,36.50037],[-103.0023,36.50089],[-103.00234,37.00016],[-102.98699,36.99853],[-102.81508,36.99978],[-102.75215,36.99835],[-102.69815,36.99516],[-102.0421,36.99302],[-102.04216,37.73855],[-101.52707,37.73632],[-101.52697,37.82763],[-101.54277,37.8276],[-101.54121,38.01819],[-101.54232,38.26321],[-101.56749,38.26315],[-101.5671,38.69968],[-101.48439,38.70017],[-101.4782,39.13477],[-101.39173,39.13512],[-101.38908,39.56838],[-102.04977,39.56819],[-102.05175,40.00308],[-101.32405,40.0027],[-101.3254,40.25],[-101.32505,40.32946],[-101.32336,40.35056],[-101.3428,40.35045],[-101.34537,40.6981],[-101.24797,40.69781],[-101.24768,40.86476],[-101.25017,41.04739],[-101.27039,41.0474],[-101.2697,41.39494],[-101.40727,41.39542],[-101.40648,41.74321],[-101.12545,41.74244],[-100.97319,41.74004],[-100.84247,41.74041],[-100.84614,42.08817],[-100.75265,42.08786],[-100.75095,42.14678],[-100.75086,42.20506],[-100.80925,42.20465],[-100.80984,42.34967],[-100.82933,42.34945],[-100.82885,42.43778],[-100.77691,42.43748],[-100.77492,42.61234],[-100.89282,42.61166],[-100.89309,42.75652],[-100.85125,42.75688],[-100.85086,42.78408],[-100.86641,42.78422],[-100.86621,42.81319],[-100.90546,42.81315],[-100.90555,42.99793],[-101.22802,42.99757],[-101.22825,43.79564],[-101.216,43.79919],[-101.21778,43.80385],[-101.20921,43.80603],[-101.20848,43.80996],[-101.20356,43.81279],[-101.19673,43.81044],[-101.19373,43.80357],[-101.19063,43.80267],[-101.18827,43.80456],[-101.18346,43.80501],[-101.17997,43.81289],[-101.17581,43.81139],[-101.17466,43.81244],[-101.17426,43.81397],[-101.17612,43.81507],[-101.18119,43.81374],[-101.17976,43.8186],[-101.17536,43.81848],[-101.17174,43.81624],[-101.1724,43.81138],[-101.17553,43.80747],[-101.17232,43.8069],[-101.16891,43.81016],[-101.17071,43.81595],[-101.16977,43.82245],[-101.1632,43.82546],[-101.16583,43.83024],[-101.1615,43.83004],[-101.15328,43.8239],[-101.15437,43.82065],[-101.16137,43.81924],[-101.16073,43.81765],[-101.15565,43.81676],[-101.14237,43.82],[-101.13671,43.82419],[-101.1343,43.82853],[-101.1344,43.83061],[-101.14256,43.83347],[-101.14081,43.83937],[-101.13795,43.84133],[-101.12807,43.84042],[-101.12485,43.84434],[-101.1069,43.83676],[-101.10328,43.83818],[-101.10311,43.8403],[-101.10686,43.84353],[-101.10771,43.8466],[-101.10224,43.84751],[-101.09726,43.84381],[-101.08667,43.8496],[-101.08305,43.8472],[-101.0839,43.8452],[-101.08834,43.84305],[-101.08672,43.84182],[-101.07626,43.84225],[-101.07022,43.84569],[-101.06803,43.84399],[-101.07048,43.84055],[-101.06434,43.8411],[-101.06408,43.99494],[-101.0468,43.99498],[-101.04693,44.16849],[-100.5465,44.16836],[-100.37077,44.37357],[-100.37303,44.37798],[-100.37279,44.38897],[-100.37959,44.4197],[-100.37982,44.42763],[-100.3827,44.4318],[-100.38327,44.43671],[-100.38839,44.44432],[-100.38728,44.44994],[-100.39213,44.45595],[-100.41026,44.46387],[-100.42868,44.4642],[-100.44252,44.46666],[-100.47461,44.46875],[-100.48824,44.46779],[-100.51143,44.46313],[-100.53918,44.46098],[-100.56331,44.46557],[-100.57981,44.4757],[-100.58358,44.4813],[-100.58352,44.48978],[-100.57792,44.50087],[-100.55931,44.51142],[-100.53341,44.51727],[-100.52071,44.52464],[-100.5155,44.5293],[-100.51238,44.53897],[-100.51575,44.54735],[-100.52115,44.55545],[-100.5366,44.55906],[-100.57335,44.56076],[-100.59017,44.56459],[-100.60071,44.56458],[-100.60893,44.56666],[-100.61838,44.57222],[-100.62741,44.58208],[-100.63396,44.59491],[-100.63475,44.6094],[-100.63695,44.61706],[-100.63274,44.6373],[-100.62808,44.64822],[-100.62706,44.67441],[-100.6235,44.68422],[-100.62985,44.7219],[-100.63838,44.73373],[-100.65487,44.74332],[-100.66986,44.75482],[-100.68903,44.76185],[-100.71399,44.77675],[-100.7222,44.77925],[-100.72295,44.80179],[-100.71807,44.81341],[-100.70304,44.82336],[-100.69633,44.8264],[-100.68462,44.82868],[-100.66788,44.82799],[-100.64755,44.82152],[-100.63759,44.80998],[-100.62471,44.79018],[-100.59631,44.76932],[-100.58132,44.76313],[-100.55653,44.75905],[-100.53869,44.76184],[-100.52713,44.76507],[-100.51647,44.77164],[-100.50849,44.78149],[-100.50551,44.78812],[-100.49155,44.80469],[-100.47052,44.82059],[-100.44704,44.83446],[-100.4203,44.84513],[-100.40371,44.85393],[-100.39273,44.86603],[-100.38923,44.88108],[-100.39567,44.89549],[-100.41289,44.92079],[-100.41865,44.93804],[-100.41836,44.94271],[-100.42037,44.94734],[-100.41815,44.95496],[-100.41984,44.96491],[-100.41503,44.99232],[-100.41539,44.99964],[-100.40164,45.01442],[-100.39062,45.02354],[-100.37436,45.02956],[-100.35688,45.02937],[-100.31629,45.01838],[-100.3046,45.01711],[-100.28422,45.01781],[-100.27552,45.02178],[-100.27167,45.02802],[-100.28041,45.03939],[-100.3043,45.0552],[-100.31417,45.06403],[-100.31778,45.07052],[-100.32162,45.08761],[-100.31431,45.11113],[-100.3044,45.1241],[-100.29639,45.13035],[-100.29003,45.13797],[-100.28293,45.15026],[-100.27978,45.16247],[-100.27995,45.17059],[-100.28149,45.17318],[-100.27978,45.18243],[-100.28007,45.19367],[-100.27373,45.20993],[-100.26802,45.21701],[-100.26024,45.23359],[-100.25843,45.24599],[-100.26207,45.25898],[-100.27601,45.27334],[-100.30008,45.28988],[-100.30422,45.29627],[-100.30948,45.29845],[-100.31056,45.30375],[-100.30907,45.31103],[-100.32204,45.31569],[-100.32221,45.31713],[-100.32181,45.32254],[-100.31551,45.32814],[-100.30819,45.33828],[-100.30328,45.34272],[-100.29703,45.34452],[-100.29106,45.35056],[-100.27859,45.35869],[-100.27478,45.36452],[-100.27111,45.37319],[-100.27023,45.38176],[-100.27479,45.39564],[-100.29295,45.414],[-100.30366,45.43002],[-100.31756,45.44073],[-100.32976,45.45733],[-100.34082,45.46374],[-100.3444,45.46823],[-100.34428,45.47397],[-100.34621,45.47883],[-100.35838,45.48995],[-100.37054,45.49772],[-100.39802,45.50929],[-100.45312,45.51841],[-100.46923,45.5269],[-100.47549,45.534],[-100.47776,45.53972],[-100.47837,45.55006],[-100.46936,45.56903],[-100.46847,45.56999],[-100.46112,45.56831],[-100.45561,45.57069],[-100.45075,45.57899],[-100.43891,45.58839],[-100.43687,45.59338],[-100.4282,45.6047],[-100.4234,45.62048],[-100.41781,45.63071],[-100.41564,45.64332],[-100.41107,45.65122],[-100.40671,45.65397],[-100.38303,45.65941],[-100.35746,45.66001],[-100.33146,45.66367],[-100.31169,45.67456],[-100.30609,45.68364],[-100.30454,45.69165],[-100.30554,45.70171],[-100.30958,45.71291],[-100.31702,45.7258],[-100.33264,45.74586],[-100.33613,45.75298],[-100.36035,45.78437],[-100.3633,45.79855],[-100.36727,45.80743],[-100.37894,45.82368],[-100.38255,45.84251],[-100.37369,45.86232],[-100.41491,45.88272],[-100.42247,45.88801],[-100.43306,45.90041],[-100.43976,45.90439],[-100.44498,45.91022],[-100.49069,45.93615],[-100.49589,45.94365],[-101.33392,45.9441],[-101.33389,46.01184],[-101.33806,46.02271],[-101.33749,46.0304],[-101.33356,46.0375],[-101.33285,46.04361],[-101.33894,46.05857],[-101.33226,46.07934],[-101.33379,46.0916],[-101.3256,46.09108],[-101.32274,46.09709],[-101.31236,46.09194],[-101.31161,46.09329],[-101.31338,46.09591],[-101.31916,46.10037],[-101.31302,46.10149],[-101.30885,46.1043],[-101.29993,46.10485],[-101.30175,46.11006],[-101.29813,46.11152],[-101.29774,46.11435],[-101.29472,46.11575],[-101.29866,46.11698],[-101.29679,46.11822],[-101.2979,46.12034],[-101.30237,46.12041],[-101.30619,46.1235],[-101.31146,46.12501],[-101.31101,46.12625],[-101.30335,46.12745],[-101.30171,46.13328],[-101.29839,46.13195],[-101.29714,46.12754],[-101.29432,46.12743],[-101.2927,46.12914],[-101.29408,46.13115],[-101.29287,46.13362],[-101.28586,46.13535],[-101.28173,46.1345],[-101.28314,46.13193],[-101.28169,46.12946],[-101.27555,46.12982],[-101.27581,46.13496],[-101.27357,46.13631],[-101.26868,46.13119],[-101.26611,46.13071],[-101.26009,46.1398],[-101.25608,46.13927],[-101.25372,46.13504],[-101.25152,46.13502],[-101.25,46.13717],[-101.25075,46.14105],[-101.24854,46.1424],[-101.24117,46.13834],[-101.23917,46.13989],[-101.23894,46.14245],[-101.23677,46.14309],[-101.22815,46.13798],[-101.22599,46.1425],[-101.21954,46.14545],[-101.22366,46.14972],[-101.21616,46.14986],[-101.21317,46.15281],[-101.21295,46.15612],[-101.20047,46.15322],[-101.19505,46.14772],[-101.19038,46.14785],[-101.18992,46.14966],[-101.19423,46.15371],[-101.19666,46.15894],[-101.19584,46.16141],[-101.18834,46.16321],[-101.18894,46.16648],[-101.19397,46.16806],[-101.19259,46.1745],[-101.19591,46.17587],[-101.192,46.18174],[-101.19805,46.18202],[-101.19808,46.18378],[-101.19101,46.19134],[-101.18746,46.19271],[-101.17604,46.19511],[-101.17318,46.19178],[-101.1712,46.19164],[-101.16926,46.19509],[-101.16557,46.19712],[-101.16949,46.19989],[-101.16791,46.20204],[-101.15738,46.1987],[-101.15438,46.20087],[-101.14757,46.20139],[-101.14349,46.20335],[-101.14237,46.20498],[-101.14378,46.20655],[-101.14325,46.20943],[-101.13196,46.21436],[-101.12501,46.21109],[-101.12152,46.21413],[-101.11615,46.21436],[-101.11408,46.21704],[-101.11415,46.21985],[-101.10161,46.22678],[-101.10013,46.23021],[-101.10296,46.23373],[-101.10277,46.23695],[-101.10541,46.24282],[-101.11397,46.24007],[-101.11611,46.24071],[-101.11684,46.24304],[-101.11266,46.2473],[-101.10621,46.24955],[-101.10709,46.25365],[-101.10538,46.25646],[-101.09438,46.25639],[-101.09135,46.25806],[-101.08852,46.26739],[-101.09686,46.26812],[-101.09808,46.27008],[-101.09624,46.27282],[-101.08536,46.27552],[-101.07926,46.27317],[-101.07435,46.27429],[-101.06849,46.27118],[-101.05758,46.27022],[-101.05517,46.27169],[-101.05451,46.27804],[-101.04473,46.28215],[-101.03827,46.28007],[-101.03701,46.27614],[-101.03484,46.2755],[-101.0291,46.27616],[-101.02383,46.27895],[-101.0257,46.28442],[-101.04852,46.28454],[-101.04854,46.37146],[-101.299,46.37141],[-101.29883,46.63044],[-101.71812,46.63101],[-101.71824,46.71784],[-102.09625,46.71778],[-102.09722,46.98044],[-102.09591,46.98134],[-102.14489,46.98143],[-102.14446,47.32809],[-102.20557,47.32808],[-102.20558,47.59603],[-102.2334,47.60509],[-102.252,47.60679],[-102.26673,47.61598],[-102.2779,47.6192],[-102.28356,47.61918],[-102.28894,47.61533],[-102.29149,47.60913],[-102.29547,47.60691],[-102.31743,47.60853],[-102.33855,47.60235],[-102.3641,47.59247],[-102.403,47.59183],[-102.41706,47.58987],[-102.42049,47.58613],[-102.42602,47.5748],[-102.4413,47.57084],[-102.44221,47.55614],[-102.43684,47.545],[-102.43994,47.53313],[-102.43636,47.51254],[-102.45263,47.51398],[-102.46523,47.51185],[-102.49044,47.51368],[-102.5091,47.51296],[-102.52658,47.5158],[-102.55177,47.52446],[-102.56811,47.52767],[-102.59552,47.54297],[-102.60129,47.54368],[-102.62531,47.53951],[-102.65057,47.53906],[-102.65808,47.53579],[-102.66359,47.53067],[-102.67342,47.53075],[-102.68204,47.5358],[-102.68759,47.54561],[-102.68752,47.54938],[-102.67676,47.55703],[-102.67661,47.55936],[-102.68318,47.56474],[-102.68601,47.57186],[-102.69838,47.58105],[-102.70353,47.582],[-102.72288,47.57849],[-102.7275,47.58049],[-102.735,47.57857],[-102.74443,47.57945],[-102.74825,47.58085],[-102.75007,47.58828],[-102.75758,47.59488],[-102.77094,47.59874],[-102.79863,47.59131],[-102.80111,47.59359],[-102.80113,47.59795],[-102.8029,47.60052],[-102.81284,47.59654],[-102.81773,47.59619],[-102.81498,47.60194],[-102.81614,47.60365],[-102.84413,47.59614],[-102.84469,47.60109],[-102.84882,47.60376],[-102.86682,47.60113],[-102.8688,47.60252],[-102.86559,47.6072],[-102.86642,47.6087],[-102.88454,47.6141],[-102.88143,47.61926],[-102.8829,47.62399],[-102.90327,47.63218],[-102.91112,47.63228],[-102.924,47.62707],[-102.92914,47.63365],[-102.93538,47.63574],[-102.94257,47.64143],[-102.95064,47.632],[-102.95302,47.6319],[-102.95803,47.63994],[-102.95152,47.64962],[-102.95555,47.65572],[-102.95735,47.65624],[-102.96094,47.65233],[-102.96593,47.65239],[-102.96669,47.65455],[-102.96487,47.65964],[-102.96804,47.66434],[-102.97425,47.66606],[-102.98216,47.66175],[-102.98514,47.66167],[-102.98605,47.6629],[-102.98412,47.66716],[-102.99528,47.66631],[-103.004,47.67837],[-103.00646,47.67894],[-103.01053,47.67795],[-103.0122,47.67403],[-103.01445,47.67272],[-103.01665,47.67309],[-103.01962,47.67775],[-103.02364,47.67882],[-103.03291,47.67749],[-103.0371,47.67337],[-103.03698,47.65534],[-103.0313,47.65023],[-103.01939,47.64347],[-103.01963,47.63944],[-103.01714,47.63398],[-103.02426,47.63284],[-103.03476,47.6166],[-103.04684,47.6081],[-103.053,47.60653],[-103.05384,47.60386],[-103.04693,47.59647],[-103.04683,47.59165],[-103.0638,47.58517],[-103.06796,47.57722],[-103.07195,47.57753],[-103.07881,47.58198],[-103.08681,47.58448],[-103.11043,47.58194],[-103.11519,47.58585],[-103.12802,47.58882],[-103.13276,47.58724],[-103.13757,47.58197],[-103.14062,47.58084],[-103.14397,47.58163],[-103.14624,47.58622],[-103.14967,47.58576],[-103.15243,47.5836],[-103.14979,47.5772],[-103.15242,47.57465],[-103.15834,47.57429],[-103.16049,47.57763],[-103.16449,47.57844],[-103.17112,47.57222],[-103.18322,47.57263],[-103.1963,47.57554],[-103.2108,47.58268],[-103.22571,47.58752],[-103.25942,47.59093],[-103.26701,47.59848],[-103.27116,47.60013],[-103.28041,47.59646],[-103.28058,47.58792],[-103.28389,47.58268],[-103.2935,47.57862],[-103.30464,47.57749],[-103.30698,47.57847],[-103.3051,47.58251],[-103.30627,47.58641],[-103.31117,47.59038],[-103.31617,47.58894],[-103.32725,47.59304],[-103.34032,47.5891],[-103.34287,47.5916],[-103.34268,47.59741],[-103.34724,47.60002],[-103.3553,47.59465],[-103.36358,47.59331],[-103.37214,47.60096],[-103.38256,47.60144],[-103.39123,47.59805],[-103.39706,47.59241],[-103.4084,47.58887],[-103.41894,47.59191],[-103.42877,47.5895],[-103.42919,47.5921],[-103.42558,47.59637],[-103.42961,47.59774],[-103.43449,47.59521],[-103.43733,47.59057],[-103.43308,47.58528],[-103.43181,47.57918],[-103.43978,47.56868],[-103.44692,47.55486],[-103.43654,47.54825],[-103.42783,47.54034],[-103.42745,47.53499],[-103.43069,47.53072],[-103.45346,47.53051],[-103.4542,47.52898],[-103.45219,47.52424],[-103.45731,47.52143],[-103.45812,47.52609],[-103.4599,47.52769],[-103.48423,47.52515],[-103.49193,47.53282],[-103.49824,47.535],[-103.50135,47.53364],[-103.50362,47.5268],[-103.5081,47.52543],[-103.50993,47.53177],[-103.5132,47.53443],[-103.51917,47.53694],[-103.52943,47.53817],[-103.54585,47.53151],[-103.53804,47.52825],[-103.53784,47.52535],[-103.54039,47.52203],[-103.56336,47.51474],[-103.56319,47.5134],[-103.5589,47.51312],[-103.55673,47.51131],[-103.55613,47.50816],[-103.56038,47.50661],[-103.56901,47.50693],[-103.56734,47.51477],[-103.57025,47.51766],[-103.57624,47.5186],[-103.58122,47.51297],[-103.58867,47.51155],[-103.59249,47.51537],[-103.59221,47.52082],[-103.59936,47.52278],[-103.60226,47.52255],[-103.60264,47.52102],[-103.59519,47.51836],[-103.59489,47.5149],[-103.60886,47.51384],[-103.60875,47.58962],[-103.73649,47.58947],[-103.73638,47.67476],[-103.79769,47.67476],[-103.79747,47.84829],[-103.96882,47.84825],[-103.97035,47.85086],[-103.96677,47.85869],[-103.9656,47.86947],[-103.96042,47.87721],[-103.95861,47.89059],[-103.95457,47.90247],[-103.95573,47.90752],[-103.95871,47.90785],[-103.96271,47.91141],[-103.96423,47.91604],[-103.96287,47.9174],[-103.9645,47.92199],[-103.96421,47.93264],[-103.96197,47.93666],[-103.96173,47.94579],[-103.95902,47.95101],[-103.95924,47.9559],[-103.97055,47.97269],[-103.9858,47.98096],[-103.98631,47.97542],[-103.98849,47.97318],[-103.99786,47.96809],[-104.00641,47.96729],[-104.01172,47.97121],[-104.01445,47.9809],[-104.02126,47.98921],[-104.04405,47.99616],[-104.0476,48.48925],[-104.0487,48.99991],[-102.34777,48.99883],[-97.68587,49.00057],[-95.1532,48.99888],[-95.1534,49.38449],[-95.15032,49.383],[-95.14982,49.38066],[-95.14191,49.37832],[-95.12872,49.37046],[-95.05831,49.35326],[-95.01421,49.35648],[-94.98901,49.36895],[-94.9743,49.36772],[-94.9574,49.37021],[-94.90911,49.35015],[-94.87829,49.33338],[-94.85406,49.32435],[-94.83641,49.32428],[-94.81627,49.32141],[-94.82436,49.30896],[-94.82554,49.29436],[-94.79734,49.21435],[-94.79798,49.19787],[-94.77279,49.12052],[-94.74966,49.09875],[-94.68347,48.88413],[-94.6843,48.87236],[-94.6924,48.86902],[-94.69022,48.86356],[-94.69307,48.85342],[-94.68559,48.84006],[-94.69752,48.8355],[-94.70202,48.83183],[-94.7043,48.82423],[-94.69513,48.80916],[-94.69599,48.79965],[-94.69441,48.78945],[-94.69091,48.77801],[-94.68709,48.77515],[-94.67687,48.77166],[-94.65203,48.75615],[-94.64539,48.74907],[-94.64537,48.74403],[-94.6413,48.74123],[-94.61917,48.73727],[-94.61065,48.7318],[-94.6012,48.72822],[-94.58766,48.71759],[-94.54904,48.71475],[-94.53852,48.70271],[-94.53296,48.70123],[-94.50932,48.70051],[-94.49961,48.69797],[-94.47067,48.69659],[-94.45239,48.69241],[-94.43884,48.69484],[-94.42139,48.70859],[-94.41584,48.71098],[-94.38408,48.71183],[-94.3688,48.70648],[-94.34315,48.70341],[-94.32876,48.70446],[-94.30883,48.71028],[-94.2912,48.70782],[-94.28294,48.70562],[-94.27458,48.69988],[-94.2645,48.699],[-94.25298,48.68635],[-94.25075,48.67813],[-94.25468,48.66145],[-94.25096,48.65691],[-94.24452,48.65347],[-94.22421,48.64947],[-94.18865,48.65039],[-94.15749,48.64573],[-94.13917,48.646],[-94.12608,48.64435],[-94.11003,48.64428],[-94.09995,48.64587],[-94.09127,48.64366],[-94.06589,48.64615],[-94.06429,48.64373],[-94.04325,48.64347],[-94.03562,48.64105],[-94.00697,48.64329],[-93.97778,48.63848],[-93.9597,48.63718],[-93.95303,48.63414],[-93.91697,48.63286],[-93.9135,48.63524],[-93.8949,48.63237],[-93.84436,48.63023],[-93.83345,48.6256],[-93.82931,48.61761],[-93.82144,48.60917],[-93.81309,48.58798],[-93.80636,48.57952],[-93.80417,48.57022],[-93.80806,48.55686],[-93.812,48.5503],[-93.81026,48.54443],[-93.811,48.54093],[-93.81802,48.53491],[-93.8185,48.53142],[-93.81113,48.52466],[-93.80303,48.52197],[-93.79338,48.51632],[-93.7535,48.51574],[-93.73907,48.51848],[-93.71086,48.51856],[-93.69305,48.5152],[-93.67785,48.51681],[-93.65932,48.51642],[-93.64337,48.51896],[-93.63954,48.52179],[-93.63577,48.52842],[-93.62847,48.53188],[-93.62569,48.53144],[-93.61668,48.52371],[-93.61227,48.52241],[-93.60519,48.52309],[-93.59628,48.52863],[-93.59014,48.53041],[-93.58105,48.52709],[-93.57621,48.527],[-93.56027,48.52965],[-93.54251,48.52999],[-93.52692,48.53402],[-93.51717,48.5348],[-93.5011,48.54134],[-93.46739,48.54646],[-93.4597,48.55368],[-93.45769,48.55973],[-93.45754,48.56714],[-93.46193,48.5731],[-93.46718,48.58841],[-93.46548,48.59164],[-93.43985,48.59369],[-93.42268,48.60318],[-93.40567,48.60983],[-93.4035,48.60998],[-93.40296,48.60767],[-93.39539,48.6038],[-93.38374,48.60596],[-93.37146,48.60586],[-93.36729,48.60812],[-93.362,48.61403],[-93.35509,48.61141],[-93.3527,48.61349],[-93.35336,48.61495],[-93.34867,48.62646],[-93.25466,48.64282],[-93.20754,48.64251],[-93.18401,48.62819],[-93.17838,48.62327],[-93.09035,48.62778],[-92.98458,48.62383],[-92.9548,48.63155],[-92.9498,48.63034],[-92.95002,48.60836],[-92.92956,48.60694],[-92.91008,48.5964],[-92.89451,48.59499],[-92.72842,48.53938],[-92.65786,48.54623],[-92.63489,48.54257],[-92.62553,48.5179],[-92.62693,48.51417],[-92.62508,48.51292],[-92.63088,48.50915],[-92.63192,48.50672],[-92.62702,48.50328],[-92.63066,48.50078],[-92.63711,48.49934],[-92.65411,48.5017],[-92.66148,48.49632],[-92.68577,48.49741],[-92.69868,48.49485],[-92.70119,48.48467],[-92.70926,48.47287],[-92.70853,48.47032],[-92.71269,48.46299],[-92.68812,48.44372],[-92.66352,48.44004],[-92.65623,48.43648],[-92.57655,48.4406],[-92.53696,48.44775],[-92.50748,48.44799],[-92.48936,48.43027],[-92.48202,48.4283],[-92.47546,48.41863],[-92.45644,48.41409],[-92.45641,48.40111],[-92.47651,48.37192],[-92.46978,48.3521],[-92.43672,48.30891],[-92.43185,48.30518],[-92.42564,48.30463],[-92.41564,48.2951],[-92.40179,48.27138],[-92.39313,48.26003],[-92.39344,48.25758],[-92.3892,48.25369],[-92.39223,48.25305],[-92.39237,48.25117],[-92.3859,48.25134],[-92.3847,48.24919],[-92.38687,48.2492],[-92.38636,48.24751],[-92.38818,48.24644],[-92.38727,48.24434],[-92.38382,48.24457],[-92.38403,48.24031],[-92.37854,48.23523],[-92.37839,48.23034],[-92.37264,48.22354],[-92.37081,48.22382],[-92.36992,48.22029],[-92.36688,48.22228],[-92.36806,48.22408],[-92.36221,48.22268],[-92.35356,48.23008],[-92.34191,48.23171],[-92.34048,48.23402],[-92.33658,48.23566],[-92.33211,48.23391],[-92.31489,48.24051],[-92.2804,48.24437],[-92.26959,48.24819],[-92.27364,48.25652],[-92.29018,48.26506],[-92.29457,48.27122],[-92.29318,48.27599],[-92.29526,48.27625],[-92.30144,48.28831],[-92.29456,48.30623],[-92.30618,48.31625],[-92.30448,48.32284],[-92.29545,48.32386],[-92.28884,48.34282],[-92.26256,48.35492],[-92.22162,48.34886],[-92.21697,48.34497],[-92.20673,48.34565],[-92.20772,48.34789],[-92.2039,48.35185],[-92.19509,48.35046],[-92.19455,48.34876],[-92.19282,48.34872],[-92.17854,48.35181],[-92.17912,48.3549],[-92.17741,48.35715],[-92.16201,48.36331],[-92.1449,48.3657],[-92.14371,48.35603],[-92.08356,48.35372],[-92.07817,48.35803],[-92.05523,48.35937],[-92.04886,48.34858],[-92.04588,48.34785],[-92.04511,48.34574],[-92.04785,48.3436],[-92.04695,48.33478],[-92.03768,48.33307],[-92.0308,48.3257],[-92.00012,48.3211],[-92.01299,48.29745],[-92.01203,48.287],[-92.00727,48.28056],[-92.00653,48.26542],[-91.98916,48.26029],[-91.9806,48.24793],[-91.9774,48.24717],[-91.97565,48.24433],[-91.97041,48.24781],[-91.97247,48.2506],[-91.96999,48.25378],[-91.95411,48.25227],[-91.95405,48.24947],[-91.94804,48.24594],[-91.94961,48.24452],[-91.9583,48.24384],[-91.95706,48.23886],[-91.95978,48.23682],[-91.95836,48.23314],[-91.95126,48.23341],[-91.94209,48.23037],[-91.93759,48.23422],[-91.91488,48.23893],[-91.90583,48.23724],[-91.89311,48.23799],[-91.88433,48.22743],[-91.86757,48.21919],[-91.86437,48.20696],[-91.81546,48.21182],[-91.81413,48.20839],[-91.80946,48.20628],[-91.79729,48.20269],[-91.79108,48.20252],[-91.78866,48.19635],[-91.78616,48.19618],[-91.78068,48.20075],[-91.76422,48.20063],[-91.76075,48.20482],[-91.75592,48.20601],[-91.75353,48.20087],[-91.74841,48.19869],[-91.74155,48.19934],[-91.74209,48.20462],[-91.71537,48.19951],[-91.71038,48.19255],[-91.71227,48.18753],[-91.72135,48.18027],[-91.72436,48.17054],[-91.72304,48.16898],[-91.71704,48.17187],[-91.7094,48.17291],[-91.70483,48.17072],[-91.70467,48.16005],[-91.70812,48.15301],[-91.70323,48.14521],[-91.69917,48.14505],[-91.69778,48.14161],[-91.69952,48.13197],[-91.7038,48.12485],[-91.70785,48.12341],[-91.71177,48.1175],[-91.71176,48.11466],[-91.70336,48.11373],[-91.69218,48.11689],[-91.69212,48.11975],[-91.68212,48.12251],[-91.68758,48.11191],[-91.6809,48.10831],[-91.66737,48.1087],[-91.66509,48.10716],[-91.66187,48.11193],[-91.65181,48.11396],[-91.65311,48.10981],[-91.648,48.10633],[-91.63993,48.09712],[-91.61487,48.10228],[-91.58883,48.10248],[-91.57559,48.10692],[-91.55912,48.1086],[-91.55284,48.10325],[-91.56945,48.0937],[-91.57539,48.06672],[-91.57273,48.0574],[-91.57547,48.04895],[-91.56752,48.0438],[-91.54167,48.05386],[-91.48819,48.06839],[-91.46474,48.06686],[-91.45001,48.06908],[-91.44623,48.06776],[-91.44665,48.06305],[-91.43779,48.05247],[-91.4386,48.05034],[-91.42958,48.04866],[-91.41359,48.05369],[-91.39089,48.05717],[-91.37083,48.06974],[-91.36499,48.06713],[-91.35035,48.07198],[-91.33999,48.07356],[-91.33636,48.0697],[-91.33128,48.06963],[-91.32448,48.07295],[-91.28974,48.07418],[-91.27592,48.07879],[-91.26678,48.07884],[-91.2497,48.0841],[-91.2349,48.09615],[-91.21491,48.10287],[-91.19006,48.12511],[-91.18289,48.1222],[-91.15631,48.14052],[-91.13734,48.14926],[-91.13808,48.15196],[-91.14014,48.15171],[-91.14261,48.15461],[-91.11987,48.16069],[-91.11474,48.1665],[-91.09197,48.17366],[-91.08801,48.17831],[-91.08248,48.18116],[-91.07591,48.17937],[-91.06549,48.18141],[-91.0628,48.18554],[-91.05923,48.18534],[-91.05543,48.18832],[-91.0364,48.19013],[-91.0311,48.18883],[-91.0237,48.19044],[-91.0221,48.19284],[-91.0123,48.19847],[-91.00282,48.20074],[-91.00411,48.20303],[-90.97699,48.21956],[-90.92642,48.2298],[-90.9151,48.23076],[-90.90686,48.2375],[-90.88576,48.24596],[-90.88153,48.24052],[-90.8751,48.23785],[-90.86694,48.23823],[-90.84769,48.24454],[-90.84385,48.2437],[-90.84313,48.24121],[-90.8393,48.23957],[-90.83771,48.23474],[-90.83982,48.22828],[-90.83726,48.22507],[-90.83485,48.20181],[-90.83421,48.18655],[-90.83641,48.17704],[-90.83255,48.17352],[-90.82471,48.17685],[-90.82345,48.17808],[-90.82578,48.18358],[-90.82103,48.18469],[-90.81754,48.17941],[-90.80986,48.1797],[-90.80409,48.17783],[-90.80115,48.16409],[-90.79644,48.15922],[-90.7931,48.16141],[-90.79036,48.15996],[-90.78595,48.161],[-90.78192,48.16451],[-90.77794,48.16385],[-90.77618,48.1619],[-90.77902,48.15054],[-90.77785,48.1483],[-90.78084,48.14588],[-90.78418,48.14637],[-90.78934,48.14386],[-90.79676,48.13939],[-90.79823,48.1369],[-90.7943,48.13529],[-90.78222,48.13587],[-90.78348,48.13266],[-90.78798,48.13271],[-90.78979,48.13015],[-90.78705,48.12771],[-90.78387,48.12812],[-90.78184,48.12577],[-90.77641,48.124],[-90.77413,48.11865],[-90.76876,48.11659],[-90.76671,48.11444],[-90.76713,48.1106],[-90.76141,48.09839],[-90.75158,48.091],[-90.74147,48.09457],[-90.70292,48.09604],[-90.68629,48.10044],[-90.6415,48.10352],[-90.62707,48.11178],[-90.62005,48.11154],[-90.60614,48.11585],[-90.59129,48.11746],[-90.58588,48.12199],[-90.57969,48.12381],[-90.57577,48.12063],[-90.56544,48.12249],[-90.55911,48.12174],[-90.55552,48.11693],[-90.56974,48.10684],[-90.56447,48.09882],[-90.55671,48.09594],[-90.51694,48.09932],[-90.51032,48.0973],[-90.50488,48.09979],[-90.49611,48.09861],[-90.49361,48.10137],[-90.48985,48.099],[-90.4867,48.09906],[-90.48022,48.102],[-90.47761,48.10525],[-90.47124,48.10592],[-90.4674,48.10875],[-90.44745,48.10346],[-90.43846,48.09869],[-90.41067,48.10506],[-90.40316,48.1051],[-90.38621,48.09816],[-90.38491,48.09485],[-90.38199,48.093],[-90.3743,48.09092],[-90.37273,48.09127],[-90.37344,48.09403],[-90.36745,48.09471],[-90.34431,48.09432],[-90.33808,48.09616],[-90.33695,48.09958],[-90.33007,48.10229],[-90.31005,48.10556],[-90.29813,48.10255],[-90.29285,48.09901],[-90.28925,48.09908],[-90.27454,48.10319],[-90.25383,48.10225],[-90.22518,48.10823],[-90.21069,48.10636],[-90.18863,48.10803],[-90.1765,48.1124],[-90.16428,48.10972],[-90.14083,48.11256],[-90.13257,48.11168],[-90.12245,48.10571],[-90.116,48.10417],[-90.09161,48.10461],[-90.07412,48.10123],[-90.05748,48.09637],[-90.04138,48.08935],[-90.02937,48.08752],[-90.02334,48.08476],[-90.01879,48.07196],[-90.01485,48.06714],[-90.00874,48.06856],[-89.99811,48.05794],[-89.99385,48.04931],[-89.99711,48.03533],[-89.99383,48.0281],[-89.99074,48.02867],[-89.98892,48.02568],[-89.98524,48.02631],[-89.97471,48.02313],[-89.96827,48.01468],[-89.96399,48.01506],[-89.95311,48.01083],[-89.95006,48.0129],[-89.95062,48.01624],[-89.94413,48.01445],[-89.93458,48.01583],[-89.93152,48.00892],[-89.92586,48.00631],[-89.92581,48.00374],[-89.92807,48.0022],[-89.92186,48.00012],[-89.92214,47.99718],[-89.91736,47.99727],[-89.91505,47.99471],[-89.90433,47.99217],[-89.8955,47.98733],[-89.89081,47.988],[-89.8719,47.98553],[-89.86821,47.9902],[-89.84722,47.99263],[-89.84248,47.99726],[-89.8421,48.00168],[-89.84482,48.00308],[-89.83133,47.99961],[-89.82909,48.00509],[-89.82237,48.00966],[-89.82221,48.01108],[-89.82387,48.01144],[-89.82097,48.0128],[-89.81994,48.01552],[-89.80738,48.0176],[-89.80616,48.01426],[-89.79685,48.01487],[-89.79242,48.01837],[-89.7791,48.01851],[-89.77536,48.02287],[-89.77371,48.02049],[-89.7676,48.0227],[-89.75296,48.02218],[-89.75007,48.02357],[-89.74442,48.02241],[-89.74268,48.02002],[-89.734,48.02201],[-89.73174,48.02045],[-89.73255,48.019],[-89.72731,48.01892],[-89.72362,48.01931],[-89.72371,48.0208],[-89.71951,48.01849],[-89.72396,48.01717],[-89.72418,48.01377],[-89.72078,48.01454],[-89.71854,48.01725],[-89.71625,48.01687],[-89.71613,48.00946],[-89.70804,48.01044],[-89.70242,48.00637],[-89.68812,48.01091],[-89.68409,48.00982],[-89.67292,48.01158],[-89.6668,48.0073],[-89.66196,48.01078],[-89.65681,48.00988],[-89.65304,48.00426],[-89.65088,48.00363],[-89.64588,48.00627],[-89.63706,48.00415],[-89.63804,48.00913],[-89.62555,48.01172],[-89.61844,48.01088],[-89.6107,48.01794],[-89.60856,48.0127],[-89.61054,48.00973],[-89.60816,48.00694],[-89.58551,48.00177],[-89.58561,47.99955],[-89.58098,47.99595],[-89.57101,47.99806],[-89.5643,48.00294],[-89.50009,48.01316],[-89.4892,48.01454],[-89.48339,48.01372],[-89.95341,47.29097],[-89.95711,47.29111],[-89.98381,47.24388],[-90.41012,46.57909]],[[-100.26004,42.99865],[-100.2597,42.99865],[-100.25899,42.99865],[-100.26004,42.99865]],[[-100.65655,42.99819],[-100.61396,42.99821],[-100.60825,42.99826],[-100.65655,42.99819]]]},"properties":{"fid":3,"zone":"Central","utc":"-06:00","Shape__Area":313.81639661700774,"Shape__Length":119.16645095993297}},{"type":"Feature","id":4,"geometry":{"type":"MultiPolygon","coordinates":[[[[-114.36194,49.00112],[-113.69478,48.99751],[-112.03714,48.99867],[-111.57571,48.99668],[-109.42064,49.00044],[-108.83551,48.99925],[-104.0487,48.99991],[-104.0476,48.48925],[-104.04405,47.99616],[-104.02126,47.98921],[-104.01445,47.9809],[-104.01172,47.97121],[-104.00641,47.96729],[-103.99786,47.96809],[-103.98849,47.97318],[-103.98631,47.97542],[-103.9858,47.98096],[-103.97055,47.97269],[-103.95924,47.9559],[-103.95902,47.95101],[-103.96173,47.94579],[-103.96197,47.93666],[-103.96421,47.93264],[-103.9645,47.92199],[-103.96287,47.9174],[-103.96423,47.91604],[-103.96271,47.91141],[-103.95871,47.90785],[-103.95573,47.90752],[-103.95457,47.90247],[-103.95861,47.89059],[-103.96042,47.87721],[-103.9656,47.86947],[-103.96677,47.85869],[-103.97035,47.85086],[-103.96882,47.84825],[-103.79747,47.84829],[-103.79769,47.67476],[-103.73638,47.67476],[-103.73649,47.58947],[-103.60875,47.58962],[-103.60886,47.51384],[-103.59489,47.5149],[-103.59519,47.51836],[-103.60264,47.52102],[-103.60226,47.52255],[-103.59936,47.52278],[-103.59221,47.52082],[-103.59249,47.51537],[-103.58867,47.51155],[-103.58122,47.51297],[-103.57624,47.5186],[-103.57025,47.51766],[-103.56734,47.51477],[-103.56901,47.50693],[-103.56038,47.50661],[-103.55613,47.50816],[-103.55673,47.51131],[-103.5589,47.51312],[-103.56319,47.5134],[-103.56336,47.51474],[-103.54039,47.52203],[-103.53784,47.52535],[-103.53804,47.52825],[-103.54585,47.53151],[-103.52943,47.53817],[-103.51917,47.53694],[-103.5132,47.53443],[-103.50993,47.53177],[-103.5081,47.52543],[-103.50362,47.5268],[-103.50135,47.53364],[-103.49824,47.535],[-103.49193,47.53282],[-103.48423,47.52515],[-103.4599,47.52769],[-103.45812,47.52609],[-103.45731,47.52143],[-103.45219,47.52424],[-103.4542,47.52898],[-103.45346,47.53051],[-103.43069,47.53072],[-103.42745,47.53499],[-103.42783,47.54034],[-103.43654,47.54825],[-103.44692,47.55486],[-103.43978,47.56868],[-103.43181,47.57918],[-103.43308,47.58528],[-103.43733,47.59057],[-103.43449,47.59521],[-103.42961,47.59774],[-103.42558,47.59637],[-103.42919,47.5921],[-103.42877,47.5895],[-103.41894,47.59191],[-103.4084,47.58887],[-103.39706,47.59241],[-103.39123,47.59805],[-103.38256,47.60144],[-103.37214,47.60096],[-103.36358,47.59331],[-103.3553,47.59465],[-103.34724,47.60002],[-103.34268,47.59741],[-103.34287,47.5916],[-103.34032,47.5891],[-103.32725,47.59304],[-103.31617,47.58894],[-103.31117,47.59038],[-103.30627,47.58641],[-103.3051,47.58251],[-103.30698,47.57847],[-103.30464,47.57749],[-103.2935,47.57862],[-103.28389,47.58268],[-103.28058,47.58792],[-103.28041,47.59646],[-103.27116,47.60013],[-103.26701,47.59848],[-103.25942,47.59093],[-103.22571,47.58752],[-103.2108,47.58268],[-103.1963,47.57554],[-103.18322,47.57263],[-103.17112,47.57222],[-103.16449,47.57844],[-103.16049,47.57763],[-103.15834,47.57429],[-103.15242,47.57465],[-103.14979,47.5772],[-103.15243,47.5836],[-103.14967,47.58576],[-103.14624,47.58622],[-103.14397,47.58163],[-103.14062,47.58084],[-103.13757,47.58197],[-103.13276,47.58724],[-103.12802,47.58882],[-103.11519,47.58585],[-103.11043,47.58194],[-103.08681,47.58448],[-103.07881,47.58198],[-103.07195,47.57753],[-103.06796,47.57722],[-103.0638,47.58517],[-103.04683,47.59165],[-103.04693,47.59647],[-103.05384,47.60386],[-103.053,47.60653],[-103.04684,47.6081],[-103.03476,47.6166],[-103.02426,47.63284],[-103.01714,47.63398],[-103.01963,47.63944],[-103.01939,47.64347],[-103.0313,47.65023],[-103.03698,47.65534],[-103.0371,47.67337],[-103.03291,47.67749],[-103.02364,47.67882],[-103.01962,47.67775],[-103.01665,47.67309],[-103.01445,47.67272],[-103.0122,47.67403],[-103.01053,47.67795],[-103.00646,47.67894],[-103.004,47.67837],[-102.99528,47.66631],[-102.98412,47.66716],[-102.98605,47.6629],[-102.98514,47.66167],[-102.98216,47.66175],[-102.97425,47.66606],[-102.96804,47.66434],[-102.96487,47.65964],[-102.96669,47.65455],[-102.96593,47.65239],[-102.96094,47.65233],[-102.95735,47.65624],[-102.95555,47.65572],[-102.95152,47.64962],[-102.95803,47.63994],[-102.95302,47.6319],[-102.95064,47.632],[-102.94257,47.64143],[-102.93538,47.63574],[-102.92914,47.63365],[-102.924,47.62707],[-102.91112,47.63228],[-102.90327,47.63218],[-102.8829,47.62399],[-102.88143,47.61926],[-102.88454,47.6141],[-102.86642,47.6087],[-102.86559,47.6072],[-102.8688,47.60252],[-102.86682,47.60113],[-102.84882,47.60376],[-102.84469,47.60109],[-102.84413,47.59614],[-102.81614,47.60365],[-102.81498,47.60194],[-102.81773,47.59619],[-102.81284,47.59654],[-102.8029,47.60052],[-102.80113,47.59795],[-102.80111,47.59359],[-102.79863,47.59131],[-102.77094,47.59874],[-102.75758,47.59488],[-102.75007,47.58828],[-102.74825,47.58085],[-102.74443,47.57945],[-102.735,47.57857],[-102.7275,47.58049],[-102.72288,47.57849],[-102.70353,47.582],[-102.69838,47.58105],[-102.68601,47.57186],[-102.68318,47.56474],[-102.67661,47.55936],[-102.67676,47.55703],[-102.68752,47.54938],[-102.68759,47.54561],[-102.68204,47.5358],[-102.67342,47.53075],[-102.66359,47.53067],[-102.65808,47.53579],[-102.65057,47.53906],[-102.62531,47.53951],[-102.60129,47.54368],[-102.59552,47.54297],[-102.56811,47.52767],[-102.55177,47.52446],[-102.52658,47.5158],[-102.5091,47.51296],[-102.49044,47.51368],[-102.46523,47.51185],[-102.45263,47.51398],[-102.43636,47.51254],[-102.43994,47.53313],[-102.43684,47.545],[-102.44221,47.55614],[-102.4413,47.57084],[-102.42602,47.5748],[-102.42049,47.58613],[-102.41706,47.58987],[-102.403,47.59183],[-102.3641,47.59247],[-102.33855,47.60235],[-102.31743,47.60853],[-102.29547,47.60691],[-102.29149,47.60913],[-102.28894,47.61533],[-102.28356,47.61918],[-102.2779,47.6192],[-102.26673,47.61598],[-102.252,47.60679],[-102.2334,47.60509],[-102.20558,47.59603],[-102.20557,47.32808],[-102.14446,47.32809],[-102.14489,46.98143],[-102.09591,46.98134],[-102.09722,46.98044],[-102.09625,46.71778],[-101.71824,46.71784],[-101.71812,46.63101],[-101.29883,46.63044],[-101.299,46.37141],[-101.04854,46.37146],[-101.04852,46.28454],[-101.0257,46.28442],[-101.02396,46.2787],[-101.02993,46.27591],[-101.03645,46.27575],[-101.03827,46.28007],[-101.04473,46.28215],[-101.05451,46.27804],[-101.05517,46.27169],[-101.05758,46.27022],[-101.06849,46.27118],[-101.07435,46.27429],[-101.07926,46.27317],[-101.08536,46.27552],[-101.09624,46.27282],[-101.09808,46.27008],[-101.09686,46.26812],[-101.08852,46.26739],[-101.09135,46.25806],[-101.09438,46.25639],[-101.10538,46.25646],[-101.10709,46.25365],[-101.10621,46.24955],[-101.11266,46.2473],[-101.11684,46.24304],[-101.11611,46.24071],[-101.11397,46.24007],[-101.10541,46.24282],[-101.10277,46.23695],[-101.10296,46.23373],[-101.10013,46.23021],[-101.10161,46.22678],[-101.11415,46.21985],[-101.11408,46.21704],[-101.11615,46.21436],[-101.12152,46.21413],[-101.12501,46.21109],[-101.13196,46.21436],[-101.14325,46.20943],[-101.14378,46.20655],[-101.14237,46.20498],[-101.14349,46.20335],[-101.14757,46.20139],[-101.15438,46.20087],[-101.15738,46.1987],[-101.16791,46.20204],[-101.16949,46.19989],[-101.16557,46.19712],[-101.16926,46.19509],[-101.1712,46.19164],[-101.17318,46.19178],[-101.17604,46.19511],[-101.18746,46.19271],[-101.19101,46.19134],[-101.19808,46.18378],[-101.19805,46.18202],[-101.192,46.18174],[-101.19591,46.17587],[-101.19259,46.1745],[-101.19397,46.16806],[-101.18894,46.16648],[-101.18834,46.16321],[-101.19584,46.16141],[-101.19666,46.15894],[-101.19423,46.15371],[-101.18992,46.14966],[-101.19038,46.14785],[-101.19505,46.14772],[-101.20047,46.15322],[-101.21295,46.15612],[-101.21317,46.15281],[-101.21616,46.14986],[-101.22366,46.14972],[-101.21954,46.14545],[-101.22599,46.1425],[-101.22815,46.13798],[-101.23677,46.14309],[-101.23894,46.14245],[-101.23917,46.13989],[-101.24117,46.13834],[-101.24854,46.1424],[-101.25075,46.14105],[-101.25,46.13717],[-101.25152,46.13502],[-101.25372,46.13504],[-101.25608,46.13927],[-101.26009,46.1398],[-101.26611,46.13071],[-101.26868,46.13119],[-101.27357,46.13631],[-101.27581,46.13496],[-101.27555,46.12982],[-101.28169,46.12946],[-101.28314,46.13193],[-101.28173,46.1345],[-101.28586,46.13535],[-101.29287,46.13362],[-101.29408,46.13115],[-101.2927,46.12914],[-101.29432,46.12743],[-101.29714,46.12754],[-101.29839,46.13195],[-101.30171,46.13328],[-101.30335,46.12745],[-101.30822,46.12761],[-101.31137,46.12579],[-101.30168,46.12011],[-101.2979,46.12034],[-101.29679,46.11822],[-101.29866,46.11698],[-101.29472,46.11575],[-101.29774,46.11435],[-101.29813,46.11152],[-101.30175,46.11006],[-101.29993,46.10485],[-101.30885,46.1043],[-101.31302,46.10149],[-101.31916,46.10037],[-101.31338,46.09591],[-101.31161,46.09329],[-101.31236,46.09194],[-101.32274,46.09709],[-101.3256,46.09108],[-101.33379,46.0916],[-101.33226,46.07934],[-101.33894,46.05857],[-101.33285,46.04361],[-101.33356,46.0375],[-101.33749,46.0304],[-101.33806,46.02271],[-101.33389,46.01184],[-101.33392,45.9441],[-100.49589,45.94365],[-100.49069,45.93615],[-100.44498,45.91022],[-100.43976,45.90439],[-100.43306,45.90041],[-100.42247,45.88801],[-100.41491,45.88272],[-100.37369,45.86232],[-100.38255,45.84251],[-100.37894,45.82368],[-100.36727,45.80743],[-100.3633,45.79855],[-100.36035,45.78437],[-100.33613,45.75298],[-100.33264,45.74586],[-100.31702,45.7258],[-100.30958,45.71291],[-100.30554,45.70171],[-100.30454,45.69162],[-100.30607,45.68371],[-100.31245,45.67393],[-100.33146,45.66367],[-100.35746,45.66001],[-100.38303,45.65941],[-100.40671,45.65397],[-100.41107,45.65122],[-100.41564,45.64332],[-100.41781,45.63071],[-100.4234,45.62048],[-100.4282,45.6047],[-100.43687,45.59338],[-100.43891,45.58839],[-100.45075,45.57899],[-100.45561,45.57069],[-100.46112,45.56831],[-100.46847,45.56999],[-100.46936,45.56903],[-100.47837,45.55006],[-100.47777,45.53983],[-100.47549,45.534],[-100.46923,45.5269],[-100.45312,45.51841],[-100.39802,45.50929],[-100.37054,45.49772],[-100.35838,45.48995],[-100.34621,45.47883],[-100.34428,45.47397],[-100.3444,45.46823],[-100.34082,45.46374],[-100.32976,45.45733],[-100.31756,45.44073],[-100.30366,45.43002],[-100.29295,45.414],[-100.27479,45.39564],[-100.27023,45.38176],[-100.27111,45.37319],[-100.27478,45.36452],[-100.27859,45.35869],[-100.29106,45.35056],[-100.29703,45.34452],[-100.30328,45.34272],[-100.30819,45.33828],[-100.31551,45.32814],[-100.32181,45.32254],[-100.32221,45.31713],[-100.32204,45.31569],[-100.30907,45.31103],[-100.31056,45.30375],[-100.30948,45.29845],[-100.30422,45.29627],[-100.30008,45.28988],[-100.27601,45.27334],[-100.26207,45.25898],[-100.25843,45.24599],[-100.26024,45.23359],[-100.26802,45.21701],[-100.27373,45.20993],[-100.28007,45.19367],[-100.27978,45.18243],[-100.28149,45.17318],[-100.27995,45.17059],[-100.27978,45.16247],[-100.28302,45.15006],[-100.29003,45.13797],[-100.29639,45.13035],[-100.3044,45.1241],[-100.31431,45.11113],[-100.32162,45.08761],[-100.31778,45.07052],[-100.31417,45.06403],[-100.3043,45.0552],[-100.28041,45.03939],[-100.27167,45.02802],[-100.27552,45.02178],[-100.28422,45.01781],[-100.3046,45.01711],[-100.31629,45.01838],[-100.35688,45.02937],[-100.37386,45.02964],[-100.38532,45.02651],[-100.40164,45.01442],[-100.41539,44.99964],[-100.41503,44.99232],[-100.41984,44.96491],[-100.41815,44.95496],[-100.42037,44.94734],[-100.41436,44.92382],[-100.39567,44.89549],[-100.38959,44.88217],[-100.39273,44.86603],[-100.40381,44.85386],[-100.4203,44.84513],[-100.44712,44.83442],[-100.47888,44.8144],[-100.49155,44.80469],[-100.50551,44.78812],[-100.50849,44.78149],[-100.51647,44.77164],[-100.52713,44.76507],[-100.55653,44.75905],[-100.58132,44.76313],[-100.59618,44.76926],[-100.62471,44.79018],[-100.63759,44.80998],[-100.64755,44.82152],[-100.67247,44.82891],[-100.68462,44.82868],[-100.69633,44.8264],[-100.71438,44.81696],[-100.72061,44.80877],[-100.72307,44.79764],[-100.7222,44.77925],[-100.71399,44.77675],[-100.68903,44.76185],[-100.66986,44.75482],[-100.65487,44.74332],[-100.63838,44.73373],[-100.62985,44.7219],[-100.6235,44.68422],[-100.62706,44.67441],[-100.62808,44.64822],[-100.63274,44.6373],[-100.63695,44.61706],[-100.63475,44.6094],[-100.63396,44.59491],[-100.62741,44.58208],[-100.61838,44.57222],[-100.60893,44.56666],[-100.60071,44.56458],[-100.59017,44.56459],[-100.57335,44.56076],[-100.5366,44.55906],[-100.52115,44.55545],[-100.51575,44.54735],[-100.51238,44.53897],[-100.5155,44.5293],[-100.52071,44.52464],[-100.53341,44.51727],[-100.55931,44.51142],[-100.57792,44.50087],[-100.58352,44.48978],[-100.58358,44.4813],[-100.57963,44.47549],[-100.56331,44.46557],[-100.53918,44.46098],[-100.51143,44.46313],[-100.48824,44.46779],[-100.47461,44.46875],[-100.44252,44.46666],[-100.42868,44.4642],[-100.41026,44.46387],[-100.39213,44.45595],[-100.38728,44.44994],[-100.38839,44.44432],[-100.38327,44.43671],[-100.3827,44.4318],[-100.37982,44.42763],[-100.37959,44.4197],[-100.37279,44.38897],[-100.37303,44.37798],[-100.37077,44.37357],[-100.5465,44.16836],[-101.04693,44.16849],[-101.0468,43.99498],[-101.06408,43.99494],[-101.06434,43.8411],[-101.07048,43.84055],[-101.06803,43.84399],[-101.07022,43.84569],[-101.07626,43.84225],[-101.08672,43.84182],[-101.08834,43.84305],[-101.0839,43.8452],[-101.08305,43.8472],[-101.08667,43.8496],[-101.09726,43.84381],[-101.10224,43.84751],[-101.10771,43.8466],[-101.10686,43.84353],[-101.10311,43.8403],[-101.10328,43.83818],[-101.1069,43.83676],[-101.12485,43.84434],[-101.12807,43.84042],[-101.13795,43.84133],[-101.14081,43.83937],[-101.14256,43.83347],[-101.1344,43.83061],[-101.1343,43.82853],[-101.13671,43.82419],[-101.14237,43.82],[-101.15565,43.81676],[-101.16073,43.81765],[-101.16137,43.81924],[-101.15437,43.82065],[-101.15328,43.8239],[-101.1615,43.83004],[-101.16583,43.83024],[-101.1632,43.82546],[-101.16977,43.82245],[-101.17071,43.81595],[-101.16891,43.81016],[-101.17232,43.8069],[-101.17553,43.80747],[-101.1724,43.81138],[-101.17174,43.81624],[-101.17536,43.81848],[-101.17976,43.8186],[-101.18119,43.81374],[-101.17612,43.81507],[-101.17426,43.81397],[-101.17466,43.81244],[-101.17581,43.81139],[-101.17997,43.81289],[-101.18346,43.80501],[-101.18827,43.80456],[-101.19063,43.80267],[-101.19373,43.80357],[-101.19673,43.81044],[-101.20356,43.81279],[-101.20848,43.80996],[-101.20921,43.80603],[-101.21778,43.80385],[-101.216,43.79919],[-101.22825,43.79564],[-101.22802,42.99757],[-100.90555,42.99793],[-100.90546,42.81315],[-100.86621,42.81319],[-100.86641,42.78422],[-100.85086,42.78408],[-100.85125,42.75688],[-100.89309,42.75652],[-100.89282,42.61166],[-100.77492,42.61234],[-100.77691,42.43748],[-100.82885,42.43778],[-100.82933,42.34945],[-100.80984,42.34967],[-100.80925,42.20465],[-100.75086,42.20506],[-100.75095,42.14678],[-100.75265,42.08786],[-100.84614,42.08817],[-100.84247,41.74041],[-100.97319,41.74004],[-101.12545,41.74244],[-101.40648,41.74321],[-101.40727,41.39542],[-101.2697,41.39494],[-101.27039,41.0474],[-101.25017,41.04739],[-101.24768,40.86476],[-101.24797,40.69781],[-101.34537,40.6981],[-101.3428,40.35045],[-101.32336,40.35056],[-101.32505,40.32946],[-101.3254,40.25],[-101.32405,40.0027],[-102.05175,40.00308],[-102.04977,39.56819],[-101.38908,39.56838],[-101.39173,39.13512],[-101.4782,39.13477],[-101.48439,38.70017],[-101.5671,38.69968],[-101.56749,38.26315],[-101.54232,38.26321],[-101.54121,38.01819],[-101.54277,37.8276],[-101.52697,37.82763],[-101.52707,37.73632],[-102.04216,37.73855],[-102.0421,36.99302],[-102.69815,36.99516],[-102.75215,36.99835],[-102.81508,36.99978],[-102.98699,36.99853],[-103.00234,37.00016],[-103.0023,36.50089],[-103.04173,36.50037],[-103.0409,35.89611],[-103.04366,34.00364],[-103.06463,32.9999],[-103.06452,32.00043],[-104.75051,32.00054],[-104.75457,32.00053],[-104.7548,31.99778],[-104.77212,31.99749],[-104.84775,32.00042],[-104.91837,32.00042],[-104.91829,31.81331],[-104.9129,31.62513],[-104.91274,31.50013],[-104.90913,31.24661],[-104.9076,30.83592],[-104.91641,30.83598],[-104.91717,30.66363],[-104.97981,30.62926],[-104.98215,30.63028],[-104.98391,30.63503],[-104.98612,30.66277],[-104.99306,30.66492],[-104.99386,30.66853],[-104.99777,30.669],[-105.00155,30.67271],[-105.00205,30.68088],[-105.00564,30.68308],[-105.00659,30.68607],[-105.01321,30.68257],[-105.01602,30.68288],[-105.01789,30.68509],[-105.02128,30.68151],[-105.02523,30.68129],[-105.02733,30.67889],[-105.03197,30.681],[-105.0361,30.68666],[-105.04083,30.68894],[-105.04272,30.68736],[-105.04537,30.68896],[-105.04717,30.68808],[-105.04444,30.68419],[-105.04569,30.67992],[-105.04833,30.68029],[-105.04842,30.68246],[-105.05532,30.68216],[-105.05428,30.68511],[-105.05671,30.68787],[-105.05905,30.68802],[-105.0593,30.68646],[-105.06177,30.68585],[-105.0634,30.68894],[-105.06169,30.69467],[-105.06256,30.69851],[-105.06689,30.69926],[-105.06824,30.70371],[-105.07007,30.70189],[-105.08095,30.69985],[-105.0808,30.70145],[-105.0826,30.70209],[-105.07939,30.70435],[-105.08024,30.70773],[-105.08336,30.70998],[-105.08747,30.70988],[-105.08762,30.71549],[-105.09107,30.71718],[-105.09819,30.71648],[-105.09963,30.72196],[-105.10556,30.72381],[-105.10332,30.72634],[-105.10338,30.72913],[-105.10662,30.73223],[-105.10711,30.73016],[-105.10881,30.73009],[-105.11183,30.73327],[-105.10982,30.73957],[-105.11222,30.74051],[-105.11095,30.74356],[-105.11394,30.74599],[-105.11695,30.74301],[-105.12045,30.74386],[-105.12086,30.7459],[-105.1183,30.74973],[-105.12767,30.74785],[-105.12961,30.75038],[-105.14074,30.75222],[-105.14378,30.75521],[-105.15199,30.75147],[-105.15686,30.75398],[-105.1614,30.75214],[-105.16131,30.75627],[-105.15785,30.76131],[-105.1562,30.76978],[-105.16282,30.77072],[-105.16709,30.7766],[-105.174,30.76754],[-105.17661,30.76798],[-105.18214,30.77628],[-105.18491,30.77697],[-105.1844,30.78158],[-105.18601,30.78456],[-105.19075,30.7857],[-105.1952,30.79231],[-105.1998,30.78774],[-105.20656,30.78635],[-105.2091,30.78266],[-105.2117,30.78177],[-105.21675,30.78339],[-105.2197,30.78627],[-105.22006,30.7889],[-105.21764,30.79317],[-105.21301,30.79324],[-105.20961,30.79763],[-105.2133,30.80081],[-105.21503,30.8059],[-105.21829,30.80576],[-105.22331,30.80088],[-105.22745,30.7992],[-105.23003,30.80383],[-105.2345,30.80265],[-105.23819,30.80367],[-105.24418,30.79982],[-105.24994,30.79924],[-105.25274,30.79587],[-105.25717,30.79436],[-105.26416,30.80034],[-105.26684,30.80849],[-105.2717,30.80939],[-105.27581,30.80701],[-105.27941,30.8157],[-105.28252,30.81828],[-105.28796,30.81788],[-105.28927,30.82378],[-105.2918,30.8262],[-105.30015,30.82478],[-105.30054,30.8192],[-105.30616,30.80984],[-105.30887,30.81109],[-105.30788,30.81474],[-105.30937,30.81705],[-105.31196,30.8134],[-105.31688,30.81092],[-105.3191,30.81226],[-105.31614,30.81856],[-105.31891,30.82405],[-105.31819,30.82782],[-105.31946,30.82909],[-105.32069,30.82738],[-105.3246,30.82831],[-105.32705,30.82471],[-105.32931,30.82498],[-105.3302,30.82614],[-105.32783,30.83109],[-105.3372,30.83349],[-105.3393,30.84048],[-105.34576,30.84062],[-105.35197,30.83555],[-105.35445,30.83779],[-105.35319,30.84203],[-105.35973,30.84595],[-105.3616,30.85055],[-105.37051,30.84751],[-105.37506,30.84997],[-105.37764,30.84882],[-105.37708,30.85127],[-105.3799,30.85062],[-105.38327,30.85211],[-105.38471,30.8505],[-105.38733,30.85374],[-105.39196,30.8506],[-105.39403,30.85092],[-105.39463,30.84903],[-105.39985,30.85208],[-105.40165,30.85466],[-105.39928,30.85774],[-105.39496,30.85976],[-105.39441,30.86311],[-105.396,30.86431],[-105.39365,30.86694],[-105.39497,30.8712],[-105.39131,30.87386],[-105.39364,30.87639],[-105.39995,30.87668],[-105.40431,30.87968],[-105.39914,30.88426],[-105.40019,30.88939],[-105.40377,30.89211],[-105.4121,30.88857],[-105.41056,30.89205],[-105.41381,30.89957],[-105.42583,30.9004],[-105.43015,30.90561],[-105.44117,30.90845],[-105.44478,30.91334],[-105.44557,30.91613],[-105.44433,30.91726],[-105.44639,30.91936],[-105.45136,30.91573],[-105.45316,30.91621],[-105.4544,30.91935],[-105.45146,30.92105],[-105.45161,30.92483],[-105.46484,30.92586],[-105.46678,30.92428],[-105.46756,30.92967],[-105.4708,30.93124],[-105.4708,30.93372],[-105.47593,30.93382],[-105.47976,30.93954],[-105.48637,30.94263],[-105.48874,30.94082],[-105.49166,30.94241],[-105.49136,30.94381],[-105.48869,30.94252],[-105.48812,30.94373],[-105.49374,30.94947],[-105.49888,30.95042],[-105.49682,30.95543],[-105.4939,30.95643],[-105.50198,30.96774],[-105.51573,30.96486],[-105.5169,30.96943],[-105.52181,30.97629],[-105.52709,30.97818],[-105.53269,30.9847],[-105.53805,30.98574],[-105.54303,30.98465],[-105.55724,30.98968],[-105.57011,31.00821],[-105.56877,31.01461],[-105.57054,31.01801],[-105.57802,31.02008],[-105.58126,31.02666],[-105.57953,31.0357],[-105.585,31.05697],[-105.59601,31.06529],[-105.59838,31.07432],[-105.60448,31.08375],[-105.62711,31.09841],[-105.64184,31.09834],[-105.6465,31.11309],[-105.64885,31.11588],[-105.71054,31.13698],[-105.71711,31.14154],[-105.71928,31.1489],[-105.74194,31.16461],[-105.76338,31.16413],[-105.773,31.16671],[-105.7758,31.17583],[-105.78004,31.18275],[-105.77949,31.19023],[-105.78281,31.19746],[-105.7943,31.20229],[-105.81839,31.23015],[-105.8364,31.24773],[-105.85034,31.26497],[-105.85382,31.27253],[-105.8693,31.28896],[-105.8764,31.29167],[-105.89416,31.29075],[-105.9074,31.31222],[-105.93159,31.31279],[-105.9379,31.31823],[-105.94776,31.33959],[-105.94574,31.35296],[-105.9538,31.36475],[-105.97006,31.36598],[-106.00493,31.39246],[-106.07532,31.39762],[-106.08167,31.39923],[-106.10862,31.42238],[-106.1323,31.42509],[-106.15694,31.43737],[-106.17563,31.45521],[-106.20013,31.46242],[-106.20764,31.46711],[-106.21908,31.48029],[-106.22477,31.50093],[-106.23723,31.51386],[-106.24658,31.54167],[-106.25475,31.54805],[-106.2808,31.5621],[-106.28875,31.58716],[-106.3009,31.60963],[-106.30344,31.6222],[-106.33444,31.66356],[-106.34957,31.69672],[-106.37238,31.71257],[-106.37805,31.72832],[-106.38108,31.73209],[-106.41569,31.7509],[-106.43573,31.75528],[-106.45144,31.76443],[-106.46757,31.75922],[-106.47322,31.7505],[-106.48465,31.74781],[-106.48955,31.74841],[-106.50583,31.76048],[-106.51007,31.76126],[-106.5137,31.77072],[-106.52217,31.77486],[-106.52851,31.7815],[-106.52806,31.7839],[-108.20849,31.7837],[-108.20848,31.33338],[-109.03576,31.33233],[-109.7663,31.33436],[-110.50221,31.33284],[-110.84776,31.33374],[-111.07499,31.33235],[-111.65707,31.51866],[-112.23806,31.70138],[-112.71859,31.8498],[-113.15534,31.98251],[-113.65479,32.13965],[-114.08693,32.27355],[-114.8137,32.49407],[-114.8124,32.50034],[-114.81617,32.5083],[-114.80749,32.5089],[-114.80334,32.51087],[-114.80201,32.51363],[-114.80325,32.51646],[-114.81023,32.51831],[-114.81047,32.52212],[-114.81318,32.52451],[-114.80199,32.53633],[-114.80181,32.53975],[-114.80458,32.54175],[-114.80569,32.54634],[-114.79394,32.55199],[-114.79142,32.55647],[-114.79282,32.56953],[-114.79729,32.5648],[-114.8065,32.55925],[-114.81147,32.55912],[-114.81395,32.56222],[-114.81293,32.56885],[-114.80358,32.57353],[-114.80156,32.57641],[-114.80137,32.57894],[-114.80396,32.582],[-114.79941,32.59262],[-114.80176,32.59937],[-114.80644,32.6011],[-114.80784,32.60323],[-114.80945,32.61599],[-114.80845,32.61943],[-114.8067,32.62208],[-114.79976,32.6253],[-114.79173,32.62197],[-114.78274,32.62434],[-114.78059,32.63215],[-114.7638,32.64341],[-114.76456,32.64984],[-114.74861,32.66304],[-114.74451,32.67847],[-114.7318,32.69545],[-114.72977,32.70471],[-114.72241,32.7133],[-114.71453,32.73039],[-114.70909,32.73546],[-114.70295,32.7448],[-114.69926,32.7451],[-114.68824,32.73753],[-114.61741,32.72826],[-114.61568,32.72846],[-114.61512,32.73452],[-114.5818,32.73495],[-114.58175,32.74232],[-114.56452,32.74228],[-114.56446,32.74956],[-114.53924,32.74982],[-114.5391,32.75695],[-114.52687,32.7571],[-114.52845,32.76728],[-114.53244,32.77693],[-114.53168,32.79119],[-114.52964,32.79548],[-114.52204,32.80168],[-114.51034,32.81649],[-114.49413,32.82329],[-114.46898,32.84516],[-114.46294,32.90795],[-114.46446,32.91313],[-114.47665,32.92363],[-114.48094,32.93628],[-114.46855,32.95393],[-114.46729,32.96018],[-114.46839,32.97075],[-114.47052,32.97386],[-114.47518,32.97516],[-114.48864,32.96995],[-114.49295,32.97179],[-114.49981,33.00391],[-114.50637,33.01741],[-114.51135,33.02346],[-114.52359,33.03096],[-114.57166,33.03663],[-114.5783,33.03538],[-114.58478,33.02823],[-114.58979,33.02623],[-114.60103,33.02541],[-114.6188,33.02721],[-114.62831,33.03105],[-114.63956,33.04529],[-114.64599,33.04891],[-114.64901,33.04677],[-114.65784,33.03383],[-114.66233,33.03267],[-114.67081,33.03799],[-114.67367,33.0419],[-114.67511,33.04753],[-114.67431,33.05717],[-114.687,33.07097],[-114.68913,33.07613],[-114.68903,33.08404],[-114.7065,33.08816],[-114.70791,33.09744],[-114.70369,33.11377],[-114.69693,33.13112],[-114.68742,33.14199],[-114.67996,33.15906],[-114.6809,33.16908],[-114.67537,33.18549],[-114.67876,33.20345],[-114.67364,33.22313],[-114.68955,33.24643],[-114.6745,33.2556],[-114.6721,33.2585],[-114.67704,33.27017],[-114.68052,33.27358],[-114.69446,33.27979],[-114.72168,33.28699],[-114.73123,33.30244],[-114.72992,33.30575],[-114.72363,33.31211],[-114.70788,33.32332],[-114.70095,33.33702],[-114.69805,33.35245],[-114.69907,33.36115],[-114.70736,33.37663],[-114.70732,33.38254],[-114.72426,33.40042],[-114.72529,33.40505],[-114.72008,33.4079],[-114.7018,33.40838],[-114.69772,33.41095],[-114.69567,33.41513],[-114.68796,33.41794],[-114.6737,33.41916],[-114.65675,33.41282],[-114.64955,33.41364],[-114.64331,33.41675],[-114.62965,33.42814],[-114.62229,33.44756],[-114.62293,33.45657],[-114.61248,33.47077],[-114.60171,33.4814],[-114.59238,33.49868],[-114.58048,33.50647],[-114.56954,33.50922],[-114.56097,33.51674],[-114.55891,33.53182],[-114.52423,33.55307],[-114.52823,33.55932],[-114.53162,33.56171],[-114.5368,33.57096],[-114.54031,33.58062],[-114.54063,33.59142],[-114.5292,33.60666],[-114.52186,33.61255],[-114.53123,33.62392],[-114.53105,33.62822],[-114.52638,33.63026],[-114.52381,33.63471],[-114.52541,33.64067],[-114.53323,33.64845],[-114.53321,33.65167],[-114.53059,33.65447],[-114.51835,33.65593],[-114.51457,33.65802],[-114.51407,33.66018],[-114.51712,33.66288],[-114.52645,33.66389],[-114.53028,33.66683],[-114.53213,33.66971],[-114.53153,33.67511],[-114.53036,33.67925],[-114.52397,33.68588],[-114.4965,33.69691],[-114.49421,33.70793],[-114.49658,33.71916],[-114.5008,33.72221],[-114.50419,33.72806],[-114.51236,33.73422],[-114.50449,33.751],[-114.50487,33.76047],[-114.51675,33.78835],[-114.51895,33.79731],[-114.52806,33.81497],[-114.52273,33.81898],[-114.51998,33.82539],[-114.52961,33.84807],[-114.52989,33.85757],[-114.5243,33.86014],[-114.51468,33.85864],[-114.50565,33.86428],[-114.50303,33.868],[-114.50435,33.87689],[-114.52278,33.89259],[-114.52588,33.90101],[-114.51373,33.89796],[-114.50872,33.90065],[-114.50793,33.90381],[-114.51152,33.9111],[-114.51845,33.91752],[-114.52537,33.92228],[-114.53496,33.92571],[-114.53549,33.93466],[-114.52869,33.94782],[-114.52201,33.95563],[-114.51587,33.95811],[-114.50958,33.95727],[-114.49989,33.96179],[-114.4848,33.97552],[-114.48147,33.98127],[-114.47115,33.98805],[-114.46794,33.99288],[-114.45927,33.99472],[-114.45804,33.99716],[-114.4592,34.00002],[-114.46732,34.0052],[-114.46588,34.01099],[-114.46335,34.01226],[-114.45482,34.01097],[-114.45022,34.01258],[-114.44383,34.01618],[-114.43828,34.02261],[-114.43496,34.03779],[-114.43935,34.0579],[-114.43419,34.08738],[-114.41592,34.10764],[-114.40593,34.11147],[-114.39058,34.11009],[-114.37923,34.116],[-114.36653,34.11858],[-114.36041,34.12358],[-114.35304,34.13313],[-114.34806,34.13446],[-114.33612,34.13404],[-114.32079,34.13864],[-114.31222,34.14478],[-114.29282,34.16673],[-114.28731,34.17053],[-114.27528,34.17215],[-114.26847,34.17018],[-114.25705,34.17284],[-114.24443,34.17941],[-114.24072,34.18324],[-114.22973,34.18693],[-114.22705,34.18887],[-114.22495,34.1939],[-114.22521,34.20365],[-114.21177,34.21154],[-114.19089,34.23086],[-114.17806,34.23997],[-114.17461,34.24731],[-114.16614,34.25002],[-114.16388,34.25335],[-114.16466,34.2597],[-114.15336,34.25829],[-114.14479,34.25963],[-114.13546,34.25789],[-114.1315,34.26039],[-114.13122,34.26274],[-114.13668,34.27438],[-114.13606,34.28084],[-114.13955,34.29585],[-114.13829,34.30324],[-114.15722,34.31787],[-114.16882,34.33952],[-114.17692,34.34931],[-114.19949,34.36138],[-114.21379,34.36247],[-114.22612,34.36592],[-114.2297,34.36891],[-114.23429,34.37667],[-114.25275,34.39011],[-114.26433,34.40133],[-114.28012,34.40315],[-114.28867,34.40663],[-114.29176,34.41111],[-114.29224,34.41761],[-114.29485,34.42139],[-114.30103,34.42681],[-114.31226,34.43273],[-114.32614,34.43726],[-114.33068,34.4453],[-114.33538,34.45004],[-114.34263,34.45145],[-114.37373,34.44694],[-114.38671,34.45792],[-114.3872,34.46203],[-114.38171,34.47605],[-114.38237,34.49576],[-114.37814,34.50729],[-114.37823,34.51653],[-114.38085,34.52973],[-114.40524,34.56964],[-114.42239,34.58072],[-114.43682,34.59608],[-114.42535,34.60085],[-114.42421,34.61046],[-114.43875,34.62146],[-114.44141,34.63018],[-114.44031,34.63825],[-114.44148,34.64254],[-114.44956,34.65143],[-114.458,34.65712],[-114.45771,34.65933],[-114.4518,34.6639],[-114.45052,34.66684],[-114.45432,34.67124],[-114.45555,34.67734],[-114.46526,34.69121],[-114.47049,34.71137],[-114.47369,34.71397],[-114.48279,34.71452],[-114.48752,34.71663],[-114.49203,34.72571],[-114.51663,34.73675],[-114.52963,34.75083],[-114.55269,34.76688],[-114.55866,34.77386],[-114.57102,34.7943],[-114.57646,34.81531],[-114.58685,34.83568],[-114.60066,34.84737],[-114.62395,34.85974],[-114.63069,34.86636],[-114.63519,34.87501],[-114.63674,34.88911],[-114.63089,34.90727],[-114.63326,34.92461],[-114.62976,34.93869],[-114.62982,34.94482],[-114.63496,34.95892],[-114.63525,34.96515],[-114.62914,34.98614],[-114.63026,34.99465],[-114.63708,35.01038],[-114.63754,35.02706],[-114.62904,35.04254],[-114.60671,35.05895],[-114.60292,35.06859],[-114.60475,35.07484],[-114.61314,35.0831],[-114.62253,35.08871],[-114.64284,35.09651],[-114.64678,35.10187],[-114.64437,35.10591],[-114.63229,35.11709],[-114.62377,35.12061],[-114.629,35.11942],[-114.61871,35.12175],[-114.59781,35.12174],[-114.58489,35.1252],[-114.57827,35.12882],[-114.57261,35.13956],[-114.57389,35.14536],[-114.56954,35.16232],[-114.56927,35.18343],[-114.5721,35.2008],[-114.57497,35.20672],[-114.57955,35.20892],[-114.58032,35.2201],[-114.58353,35.23035],[-114.58285,35.23871],[-114.58606,35.2489],[-114.58662,35.26239],[-114.59669,35.29456],[-114.59556,35.32655],[-114.60462,35.35524],[-114.61122,35.37012],[-114.61771,35.38014],[-114.6209,35.39687],[-114.62678,35.40965],[-114.65209,35.43014],[-114.65431,35.43686],[-114.66291,35.44645],[-114.66423,35.45585],[-114.66723,35.46038],[-114.66566,35.46692],[-114.67318,35.47482],[-114.67192,35.48209],[-114.67683,35.48979],[-114.67627,35.49311],[-114.67865,35.49763],[-114.67749,35.51095],[-114.6757,35.51564],[-114.66955,35.5208],[-114.66461,35.52152],[-114.65776,35.53075],[-114.65678,35.53497],[-114.66147,35.54407],[-114.66282,35.56427],[-114.66444,35.56843],[-114.6684,35.57434],[-114.67568,35.58004],[-114.65925,35.58748],[-114.65391,35.5985],[-114.65355,35.60968],[-114.65947,35.61956],[-114.66669,35.62308],[-114.67763,35.64178],[-114.68952,35.65143],[-114.69023,35.66516],[-114.68233,35.67783],[-114.68064,35.68405],[-114.68267,35.68858],[-114.70143,35.70109],[-114.70561,35.70828],[-114.69787,35.73166],[-114.69641,35.74266],[-114.69774,35.75097],[-114.69428,35.75664],[-114.70104,35.76969],[-114.69933,35.79049],[-114.71204,35.80553],[-114.70934,35.81006],[-114.70368,35.81462],[-114.69529,35.8311],[-114.7063,35.84622],[-114.70587,35.85051],[-114.70192,35.85323],[-114.69438,35.85447],[-114.69147,35.85867],[-114.68781,35.86073],[-114.66969,35.86504],[-114.66165,35.87124],[-114.66323,35.8737],[-114.67202,35.87802],[-114.67898,35.88552],[-114.69608,35.89647],[-114.69494,35.8976],[-114.70027,35.90176],[-114.70573,35.90932],[-114.70812,35.90994],[-114.7092,35.91683],[-114.70741,35.91806],[-114.70761,35.92796],[-114.71342,35.93191],[-114.71332,35.93385],[-114.72977,35.9599],[-114.72868,35.96176],[-114.74055,35.97555],[-114.74365,35.98579],[-114.73933,35.99181],[-114.74302,36.00846],[-114.73857,36.01523],[-114.72889,36.02139],[-114.72211,36.02896],[-114.73343,36.03792],[-114.74127,36.03805],[-114.74249,36.0457],[-114.73571,36.0534],[-114.7353,36.05665],[-114.74007,36.06244],[-114.74355,36.07104],[-114.7489,36.07499],[-114.75058,36.08034],[-114.75469,36.08506],[-114.74892,36.09519],[-114.73487,36.10443],[-114.70375,36.10835],[-114.69367,36.11249],[-114.68186,36.1092],[-114.67188,36.11597],[-114.66435,36.11631],[-114.65552,36.12619],[-114.64014,36.13513],[-114.63582,36.13618],[-114.63049,36.14222],[-114.62709,36.14077],[-114.62062,36.13176],[-114.61547,36.12966],[-114.6093,36.13223],[-114.59649,36.14154],[-114.58072,36.14599],[-114.5711,36.1511],[-114.56118,36.15093],[-114.55617,36.15248],[-114.54875,36.1507],[-114.53924,36.15177],[-114.5311,36.14765],[-114.51123,36.15058],[-114.50812,36.14972],[-114.50025,36.14323],[-114.50035,36.14071],[-114.50516,36.13808],[-114.50922,36.13325],[-114.50848,36.12992],[-114.50473,36.12719],[-114.49886,36.12662],[-114.48384,36.12973],[-114.46869,36.13889],[-114.46261,36.13965],[-114.4565,36.13804],[-114.45134,36.12984],[-114.44505,36.12535],[-114.42313,36.13736],[-114.4125,36.14652],[-114.40229,36.14651],[-114.38149,36.14135],[-114.37376,36.14373],[-114.37019,36.14263],[-114.36064,36.12942],[-114.34511,36.11856],[-114.33464,36.10679],[-114.32583,36.10394],[-114.32088,36.09647],[-114.30695,36.08249],[-114.3044,36.07402],[-114.31243,36.06612],[-114.31434,36.06202],[-114.3136,36.05905],[-114.30864,36.05698],[-114.2986,36.05727],[-114.288,36.04908],[-114.27965,36.04611],[-114.27087,36.04553],[-114.2686,36.03504],[-114.26439,36.02792],[-114.24388,36.01527],[-114.23345,36.01284],[-114.22803,36.01474],[-114.22481,36.0137],[-114.21194,36.01484],[-114.19123,36.02002],[-114.17469,36.02668],[-114.16441,36.02686],[-114.1514,36.02314],[-114.14592,36.02723],[-114.14468,36.03428],[-114.13712,36.0385],[-114.13485,36.04388],[-114.13622,36.05324],[-114.1334,36.06167],[-114.12403,36.07557],[-114.11966,36.08583],[-114.11231,36.09406],[-114.11191,36.09585],[-114.11522,36.09988],[-114.12104,36.10389],[-114.12088,36.11086],[-114.11851,36.11391],[-114.10839,36.11916],[-114.09701,36.12083],[-114.09171,36.13731],[-114.08125,36.15021],[-114.07884,36.15744],[-114.06681,36.17909],[-114.05867,36.18784],[-114.04396,36.19336],[-114.04557,36.28884],[-114.04406,36.31763],[-114.04285,36.44818],[-114.04566,36.5211],[-114.05034,36.7529],[-114.05008,37.0141],[-114.05255,37.11289],[-114.05164,37.30391],[-114.0529,37.56086],[-114.05167,37.7515],[-114.04831,37.80943],[-114.04962,37.82355],[-114.05051,37.95335],[-114.04934,38.26607],[-114.05053,38.49612],[-114.04611,40.40185],[-114.04377,40.72604],[-114.11286,40.72549],[-114.11303,40.74919],[-114.11299,40.75567],[-114.04341,40.75556],[-114.03947,41.71888],[-114.04149,41.99388],[-114.59828,41.99452],[-114.8235,42.00185],[-115.01577,41.99656],[-115.09244,41.99612],[-115.62593,41.99742],[-116.04539,41.99634],[-116.18945,41.9977],[-116.36849,41.99629],[-117.00808,41.99875],[-117.02621,41.9999],[-117.02645,42.45287],[-117.70197,42.453],[-118.21462,42.45075],[-118.21685,42.91471],[-118.22881,42.91463],[-118.22808,43.34897],[-118.23202,43.34896],[-118.23241,43.61227],[-118.23211,43.77083],[-118.23174,43.77922],[-118.22812,43.7792],[-118.22757,44.0544],[-118.22886,44.21256],[-118.23392,44.21255],[-118.23223,44.25613],[-118.19336,44.25621],[-118.19342,44.27071],[-118.15296,44.27069],[-118.15247,44.29951],[-118.13215,44.29949],[-118.13236,44.31432],[-118.11211,44.31428],[-118.11208,44.32876],[-118.09214,44.32874],[-118.0921,44.34321],[-118.08705,44.34319],[-118.08703,44.35765],[-118.07189,44.35757],[-118.07193,44.37201],[-118.05192,44.37201],[-118.05197,44.39004],[-118.03182,44.38996],[-118.03168,44.4152],[-118.0115,44.41517],[-118.01142,44.42962],[-117.97196,44.4293],[-117.9718,44.44385],[-117.59086,44.44458],[-117.59087,44.43014],[-117.56963,44.43007],[-117.56968,44.41568],[-117.52937,44.41573],[-117.52942,44.40133],[-117.50922,44.40147],[-117.50923,44.38715],[-117.48676,44.38725],[-117.48703,44.30032],[-117.22006,44.30141],[-117.21681,44.30824],[-117.20334,44.31303],[-117.19635,44.32661],[-117.19156,44.32963],[-117.19011,44.33745],[-117.19616,44.34637],[-117.20268,44.34982],[-117.20698,44.35521],[-117.21692,44.36017],[-117.23513,44.37386],[-117.23784,44.38239],[-117.24304,44.39098],[-117.24269,44.39655],[-117.23485,44.39967],[-117.22699,44.40559],[-117.22299,44.41646],[-117.2193,44.41924],[-117.21509,44.42717],[-117.21658,44.44228],[-117.21465,44.44804],[-117.21527,44.45216],[-117.21703,44.45905],[-117.2204,44.46304],[-117.22156,44.47015],[-117.22538,44.47548],[-117.22509,44.48235],[-117.21639,44.48617],[-117.20895,44.48567],[-117.20025,44.49203],[-117.19251,44.50328],[-117.18977,44.51339],[-117.1816,44.52297],[-117.1672,44.52344],[-117.16105,44.52517],[-117.15242,44.53181],[-117.14926,44.53616],[-117.14417,44.54565],[-117.14294,44.55724],[-117.14795,44.56215],[-117.14827,44.56438],[-117.14605,44.56861],[-117.13398,44.57525],[-117.12477,44.58384],[-117.12528,44.59382],[-117.12054,44.61466],[-117.11477,44.62489],[-117.10824,44.62712],[-117.09823,44.64069],[-117.09822,44.64766],[-117.09498,44.65202],[-117.0968,44.65739],[-117.09588,44.66474],[-117.09124,44.66881],[-117.08081,44.67377],[-117.07859,44.68033],[-117.08079,44.68417],[-117.07913,44.69218],[-117.07415,44.69638],[-117.07223,44.70052],[-117.06384,44.70363],[-117.06181,44.70666],[-117.0627,44.71168],[-117.06047,44.72167],[-117.06229,44.72715],[-117.05832,44.73049],[-117.05022,44.73257],[-117.04819,44.73592],[-117.04783,44.74153],[-117.03828,44.74818],[-117.02943,44.75111],[-117.02001,44.75102],[-117.01382,44.75685],[-116.99892,44.75639],[-116.98675,44.76224],[-116.97092,44.77389],[-116.94901,44.77799],[-116.94331,44.78169],[-116.93471,44.78389],[-116.93071,44.78989],[-116.93381,44.79679],[-116.93111,44.80479],[-116.92211,44.81189],[-116.90579,44.8348],[-116.90016,44.83668],[-116.90019,44.83986],[-116.89626,44.84834],[-116.89863,44.85375],[-116.89641,44.85569],[-116.8899,44.85518],[-116.8836,44.85828],[-116.87715,44.86605],[-116.86535,44.87061],[-116.85705,44.88078],[-116.8573,44.8823],[-116.85244,44.88758],[-116.85239,44.89193],[-116.85053,44.89353],[-116.84891,44.90073],[-116.84294,44.90891],[-116.84212,44.91493],[-116.83897,44.91783],[-116.83848,44.92361],[-116.832,44.93301],[-116.83572,44.94064],[-116.84647,44.95153],[-116.85075,44.95812],[-116.851,44.96156],[-116.84706,44.96537],[-116.83646,44.96925],[-116.82628,44.9825],[-116.82691,44.98388],[-116.83209,44.98446],[-116.83976,44.98307],[-116.84356,44.97541],[-116.84859,44.97172],[-116.85203,44.97204],[-116.858,44.97733],[-116.85677,44.9843],[-116.84464,45.00144],[-116.84513,45.00796],[-116.8472,45.0115],[-116.84481,45.01532],[-116.84796,45.02261],[-116.84133,45.03091],[-116.82515,45.03785],[-116.82093,45.04312],[-116.81433,45.04834],[-116.80859,45.05066],[-116.79734,45.06027],[-116.79089,45.06995],[-116.78372,45.07698],[-116.78355,45.09361],[-116.77486,45.10554],[-116.75466,45.11398],[-116.75285,45.12177],[-116.74687,45.12423],[-116.74555,45.13304],[-116.73331,45.13849],[-116.72962,45.1421],[-116.72803,45.15424],[-116.7242,45.16293],[-116.72422,45.17151],[-116.70955,45.20302],[-116.70856,45.20736],[-116.70976,45.21725],[-116.70412,45.22816],[-116.70272,45.23792],[-116.70371,45.24011],[-116.69878,45.24519],[-116.6914,45.26375],[-116.67451,45.27636],[-116.67218,45.28894],[-116.67466,45.31435],[-116.67381,45.32152],[-116.64126,45.3678],[-116.63236,45.37742],[-116.62306,45.39195],[-116.6234,45.39397],[-116.59746,45.41278],[-116.58821,45.44293],[-116.57683,45.45203],[-116.56826,45.45583],[-116.56399,45.46024],[-116.55484,45.46294],[-116.55499,45.4728],[-116.55882,45.4812],[-116.5531,45.49622],[-116.55349,45.49911],[-116.55715,45.50202],[-116.55748,45.50418],[-116.5555,45.50748],[-116.54385,45.5142],[-116.54042,45.52093],[-116.5355,45.52509],[-116.53174,45.53669],[-116.52722,45.54071],[-116.52659,45.54449],[-116.52345,45.54656],[-116.52419,45.54857],[-116.52858,45.55016],[-116.52833,45.55152],[-116.52075,45.55621],[-116.51176,45.55645],[-116.50698,45.55843],[-116.50346,45.5617],[-116.50277,45.56661],[-116.49029,45.57451],[-116.48298,45.57701],[-116.4812,45.57995],[-116.48363,45.58297],[-116.48218,45.58669],[-116.4717,45.59362],[-116.46365,45.60279],[-116.46352,45.61579],[-116.47289,45.62488],[-116.47125,45.62768],[-116.47211,45.62921],[-116.48282,45.6336],[-116.48251,45.63992],[-116.48775,45.64396],[-116.48728,45.64782],[-116.48883,45.65081],[-116.50544,45.66192],[-116.51769,45.67505],[-116.52397,45.67765],[-116.53541,45.69174],[-116.53821,45.71617],[-116.53571,45.73424],[-116.5481,45.75237],[-116.55946,45.7552],[-116.56735,45.76301],[-116.57514,45.76587],[-116.59422,45.77909],[-116.61695,45.78247],[-116.62376,45.78182],[-116.62698,45.78413],[-116.63205,45.78499],[-116.64636,45.77982],[-116.65964,45.78002],[-116.66528,45.78207],[-116.68083,45.79439],[-116.68702,45.80633],[-116.69344,45.81165],[-116.69721,45.82014],[-116.70343,45.82171],[-116.70976,45.82573],[-116.73579,45.82637],[-116.75394,45.81744],[-116.76256,45.81623],[-116.77424,45.82338],[-116.78215,45.82512],[-116.78908,45.83348],[-116.78781,45.84427],[-116.79495,45.85658],[-116.78906,45.85546],[-116.78035,45.86024],[-116.7687,45.86218],[-116.75991,45.86739],[-116.75079,45.86881],[-116.74457,45.87434],[-116.74275,45.88049],[-116.73047,45.89378],[-116.73125,45.89854],[-116.72981,45.90352],[-116.73573,45.90575],[-116.73596,45.90988],[-116.74656,45.91766],[-116.74911,45.92447],[-116.75411,45.93121],[-116.75508,45.93849],[-116.75696,45.93982],[-116.75529,45.94666],[-116.74984,45.95605],[-116.74903,45.96113],[-116.74509,45.9635],[-116.74374,45.96705],[-116.74059,45.96935],[-116.73397,45.96962],[-116.73013,45.97152],[-116.72962,45.97511],[-116.71894,45.98799],[-116.70295,45.99528],[-116.69829,45.99938],[-116.68473,45.99922],[-116.6714,45.99644],[-116.66259,45.99184],[-116.65752,45.99206],[-116.64703,45.99625],[-116.64302,46.00543],[-116.64744,46.01784],[-116.64906,46.02927],[-116.63835,46.03625],[-116.62471,46.03769],[-116.61966,46.03663],[-116.61381,46.03128],[-116.61258,46.02705],[-116.62157,46.01319],[-116.62086,46.01023],[-116.61655,46.00824],[-116.60319,46.00865],[-116.5909,46.00476],[-116.57602,45.99385],[-116.56952,45.98484],[-116.55285,45.97512],[-116.52428,45.96964],[-116.50853,45.97275],[-116.50262,45.97589],[-116.49137,45.97596],[-116.46777,45.97223],[-116.44776,45.96517],[-116.4434,45.96235],[-116.43891,45.95195],[-116.43694,45.94123],[-116.43742,45.93219],[-116.43502,45.92358],[-116.42926,45.91687],[-116.42825,45.91299],[-116.42279,45.9125],[-116.41191,45.91647],[-116.40958,45.91452],[-116.41138,45.90864],[-116.41081,45.90467],[-116.40567,45.90149],[-116.40088,45.90443],[-116.39574,45.90454],[-116.38199,45.89886],[-116.3586,45.89826],[-116.35469,45.8963],[-116.35169,45.89198],[-116.34789,45.89067],[-116.3291,45.88948],[-116.32554,45.88719],[-116.31898,45.87569],[-116.29616,45.85872],[-116.29912,45.85362],[-116.29611,45.84797],[-116.29994,45.83557],[-116.29995,45.83048],[-116.30359,45.82784],[-116.30451,45.82384],[-116.30734,45.82159],[-116.30719,45.81592],[-116.31483,45.80486],[-116.32065,45.78835],[-116.31835,45.78088],[-116.32427,45.77231],[-116.324,45.7632],[-116.32674,45.75885],[-116.3221,45.75251],[-116.32678,45.74327],[-116.32493,45.74091],[-116.31798,45.73897],[-116.31484,45.7365],[-116.30695,45.73474],[-116.30232,45.72882],[-116.31378,45.72256],[-116.31743,45.71521],[-116.31753,45.69938],[-116.31601,45.69273],[-116.30837,45.685],[-116.30746,45.68127],[-116.30873,45.67968],[-116.31849,45.67702],[-116.31949,45.67016],[-116.31353,45.66541],[-116.30136,45.66408],[-116.29302,45.66927],[-116.28571,45.67138],[-116.28028,45.66588],[-116.28139,45.66387],[-116.29264,45.66286],[-116.29219,45.6529],[-116.29497,45.64932],[-116.29468,45.64546],[-116.28989,45.64445],[-116.2838,45.63862],[-116.28521,45.63263],[-116.29241,45.62769],[-116.30356,45.62768],[-116.30504,45.62489],[-116.29979,45.62152],[-116.28983,45.61911],[-116.27502,45.60947],[-116.27238,45.60656],[-116.27391,45.60261],[-116.27216,45.59959],[-116.29343,45.588],[-116.29596,45.58547],[-116.29584,45.5828],[-116.30267,45.57727],[-116.30566,45.57154],[-116.30465,45.56609],[-116.29903,45.55958],[-116.29888,45.55749],[-116.30495,45.55285],[-116.30641,45.54139],[-116.31261,45.53577],[-116.30468,45.52919],[-116.307,45.51858],[-116.29972,45.51131],[-116.29602,45.51025],[-116.2956,45.50724],[-116.29745,45.50254],[-116.30523,45.49545],[-116.31641,45.49234],[-116.31905,45.48963],[-116.31421,45.47939],[-116.30785,45.47621],[-116.30594,45.47299],[-116.30584,45.46852],[-116.30935,45.46199],[-116.30837,45.45369],[-116.3119,45.44711],[-116.31165,45.44104],[-116.31892,45.43511],[-116.31748,45.43289],[-116.31261,45.43356],[-116.30998,45.4311],[-116.31129,45.42462],[-116.3147,45.41892],[-116.31439,45.41454],[-116.31573,45.41379],[-116.31227,45.41159],[-116.30562,45.41173],[-116.29731,45.42054],[-116.28521,45.42269],[-116.26608,45.41933],[-116.26284,45.41994],[-116.25476,45.41343],[-116.24815,45.41291],[-116.23856,45.40512],[-116.22971,45.40162],[-116.20863,45.39921],[-116.1946,45.40387],[-116.18607,45.41242],[-116.18062,45.41362],[-116.18027,45.41588],[-116.17234,45.41829],[-116.16476,45.41728],[-116.14988,45.42673],[-116.14287,45.42757],[-116.13642,45.42625],[-116.13142,45.42323],[-116.12849,45.41065],[-116.12533,45.40505],[-116.11847,45.40145],[-116.11033,45.4016],[-116.09728,45.40454],[-116.09275,45.40365],[-116.07958,45.41047],[-116.07695,45.41405],[-116.0621,45.41853],[-116.0611,45.42075],[-116.05476,45.42255],[-116.03584,45.42315],[-116.02897,45.42579],[-116.01328,45.42769],[-115.99777,45.42753],[-115.98122,45.43326],[-115.9631,45.44607],[-115.93079,45.45955],[-115.91368,45.45838],[-115.88085,45.46009],[-115.87495,45.45894],[-115.84514,45.46291],[-115.83338,45.46664],[-115.81799,45.46616],[-115.80932,45.46808],[-115.80048,45.46791],[-115.78277,45.46222],[-115.75374,45.44451],[-115.73975,45.44488],[-115.72883,45.44255],[-115.72028,45.44488],[-115.69564,45.44304],[-115.68069,45.4356],[-115.66802,45.43454],[-115.6658,45.4314],[-115.65225,45.42535],[-115.63604,45.41415],[-115.62658,45.40526],[-115.61971,45.40267],[-115.61299,45.39702],[-115.60212,45.39484],[-115.59544,45.39791],[-115.55846,45.38517],[-115.5275,45.38457],[-115.5161,45.38083],[-115.5098,45.37557],[-115.50776,45.3762],[-115.5053,45.38362],[-115.50209,45.38371],[-115.49658,45.38694],[-115.49149,45.39403],[-115.48284,45.39629],[-115.47737,45.39997],[-115.47846,45.40924],[-115.46948,45.41245],[-115.46835,45.4153],[-115.46347,45.41811],[-115.46228,45.42633],[-115.45733,45.43381],[-115.44394,45.43982],[-115.44119,45.44511],[-115.42772,45.45781],[-115.41143,45.46437],[-115.39956,45.46684],[-115.38653,45.47683],[-115.38291,45.47492],[-115.38149,45.47173],[-115.37847,45.4709],[-115.3545,45.47532],[-115.34922,45.47871],[-115.35018,45.48319],[-115.33508,45.48578],[-115.33432,45.49375],[-115.32558,45.50017],[-115.32221,45.51776],[-115.31399,45.52379],[-115.30438,45.52849],[-115.29526,45.53547],[-115.28617,45.53325],[-115.27521,45.5335],[-115.26645,45.53961],[-115.25388,45.53944],[-115.23923,45.55548],[-115.23405,45.55815],[-115.227,45.5584],[-115.22065,45.56356],[-115.21882,45.56804],[-115.21379,45.56973],[-115.18027,45.56595],[-115.16917,45.55909],[-115.16232,45.55076],[-115.15393,45.54916],[-115.11639,45.53149],[-115.10928,45.53036],[-115.09623,45.52496],[-115.09103,45.52033],[-115.08623,45.52031],[-115.07806,45.51667],[-115.0688,45.51777],[-115.06429,45.5101],[-115.05505,45.50848],[-115.04546,45.5133],[-115.03233,45.50683],[-115.01558,45.50718],[-114.99361,45.49572],[-114.98172,45.49266],[-114.97916,45.48715],[-114.97276,45.48305],[-114.96808,45.476],[-114.96119,45.47161],[-114.95973,45.4685],[-114.94733,45.46591],[-114.94201,45.46053],[-114.93537,45.45981],[-114.92527,45.44841],[-114.91519,45.44843],[-114.89962,45.43769],[-114.88983,45.43478],[-114.88579,45.42585],[-114.87291,45.41804],[-114.86504,45.41943],[-114.85933,45.41575],[-114.85128,45.41485],[-114.84074,45.4097],[-114.8303,45.40112],[-114.81271,45.39292],[-114.80493,45.39421],[-114.79152,45.38967],[-114.77043,45.39086],[-114.74976,45.39566],[-114.74377,45.3945],[-114.73467,45.39538],[-114.74133,45.40024],[-114.74267,45.40376],[-114.74733,45.40425],[-114.75159,45.40911],[-114.7632,45.4141],[-114.76486,45.4183],[-114.76823,45.42133],[-114.76417,45.4281],[-114.76876,45.43238],[-114.76914,45.43456],[-114.78901,45.43534],[-114.79359,45.43701],[-114.79528,45.44102],[-114.79271,45.44933],[-114.7932,45.4524],[-114.78767,45.45827],[-114.79039,45.46618],[-114.79448,45.46845],[-114.79862,45.47626],[-114.79464,45.47985],[-114.79663,45.4835],[-114.79377,45.48865],[-114.79326,45.4941],[-114.79806,45.4968],[-114.79318,45.50893],[-114.78766,45.51266],[-114.77832,45.51229],[-114.77439,45.51362],[-114.7696,45.51243],[-114.76131,45.50699],[-114.75589,45.50071],[-114.74622,45.49577],[-114.74329,45.49572],[-114.73416,45.4899],[-114.71861,45.48936],[-114.70524,45.49256],[-114.69054,45.49078],[-114.68064,45.48415],[-114.67913,45.479],[-114.68116,45.47686],[-114.68062,45.47396],[-114.66374,45.47101],[-114.66233,45.47494],[-114.65066,45.48615],[-114.65173,45.49137],[-114.64523,45.49444],[-114.64468,45.4981],[-114.63717,45.50698],[-114.63724,45.51052],[-114.6327,45.5151],[-114.63201,45.51918],[-114.61881,45.5286],[-114.60499,45.53076],[-114.58789,45.53792],[-114.58492,45.5443],[-114.57795,45.54464],[-114.56535,45.55698],[-114.5655,45.56261],[-114.55854,45.56606],[-114.55679,45.57293],[-114.55297,45.57661],[-114.55435,45.58149],[-114.55851,45.58447],[-114.55389,45.58843],[-114.55405,45.5915],[-114.54929,45.59534],[-114.54766,45.59969],[-114.54203,45.60203],[-114.53796,45.6066],[-114.5447,45.61698],[-114.55461,45.61989],[-114.55831,45.6274],[-114.56324,45.63168],[-114.564,45.63763],[-114.56068,45.64025],[-114.55173,45.64242],[-114.54545,45.643],[-114.54169,45.64141],[-114.53969,45.64609],[-114.54132,45.6486],[-114.53951,45.65057],[-114.52889,45.65244],[-114.52194,45.64947],[-114.51507,45.65313],[-114.51274,45.65605],[-114.50766,45.65754],[-114.50638,45.66183],[-114.49955,45.66879],[-114.50229,45.67395],[-114.50147,45.67738],[-114.49904,45.67888],[-114.5012,45.68244],[-114.5151,45.68492],[-114.5014,45.69371],[-114.50075,45.69656],[-114.49658,45.69943],[-114.49516,45.70398],[-114.5042,45.72182],[-114.51538,45.72746],[-114.52054,45.72651],[-114.52667,45.72764],[-114.53565,45.7391],[-114.54786,45.74327],[-114.54576,45.74691],[-114.54733,45.7519],[-114.54452,45.75918],[-114.55126,45.76392],[-114.5583,45.76479],[-114.56648,45.77332],[-114.56246,45.77979],[-114.55702,45.78348],[-114.55563,45.78655],[-114.5441,45.79037],[-114.54498,45.7979],[-114.54143,45.79924],[-114.53762,45.80277],[-114.53714,45.80531],[-114.53104,45.80987],[-114.5302,45.81338],[-114.53262,45.81565],[-114.53103,45.8189],[-114.5115,45.82944],[-114.51646,45.83214],[-114.51739,45.83495],[-114.51514,45.84052],[-114.50966,45.84536],[-114.50361,45.84601],[-114.49901,45.8507],[-114.49225,45.84976],[-114.48711,45.85168],[-114.4749,45.84659],[-114.47199,45.84777],[-114.47034,45.85147],[-114.46499,45.85212],[-114.46156,45.85514],[-114.45369,45.8558],[-114.44638,45.86144],[-114.43773,45.86261],[-114.42407,45.85582],[-114.40967,45.85158],[-114.40483,45.86649],[-114.40593,45.87041],[-114.40393,45.87188],[-114.39607,45.87123],[-114.39294,45.87871],[-114.38986,45.88035],[-114.38788,45.88393],[-114.38762,45.89017],[-114.38893,45.89226],[-114.39372,45.89298],[-114.39516,45.90144],[-114.40411,45.90348],[-114.41358,45.91164],[-114.41618,45.91844],[-114.41488,45.92214],[-114.43141,45.93605],[-114.43153,45.9379],[-114.42607,45.94081],[-114.42492,45.94399],[-114.41498,45.9484],[-114.41118,45.95312],[-114.40693,45.95425],[-114.40254,45.95795],[-114.40144,45.96355],[-114.40614,45.96999],[-114.41079,45.97301],[-114.41177,45.97788],[-114.42136,45.98142],[-114.42886,45.98657],[-114.44851,45.98761],[-114.45366,45.991],[-114.45784,45.99748],[-114.46428,45.99752],[-114.47411,45.99225],[-114.48001,45.99291],[-114.48483,45.99631],[-114.4878,46.00365],[-114.48495,46.00825],[-114.47622,46.01128],[-114.47308,46.01416],[-114.48036,46.03036],[-114.48581,46.03003],[-114.48933,46.02788],[-114.49725,46.02789],[-114.50752,46.03147],[-114.50574,46.03435],[-114.50666,46.03853],[-114.50332,46.04183],[-114.49752,46.04236],[-114.49289,46.0502],[-114.49336,46.05259],[-114.47915,46.05573],[-114.47472,46.05839],[-114.47391,46.06053],[-114.4683,46.0628],[-114.467,46.06579],[-114.47214,46.06921],[-114.47081,46.0745],[-114.47237,46.07681],[-114.46202,46.07859],[-114.45949,46.09394],[-114.46049,46.0978],[-114.46702,46.10454],[-114.4709,46.10562],[-114.47447,46.11311],[-114.48847,46.11299],[-114.49537,46.11768],[-114.50501,46.1184],[-114.52101,46.12512],[-114.51771,46.13559],[-114.5214,46.13646],[-114.52737,46.14542],[-114.52184,46.15077],[-114.51438,46.15398],[-114.51487,46.16769],[-114.5075,46.16464],[-114.4956,46.16796],[-114.48922,46.16767],[-114.48118,46.16215],[-114.47597,46.16061],[-114.45772,46.1702],[-114.44665,46.16791],[-114.4441,46.16928],[-114.44596,46.17391],[-114.44332,46.20306],[-114.4492,46.20923],[-114.45184,46.21486],[-114.44565,46.21975],[-114.448,46.23157],[-114.4521,46.2413],[-114.46828,46.24867],[-114.46485,46.25225],[-114.46781,46.25646],[-114.47073,46.26605],[-114.46493,46.27323],[-114.45367,46.27095],[-114.44113,46.27387],[-114.43275,46.2786],[-114.4273,46.28377],[-114.42742,46.28624],[-114.42545,46.28786],[-114.42825,46.29109],[-114.42994,46.29964],[-114.43219,46.30136],[-114.43345,46.30556],[-114.43165,46.30719],[-114.43006,46.31344],[-114.42253,46.32406],[-114.42194,46.33009],[-114.41404,46.33557],[-114.4122,46.35787],[-114.41026,46.36106],[-114.41026,46.36574],[-114.41455,46.37082],[-114.42246,46.38705],[-114.41563,46.39352],[-114.41005,46.3964],[-114.40856,46.4007],[-114.40135,46.40159],[-114.3997,46.40479],[-114.39351,46.40922],[-114.38486,46.41137],[-114.38367,46.41847],[-114.38492,46.4276],[-114.38297,46.43218],[-114.37884,46.43506],[-114.36843,46.43712],[-114.37235,46.44282],[-114.37621,46.44282],[-114.38441,46.44702],[-114.37944,46.4603],[-114.38315,46.46626],[-114.39467,46.46943],[-114.39556,46.4729],[-114.40069,46.47782],[-114.4009,46.48839],[-114.40311,46.49235],[-114.4032,46.49882],[-114.39993,46.5022],[-114.38401,46.50508],[-114.37561,46.50176],[-114.36801,46.50512],[-114.35835,46.50522],[-114.34835,46.51034],[-114.34706,46.51529],[-114.34265,46.51844],[-114.34295,46.52238],[-114.34776,46.52635],[-114.34924,46.52995],[-114.34882,46.53366],[-114.34391,46.54152],[-114.34521,46.54814],[-114.3479,46.55148],[-114.34265,46.55523],[-114.33936,46.56435],[-114.33175,46.57186],[-114.32965,46.57621],[-114.33411,46.57936],[-114.33957,46.58714],[-114.34421,46.58998],[-114.33257,46.59674],[-114.33027,46.59948],[-114.32996,46.60422],[-114.32255,46.6109],[-114.32807,46.61976],[-114.32452,46.62194],[-114.32216,46.62585],[-114.32237,46.63389],[-114.32032,46.63827],[-114.32293,46.64294],[-114.32076,46.64707],[-114.32463,46.65342],[-114.33314,46.66095],[-114.35301,46.66356],[-114.35759,46.66815],[-114.35824,46.67114],[-114.36229,46.66852],[-114.37807,46.66714],[-114.38374,46.66246],[-114.3893,46.66477],[-114.39453,46.66492],[-114.40387,46.65949],[-114.40959,46.66225],[-114.41213,46.65683],[-114.42461,46.66067],[-114.44901,46.64954],[-114.45349,46.64922],[-114.45455,46.64427],[-114.45265,46.64157],[-114.46685,46.63181],[-114.48753,46.63317],[-114.49763,46.63747],[-114.50107,46.64136],[-114.51005,46.63921],[-114.52386,46.64059],[-114.54184,46.65],[-114.54705,46.64469],[-114.55748,46.64406],[-114.5632,46.64083],[-114.57058,46.64331],[-114.58288,46.63337],[-114.58898,46.63518],[-114.59378,46.63295],[-114.59976,46.6363],[-114.60575,46.63591],[-114.61499,46.63998],[-114.61628,46.64374],[-114.61167,46.64746],[-114.61207,46.65068],[-114.61532,46.65243],[-114.61458,46.65508],[-114.62104,46.65799],[-114.63579,46.65948],[-114.63991,46.66562],[-114.63338,46.66967],[-114.63315,46.67182],[-114.64258,46.67292],[-114.64026,46.67532],[-114.64146,46.6795],[-114.63185,46.68395],[-114.62356,46.69094],[-114.62292,46.69445],[-114.6247,46.69612],[-114.6208,46.70727],[-114.62374,46.70908],[-114.62495,46.71226],[-114.63384,46.71579],[-114.63929,46.72179],[-114.64464,46.72284],[-114.64597,46.72901],[-114.64843,46.73232],[-114.65959,46.73476],[-114.66539,46.73924],[-114.67194,46.73658],[-114.68174,46.7389],[-114.68863,46.73646],[-114.69861,46.74046],[-114.70103,46.73661],[-114.70005,46.73367],[-114.70896,46.72688],[-114.70781,46.7239],[-114.71044,46.71771],[-114.71306,46.71543],[-114.7168,46.71406],[-114.72746,46.71461],[-114.73979,46.71195],[-114.74748,46.70295],[-114.74849,46.69856],[-114.75221,46.69715],[-114.7668,46.69691],[-114.76953,46.69992],[-114.76856,46.70477],[-114.78188,46.70684],[-114.78844,46.71278],[-114.78656,46.7163],[-114.78209,46.71951],[-114.78277,46.72636],[-114.77965,46.7286],[-114.77917,46.73102],[-114.77375,46.73176],[-114.76997,46.73505],[-114.76525,46.7454],[-114.7683,46.74816],[-114.76586,46.75125],[-114.76735,46.75384],[-114.7651,46.75816],[-114.77355,46.76209],[-114.77432,46.76581],[-114.7789,46.76685],[-114.77968,46.76873],[-114.78365,46.76867],[-114.78644,46.77789],[-114.78485,46.78003],[-114.78751,46.78278],[-114.78956,46.77912],[-114.79876,46.77584],[-114.8084,46.78238],[-114.81889,46.78125],[-114.82912,46.78263],[-114.83666,46.7925],[-114.8448,46.79431],[-114.85015,46.79906],[-114.85692,46.80165],[-114.86062,46.80571],[-114.86116,46.81164],[-114.86579,46.81454],[-114.88696,46.80955],[-114.89074,46.80296],[-114.8952,46.80164],[-114.89653,46.80727],[-114.89858,46.80896],[-114.89482,46.81732],[-114.89846,46.82236],[-114.90629,46.82237],[-114.92074,46.82709],[-114.92473,46.83346],[-114.9273,46.83341],[-114.92875,46.83522],[-114.92678,46.83879],[-114.92868,46.84364],[-114.924,46.84816],[-114.9287,46.85477],[-114.9421,46.85656],[-114.94827,46.86002],[-114.94458,46.86786],[-114.93963,46.86889],[-114.93143,46.877],[-114.93235,46.88751],[-114.93572,46.89211],[-114.93512,46.89489],[-114.93675,46.89729],[-114.93354,46.90359],[-114.93106,46.90409],[-114.92935,46.9099],[-114.92184,46.91271],[-114.92516,46.91869],[-114.93567,46.91985],[-114.94194,46.92408],[-114.96061,46.93002],[-114.95881,46.93363],[-114.96456,46.93808],[-114.97108,46.93899],[-114.98041,46.94739],[-114.98613,46.94974],[-114.9857,46.95395],[-114.99005,46.95643],[-114.9934,46.95961],[-114.99393,46.96223],[-115.00092,46.96771],[-115.00129,46.97191],[-115.02861,46.97568],[-115.03137,46.97173],[-115.0488,46.97004],[-115.05197,46.97491],[-115.05068,46.97556],[-115.04996,46.98106],[-115.05674,46.98485],[-115.06115,46.99194],[-115.06779,46.99522],[-115.06515,47.00017],[-115.07278,47.01291],[-115.06943,47.01501],[-115.07228,47.02349],[-115.07169,47.02637],[-115.07568,47.02586],[-115.07981,47.02825],[-115.08187,47.03819],[-115.08838,47.04113],[-115.08744,47.04572],[-115.09802,47.04859],[-115.10196,47.04743],[-115.1058,47.04842],[-115.10789,47.0517],[-115.12091,47.06182],[-115.1225,47.06589],[-115.1267,47.06609],[-115.13115,47.06896],[-115.13493,47.07568],[-115.13963,47.08003],[-115.14269,47.09147],[-115.14018,47.09662],[-115.14414,47.10192],[-115.14727,47.10329],[-115.15003,47.10172],[-115.16014,47.10211],[-115.17167,47.10679],[-115.17352,47.10972],[-115.17292,47.11225],[-115.17878,47.11744],[-115.17931,47.12038],[-115.18361,47.12168],[-115.18628,47.12437],[-115.186,47.12941],[-115.19824,47.13713],[-115.19905,47.13989],[-115.21254,47.142],[-115.22191,47.149],[-115.24463,47.15132],[-115.24935,47.15967],[-115.25548,47.1637],[-115.25621,47.17498],[-115.26184,47.18144],[-115.28686,47.18349],[-115.29098,47.18682],[-115.30059,47.18834],[-115.30124,47.19346],[-115.29911,47.19884],[-115.296,47.20566],[-115.29154,47.21086],[-115.29411,47.21446],[-115.29494,47.22028],[-115.2988,47.22551],[-115.31583,47.23281],[-115.32049,47.2422],[-115.32438,47.24473],[-115.3184,47.2519],[-115.3198,47.25669],[-115.32401,47.25646],[-115.34045,47.26288],[-115.34799,47.2604],[-115.35386,47.26215],[-115.35923,47.25965],[-115.36534,47.26141],[-115.37093,47.26519],[-115.37771,47.26484],[-115.38468,47.26781],[-115.39213,47.26538],[-115.4116,47.26438],[-115.41512,47.26866],[-115.4214,47.27202],[-115.42049,47.27748],[-115.42598,47.28028],[-115.43648,47.28044],[-115.4447,47.27703],[-115.44965,47.2784],[-115.45592,47.27762],[-115.45727,47.27833],[-115.45774,47.28241],[-115.46583,47.28748],[-115.48228,47.28145],[-115.49085,47.28949],[-115.50348,47.29072],[-115.5146,47.29657],[-115.52852,47.29925],[-115.52792,47.30903],[-115.53708,47.31784],[-115.54089,47.3246],[-115.53885,47.32907],[-115.55049,47.33427],[-115.54885,47.34696],[-115.55078,47.34969],[-115.55686,47.35393],[-115.56417,47.35225],[-115.57118,47.35568],[-115.57514,47.35591],[-115.57834,47.36074],[-115.57605,47.36533],[-115.57765,47.36741],[-115.59579,47.37173],[-115.60193,47.3775],[-115.61726,47.38253],[-115.63092,47.37919],[-115.63663,47.37974],[-115.64342,47.37735],[-115.64843,47.38244],[-115.64631,47.38778],[-115.64997,47.39234],[-115.65561,47.39421],[-115.6575,47.40046],[-115.66337,47.40289],[-115.66795,47.40113],[-115.67758,47.40179],[-115.67526,47.4094],[-115.68562,47.41116],[-115.69206,47.41535],[-115.6974,47.41545],[-115.69958,47.41728],[-115.70323,47.41557],[-115.71227,47.41545],[-115.71692,47.41995],[-115.72085,47.42108],[-115.72113,47.4257],[-115.73319,47.42489],[-115.73872,47.42643],[-115.74272,47.42356],[-115.75082,47.42212],[-115.75932,47.42387],[-115.75701,47.42878],[-115.75243,47.43216],[-115.75146,47.43677],[-115.74745,47.44205],[-115.73109,47.44487],[-115.71611,47.45289],[-115.70213,47.45251],[-115.69376,47.45463],[-115.69122,47.45721],[-115.68252,47.45693],[-115.67563,47.45322],[-115.64647,47.45684],[-115.64018,47.45969],[-115.6376,47.46283],[-115.6295,47.47962],[-115.63462,47.48162],[-115.64826,47.47773],[-115.66104,47.47785],[-115.66204,47.48314],[-115.66793,47.48883],[-115.68053,47.48573],[-115.68259,47.48397],[-115.68628,47.48495],[-115.69004,47.50077],[-115.69865,47.50228],[-115.70842,47.51515],[-115.71141,47.51678],[-115.71114,47.52343],[-115.69541,47.52772],[-115.69833,47.53138],[-115.70208,47.53422],[-115.70645,47.53501],[-115.71138,47.53238],[-115.71712,47.53423],[-115.72513,47.53413],[-115.73645,47.5398],[-115.74234,47.53833],[-115.75181,47.54199],[-115.75563,47.54794],[-115.75453,47.55246],[-115.7447,47.55855],[-115.74097,47.56345],[-115.73071,47.56959],[-115.72376,47.5706],[-115.72121,47.57626],[-115.70605,47.57763],[-115.7048,47.58505],[-115.68777,47.59531],[-115.69175,47.59725],[-115.69284,47.6018],[-115.69701,47.60356],[-115.69846,47.60659],[-115.69876,47.61198],[-115.69191,47.61724],[-115.69352,47.6182],[-115.69446,47.62377],[-115.70769,47.63472],[-115.72988,47.64193],[-115.73652,47.65382],[-115.73142,47.6617],[-115.73219,47.66822],[-115.7266,47.67287],[-115.7283,47.68171],[-115.72266,47.69512],[-115.73137,47.70495],[-115.75304,47.71696],[-115.75949,47.71922],[-115.76458,47.71741],[-115.77346,47.71757],[-115.77716,47.72038],[-115.78427,47.72997],[-115.78254,47.73483],[-115.78367,47.73769],[-115.78102,47.74319],[-115.78609,47.74838],[-115.79374,47.75195],[-115.79751,47.75734],[-115.80462,47.75815],[-115.82501,47.75238],[-115.83092,47.75504],[-115.83544,47.76149],[-115.83508,47.77007],[-115.83745,47.77485],[-115.84044,47.77791],[-115.84056,47.78036],[-115.84737,47.7851],[-115.84581,47.79406],[-115.84896,47.80019],[-115.84734,47.80345],[-115.84878,47.8101],[-115.84508,47.81501],[-115.8501,47.82016],[-115.85233,47.82786],[-115.87075,47.83497],[-115.87528,47.84328],[-115.88151,47.84962],[-115.90141,47.8431],[-115.90683,47.84639],[-115.90651,47.85029],[-115.90933,47.85264],[-115.9189,47.85363],[-115.91944,47.85745],[-115.92525,47.86686],[-115.93549,47.87416],[-115.93802,47.8811],[-115.94976,47.88901],[-115.9541,47.89453],[-115.96022,47.89804],[-115.9684,47.89926],[-115.9654,47.9102],[-115.96688,47.9126],[-115.96962,47.9144],[-115.98246,47.91564],[-115.98466,47.92257],[-115.99339,47.92598],[-115.99513,47.93383],[-115.99832,47.93663],[-115.99814,47.93848],[-116.00667,47.94335],[-116.0075,47.95079],[-116.01878,47.9629],[-116.02404,47.96546],[-116.0304,47.97263],[-116.03852,47.97135],[-116.04912,47.97685],[-116.0491,49.00085],[-115.05534,48.99963],[-114.36194,49.00112]]],[[[-100.65163,42.99818],[-100.60825,42.99826],[-100.61396,42.99821],[-100.65163,42.99818]]],[[[-100.25899,42.99865],[-100.2597,42.99865],[-100.26004,42.99865],[-100.25899,42.99865]]]]},"properties":{"fid":4,"zone":"Mountain","utc":"-07:00","Shape__Area":227.61663507518324,"Shape__Length":88.91122991488065}},{"type":"Feature","id":5,"geometry":{"type":"MultiPolygon","coordinates":[[[[-122.17237,49.00243],[-121.75324,48.9973],[-121.33486,49.00092],[-120.0373,48.99945],[-117.62694,49.00074],[-117.13491,48.99881],[-116.0491,49.00085],[-116.04912,47.97685],[-116.03852,47.97135],[-116.0304,47.97263],[-116.02404,47.96546],[-116.01878,47.9629],[-116.0075,47.95079],[-116.00667,47.94335],[-115.99814,47.93848],[-115.99832,47.93663],[-115.99513,47.93383],[-115.99339,47.92598],[-115.98466,47.92257],[-115.98246,47.91564],[-115.96962,47.9144],[-115.96688,47.9126],[-115.9654,47.9102],[-115.9684,47.89926],[-115.96022,47.89804],[-115.9541,47.89453],[-115.94976,47.88901],[-115.93802,47.8811],[-115.93549,47.87416],[-115.92525,47.86686],[-115.91944,47.85745],[-115.9189,47.85363],[-115.90933,47.85264],[-115.90651,47.85029],[-115.90683,47.84639],[-115.90141,47.8431],[-115.88151,47.84962],[-115.87528,47.84328],[-115.87075,47.83497],[-115.85233,47.82786],[-115.8501,47.82016],[-115.84508,47.81501],[-115.84878,47.8101],[-115.84734,47.80345],[-115.84896,47.80019],[-115.84581,47.79406],[-115.84737,47.7851],[-115.84056,47.78036],[-115.84044,47.77791],[-115.83745,47.77485],[-115.83508,47.77007],[-115.83544,47.76149],[-115.83092,47.75504],[-115.82501,47.75238],[-115.80462,47.75815],[-115.79751,47.75734],[-115.79374,47.75195],[-115.78609,47.74838],[-115.78102,47.74319],[-115.78367,47.73769],[-115.78254,47.73483],[-115.78427,47.72997],[-115.77716,47.72038],[-115.77346,47.71757],[-115.76458,47.71741],[-115.75949,47.71922],[-115.75304,47.71696],[-115.73137,47.70495],[-115.72266,47.69512],[-115.7283,47.68171],[-115.7266,47.67287],[-115.73219,47.66822],[-115.73142,47.6617],[-115.73652,47.65382],[-115.72988,47.64193],[-115.70769,47.63472],[-115.69446,47.62377],[-115.69352,47.6182],[-115.69191,47.61724],[-115.69876,47.61198],[-115.69846,47.60659],[-115.69701,47.60356],[-115.69284,47.6018],[-115.69175,47.59725],[-115.68777,47.59531],[-115.7048,47.58505],[-115.70605,47.57763],[-115.72121,47.57626],[-115.72376,47.5706],[-115.73071,47.56959],[-115.74097,47.56345],[-115.7447,47.55855],[-115.75453,47.55246],[-115.75563,47.54794],[-115.75181,47.54199],[-115.74234,47.53833],[-115.73645,47.5398],[-115.72513,47.53413],[-115.71712,47.53423],[-115.71138,47.53238],[-115.70645,47.53501],[-115.70208,47.53422],[-115.69833,47.53138],[-115.69541,47.52772],[-115.71114,47.52343],[-115.71141,47.51678],[-115.70842,47.51515],[-115.69865,47.50228],[-115.69004,47.50077],[-115.68628,47.48495],[-115.68259,47.48397],[-115.68053,47.48573],[-115.66793,47.48883],[-115.66204,47.48314],[-115.66104,47.47785],[-115.64826,47.47773],[-115.63462,47.48162],[-115.6295,47.47962],[-115.6376,47.46283],[-115.64018,47.45969],[-115.64647,47.45684],[-115.67563,47.45322],[-115.68252,47.45693],[-115.69122,47.45721],[-115.69376,47.45463],[-115.70213,47.45251],[-115.71611,47.45289],[-115.73109,47.44487],[-115.74745,47.44205],[-115.75146,47.43677],[-115.75243,47.43216],[-115.75701,47.42878],[-115.75932,47.42387],[-115.75082,47.42212],[-115.74272,47.42356],[-115.73872,47.42643],[-115.73319,47.42489],[-115.72113,47.4257],[-115.72085,47.42108],[-115.71692,47.41995],[-115.71227,47.41545],[-115.70323,47.41557],[-115.69958,47.41728],[-115.6974,47.41545],[-115.69206,47.41535],[-115.68562,47.41116],[-115.67526,47.4094],[-115.67758,47.40179],[-115.66795,47.40113],[-115.66337,47.40289],[-115.6575,47.40046],[-115.65561,47.39421],[-115.64997,47.39234],[-115.64631,47.38778],[-115.64843,47.38244],[-115.64342,47.37735],[-115.63663,47.37974],[-115.63092,47.37919],[-115.61726,47.38253],[-115.60193,47.3775],[-115.59579,47.37173],[-115.57765,47.36741],[-115.57605,47.36533],[-115.57834,47.36074],[-115.57514,47.35591],[-115.57118,47.35568],[-115.56417,47.35225],[-115.55686,47.35393],[-115.55078,47.34969],[-115.54885,47.34696],[-115.55049,47.33427],[-115.53885,47.32907],[-115.54089,47.3246],[-115.53708,47.31784],[-115.52792,47.30903],[-115.52852,47.29925],[-115.5146,47.29657],[-115.50348,47.29072],[-115.49085,47.28949],[-115.48228,47.28145],[-115.46583,47.28748],[-115.45774,47.28241],[-115.45727,47.27833],[-115.45592,47.27762],[-115.44965,47.2784],[-115.4447,47.27703],[-115.43648,47.28044],[-115.42598,47.28028],[-115.42049,47.27748],[-115.4214,47.27202],[-115.41512,47.26866],[-115.4116,47.26438],[-115.39213,47.26538],[-115.38468,47.26781],[-115.37771,47.26484],[-115.37093,47.26519],[-115.36534,47.26141],[-115.35923,47.25965],[-115.35386,47.26215],[-115.34799,47.2604],[-115.34045,47.26288],[-115.32401,47.25646],[-115.3198,47.25669],[-115.3184,47.2519],[-115.32438,47.24473],[-115.32049,47.2422],[-115.31583,47.23281],[-115.2988,47.22551],[-115.29494,47.22028],[-115.29411,47.21446],[-115.29154,47.21086],[-115.296,47.20566],[-115.29911,47.19884],[-115.30124,47.19346],[-115.30059,47.18834],[-115.29098,47.18682],[-115.28686,47.18349],[-115.26184,47.18144],[-115.25621,47.17498],[-115.25548,47.1637],[-115.24935,47.15967],[-115.24463,47.15132],[-115.22191,47.149],[-115.21254,47.142],[-115.19905,47.13989],[-115.19824,47.13713],[-115.186,47.12941],[-115.18628,47.12437],[-115.18361,47.12168],[-115.17931,47.12038],[-115.17878,47.11744],[-115.17292,47.11225],[-115.17352,47.10972],[-115.17167,47.10679],[-115.16014,47.10211],[-115.15003,47.10172],[-115.14727,47.10329],[-115.14414,47.10192],[-115.14018,47.09662],[-115.14269,47.09147],[-115.13963,47.08003],[-115.13493,47.07568],[-115.13115,47.06896],[-115.1267,47.06609],[-115.1225,47.06589],[-115.12091,47.06182],[-115.10789,47.0517],[-115.1058,47.04842],[-115.10196,47.04743],[-115.09802,47.04859],[-115.08744,47.04572],[-115.08838,47.04113],[-115.08187,47.03819],[-115.07981,47.02825],[-115.07568,47.02586],[-115.07169,47.02637],[-115.07228,47.02349],[-115.06943,47.01501],[-115.07278,47.01291],[-115.06515,47.00017],[-115.06779,46.99522],[-115.06115,46.99194],[-115.05674,46.98485],[-115.04996,46.98106],[-115.05068,46.97556],[-115.05197,46.97491],[-115.0488,46.97004],[-115.03137,46.97173],[-115.02861,46.97568],[-115.00129,46.97191],[-115.00092,46.96771],[-114.99393,46.96223],[-114.9934,46.95961],[-114.99005,46.95643],[-114.9857,46.95395],[-114.98613,46.94974],[-114.98041,46.94739],[-114.97108,46.93899],[-114.96456,46.93808],[-114.95881,46.93363],[-114.96061,46.93002],[-114.94194,46.92408],[-114.93567,46.91985],[-114.92516,46.91869],[-114.92184,46.91271],[-114.92935,46.9099],[-114.93106,46.90409],[-114.93354,46.90359],[-114.93675,46.89729],[-114.93512,46.89489],[-114.93572,46.89211],[-114.93235,46.88751],[-114.93143,46.877],[-114.93963,46.86889],[-114.94458,46.86786],[-114.94827,46.86002],[-114.9421,46.85656],[-114.9287,46.85477],[-114.924,46.84816],[-114.92868,46.84364],[-114.92678,46.83879],[-114.92875,46.83522],[-114.9273,46.83341],[-114.92473,46.83346],[-114.92074,46.82709],[-114.90629,46.82237],[-114.89846,46.82236],[-114.89482,46.81732],[-114.89858,46.80896],[-114.89653,46.80727],[-114.8952,46.80164],[-114.89074,46.80296],[-114.88696,46.80955],[-114.86579,46.81454],[-114.86116,46.81164],[-114.86062,46.80571],[-114.85692,46.80165],[-114.85015,46.79906],[-114.8448,46.79431],[-114.83666,46.7925],[-114.82912,46.78263],[-114.81889,46.78125],[-114.8084,46.78238],[-114.79876,46.77584],[-114.78956,46.77912],[-114.78751,46.78278],[-114.78485,46.78003],[-114.78644,46.77789],[-114.78365,46.76867],[-114.77968,46.76873],[-114.7789,46.76685],[-114.77432,46.76581],[-114.77355,46.76209],[-114.7651,46.75816],[-114.76735,46.75384],[-114.76586,46.75125],[-114.7683,46.74816],[-114.76525,46.7454],[-114.76997,46.73505],[-114.77375,46.73176],[-114.77917,46.73102],[-114.77965,46.7286],[-114.78277,46.72636],[-114.78209,46.71951],[-114.78656,46.7163],[-114.78844,46.71278],[-114.78188,46.70684],[-114.76856,46.70477],[-114.76953,46.69992],[-114.7668,46.69691],[-114.75221,46.69715],[-114.74849,46.69856],[-114.74748,46.70295],[-114.73979,46.71195],[-114.72746,46.71461],[-114.7168,46.71406],[-114.71306,46.71543],[-114.71044,46.71771],[-114.70781,46.7239],[-114.70896,46.72688],[-114.70005,46.73367],[-114.70103,46.73661],[-114.69861,46.74046],[-114.68863,46.73646],[-114.68174,46.7389],[-114.67194,46.73658],[-114.66539,46.73924],[-114.65959,46.73476],[-114.64843,46.73232],[-114.64597,46.72901],[-114.64464,46.72284],[-114.63929,46.72179],[-114.63384,46.71579],[-114.62495,46.71226],[-114.62374,46.70908],[-114.6208,46.70727],[-114.6247,46.69612],[-114.62292,46.69445],[-114.62356,46.69094],[-114.63185,46.68395],[-114.64146,46.6795],[-114.64026,46.67532],[-114.64258,46.67292],[-114.63315,46.67182],[-114.63338,46.66967],[-114.63991,46.66562],[-114.63579,46.65948],[-114.62104,46.65799],[-114.61458,46.65508],[-114.61532,46.65243],[-114.61207,46.65068],[-114.61167,46.64746],[-114.61628,46.64374],[-114.61499,46.63998],[-114.60575,46.63591],[-114.59976,46.6363],[-114.59378,46.63295],[-114.58898,46.63518],[-114.58288,46.63337],[-114.57058,46.64331],[-114.5632,46.64083],[-114.55748,46.64406],[-114.54705,46.64469],[-114.54184,46.65],[-114.52386,46.64059],[-114.51005,46.63921],[-114.50107,46.64136],[-114.49763,46.63747],[-114.48753,46.63317],[-114.46685,46.63181],[-114.45265,46.64157],[-114.45455,46.64427],[-114.45349,46.64922],[-114.44901,46.64954],[-114.42461,46.66067],[-114.41213,46.65683],[-114.40959,46.66225],[-114.40387,46.65949],[-114.39453,46.66492],[-114.3893,46.66477],[-114.38374,46.66246],[-114.37807,46.66714],[-114.36229,46.66852],[-114.35824,46.67114],[-114.35759,46.66815],[-114.35301,46.66356],[-114.33314,46.66095],[-114.32164,46.64896],[-114.32072,46.64696],[-114.32283,46.64203],[-114.32032,46.63827],[-114.32237,46.63389],[-114.32216,46.62585],[-114.32452,46.62194],[-114.32807,46.61976],[-114.32255,46.6109],[-114.32996,46.60422],[-114.33027,46.59948],[-114.33257,46.59674],[-114.34421,46.58998],[-114.33957,46.58714],[-114.33411,46.57936],[-114.32965,46.57621],[-114.33175,46.57186],[-114.33936,46.56435],[-114.34265,46.55523],[-114.3479,46.55148],[-114.34521,46.54814],[-114.34391,46.54152],[-114.34882,46.53366],[-114.34924,46.52995],[-114.34776,46.52635],[-114.34295,46.52238],[-114.34265,46.51844],[-114.34706,46.51529],[-114.34835,46.51034],[-114.35835,46.50522],[-114.36801,46.50512],[-114.37561,46.50176],[-114.38401,46.50508],[-114.39993,46.5022],[-114.4032,46.49882],[-114.40311,46.49235],[-114.4009,46.48839],[-114.40069,46.47782],[-114.39556,46.4729],[-114.39467,46.46943],[-114.38315,46.46626],[-114.37944,46.4603],[-114.38441,46.44702],[-114.37621,46.44282],[-114.37235,46.44282],[-114.36843,46.43712],[-114.37884,46.43506],[-114.38297,46.43218],[-114.38492,46.4276],[-114.38367,46.41847],[-114.38486,46.41137],[-114.39351,46.40922],[-114.3997,46.40479],[-114.40135,46.40159],[-114.40856,46.4007],[-114.41005,46.3964],[-114.41563,46.39352],[-114.42246,46.38705],[-114.41455,46.37082],[-114.41026,46.36574],[-114.41026,46.36106],[-114.4122,46.35787],[-114.41404,46.33557],[-114.42194,46.33009],[-114.42253,46.32406],[-114.43006,46.31344],[-114.43165,46.30719],[-114.43345,46.30556],[-114.43219,46.30136],[-114.42994,46.29964],[-114.42825,46.29109],[-114.42545,46.28786],[-114.42742,46.28624],[-114.4273,46.28377],[-114.43275,46.2786],[-114.44113,46.27387],[-114.45367,46.27095],[-114.46493,46.27323],[-114.47073,46.26605],[-114.46781,46.25646],[-114.46485,46.25225],[-114.46828,46.24867],[-114.4521,46.2413],[-114.448,46.23157],[-114.44565,46.21975],[-114.45184,46.21486],[-114.4492,46.20923],[-114.44332,46.20306],[-114.44596,46.17391],[-114.4441,46.16928],[-114.44665,46.16791],[-114.45772,46.1702],[-114.47597,46.16061],[-114.48118,46.16215],[-114.48922,46.16767],[-114.4956,46.16796],[-114.5075,46.16464],[-114.51487,46.16769],[-114.51438,46.15398],[-114.52184,46.15077],[-114.52737,46.14542],[-114.5214,46.13646],[-114.51771,46.13559],[-114.52101,46.12512],[-114.50501,46.1184],[-114.49537,46.11768],[-114.48847,46.11299],[-114.47447,46.11311],[-114.4709,46.10562],[-114.46702,46.10454],[-114.46049,46.0978],[-114.45949,46.09394],[-114.46202,46.07859],[-114.47237,46.07681],[-114.47081,46.0745],[-114.47214,46.06921],[-114.467,46.06579],[-114.4683,46.0628],[-114.47391,46.06053],[-114.47472,46.05839],[-114.47915,46.05573],[-114.49336,46.05259],[-114.49289,46.0502],[-114.49752,46.04236],[-114.50332,46.04183],[-114.50666,46.03853],[-114.50574,46.03435],[-114.50752,46.03147],[-114.49725,46.02789],[-114.48933,46.02788],[-114.48581,46.03003],[-114.48036,46.03036],[-114.47308,46.01416],[-114.47622,46.01128],[-114.48495,46.00825],[-114.4878,46.00365],[-114.48483,45.99631],[-114.48001,45.99291],[-114.47411,45.99225],[-114.46428,45.99752],[-114.45784,45.99748],[-114.45366,45.991],[-114.44851,45.98761],[-114.42886,45.98657],[-114.42136,45.98142],[-114.41177,45.97788],[-114.41079,45.97301],[-114.40614,45.96999],[-114.40144,45.96355],[-114.40254,45.95795],[-114.40693,45.95425],[-114.41118,45.95312],[-114.41498,45.9484],[-114.42492,45.94399],[-114.42607,45.94081],[-114.43153,45.9379],[-114.43141,45.93605],[-114.41488,45.92214],[-114.41618,45.91844],[-114.41358,45.91164],[-114.40411,45.90348],[-114.39516,45.90144],[-114.39372,45.89298],[-114.38893,45.89226],[-114.38762,45.89017],[-114.38788,45.88393],[-114.38986,45.88035],[-114.39294,45.87871],[-114.39607,45.87123],[-114.40393,45.87188],[-114.40593,45.87041],[-114.40483,45.86649],[-114.40967,45.85158],[-114.42407,45.85582],[-114.43773,45.86261],[-114.44638,45.86144],[-114.45369,45.8558],[-114.46156,45.85514],[-114.46499,45.85212],[-114.47034,45.85147],[-114.47199,45.84777],[-114.4749,45.84659],[-114.48711,45.85168],[-114.49225,45.84976],[-114.49901,45.8507],[-114.50361,45.84601],[-114.50966,45.84536],[-114.51514,45.84052],[-114.51739,45.83495],[-114.51646,45.83214],[-114.5115,45.82944],[-114.53103,45.8189],[-114.53262,45.81565],[-114.5302,45.81338],[-114.53104,45.80987],[-114.53714,45.80531],[-114.53762,45.80277],[-114.54143,45.79924],[-114.54498,45.7979],[-114.5441,45.79037],[-114.55563,45.78655],[-114.55702,45.78348],[-114.56246,45.77979],[-114.56648,45.77332],[-114.5583,45.76479],[-114.55126,45.76392],[-114.54452,45.75918],[-114.54733,45.7519],[-114.54576,45.74691],[-114.54786,45.74327],[-114.53565,45.7391],[-114.52667,45.72764],[-114.52054,45.72651],[-114.51538,45.72746],[-114.5042,45.72182],[-114.49516,45.70398],[-114.49658,45.69943],[-114.50075,45.69656],[-114.5014,45.69371],[-114.5151,45.68492],[-114.5012,45.68244],[-114.49904,45.67888],[-114.50147,45.67738],[-114.50229,45.67395],[-114.49955,45.66879],[-114.50638,45.66183],[-114.50766,45.65754],[-114.51274,45.65605],[-114.51507,45.65313],[-114.52194,45.64947],[-114.52889,45.65244],[-114.53951,45.65057],[-114.54132,45.6486],[-114.53969,45.64609],[-114.54169,45.64141],[-114.54545,45.643],[-114.55173,45.64242],[-114.56068,45.64025],[-114.564,45.63763],[-114.56324,45.63168],[-114.55831,45.6274],[-114.55461,45.61989],[-114.5447,45.61698],[-114.53796,45.6066],[-114.54203,45.60203],[-114.54766,45.59969],[-114.54929,45.59534],[-114.55405,45.5915],[-114.55389,45.58843],[-114.55851,45.58447],[-114.55415,45.5812],[-114.5531,45.57619],[-114.55679,45.57293],[-114.55854,45.56606],[-114.5655,45.56261],[-114.56535,45.55698],[-114.57155,45.54961],[-114.57795,45.54464],[-114.58492,45.5443],[-114.58789,45.53792],[-114.60499,45.53076],[-114.61881,45.5286],[-114.63201,45.51918],[-114.6327,45.5151],[-114.63724,45.51052],[-114.63717,45.50698],[-114.64468,45.4981],[-114.64523,45.49444],[-114.65173,45.49137],[-114.65066,45.48615],[-114.66233,45.47494],[-114.66374,45.47101],[-114.68062,45.47396],[-114.68116,45.47686],[-114.67913,45.479],[-114.68064,45.48415],[-114.69054,45.49078],[-114.70524,45.49256],[-114.71861,45.48936],[-114.73416,45.4899],[-114.74329,45.49572],[-114.75153,45.49808],[-114.76746,45.51147],[-114.77439,45.51362],[-114.77832,45.51229],[-114.78766,45.51266],[-114.79379,45.50832],[-114.79806,45.4968],[-114.79326,45.4941],[-114.79377,45.48865],[-114.79663,45.4835],[-114.79464,45.47985],[-114.79862,45.47626],[-114.79448,45.46845],[-114.79039,45.46618],[-114.78767,45.45827],[-114.7932,45.4524],[-114.79271,45.44933],[-114.79528,45.44102],[-114.79359,45.43701],[-114.78901,45.43534],[-114.76914,45.43456],[-114.76876,45.43238],[-114.76417,45.4281],[-114.76823,45.42133],[-114.76486,45.4183],[-114.7632,45.4141],[-114.75159,45.40911],[-114.74733,45.40425],[-114.74267,45.40376],[-114.74133,45.40024],[-114.73467,45.39538],[-114.74377,45.3945],[-114.74976,45.39566],[-114.77043,45.39086],[-114.79014,45.38963],[-114.80493,45.39421],[-114.81354,45.39314],[-114.8303,45.40112],[-114.84074,45.4097],[-114.85128,45.41485],[-114.85933,45.41575],[-114.86504,45.41943],[-114.87291,45.41804],[-114.88579,45.42585],[-114.88983,45.43478],[-114.89962,45.43769],[-114.91519,45.44843],[-114.92527,45.44841],[-114.93537,45.45981],[-114.94201,45.46053],[-114.94733,45.46591],[-114.95973,45.4685],[-114.96119,45.47161],[-114.96808,45.476],[-114.97276,45.48305],[-114.97916,45.48715],[-114.98172,45.49266],[-114.99023,45.49431],[-115.0184,45.50788],[-115.03233,45.50683],[-115.04546,45.5133],[-115.05505,45.50848],[-115.06429,45.5101],[-115.0688,45.51777],[-115.07806,45.51667],[-115.08623,45.52031],[-115.09103,45.52033],[-115.09623,45.52496],[-115.10928,45.53036],[-115.11639,45.53149],[-115.15393,45.54916],[-115.16232,45.55076],[-115.16917,45.55909],[-115.18027,45.56595],[-115.21379,45.56973],[-115.21882,45.56804],[-115.22065,45.56356],[-115.227,45.5584],[-115.23405,45.55815],[-115.23923,45.55548],[-115.25388,45.53944],[-115.26645,45.53961],[-115.27521,45.5335],[-115.28617,45.53325],[-115.29526,45.53547],[-115.30438,45.52849],[-115.31399,45.52379],[-115.32221,45.51776],[-115.32558,45.50017],[-115.33432,45.49375],[-115.33508,45.48578],[-115.35018,45.48319],[-115.34922,45.47871],[-115.3545,45.47532],[-115.37847,45.4709],[-115.38149,45.47173],[-115.38291,45.47492],[-115.38653,45.47683],[-115.39956,45.46684],[-115.41143,45.46437],[-115.42772,45.45781],[-115.44119,45.44511],[-115.44394,45.43982],[-115.45733,45.43381],[-115.46228,45.42633],[-115.46347,45.41811],[-115.46835,45.4153],[-115.46948,45.41245],[-115.47846,45.40924],[-115.47737,45.39997],[-115.48284,45.39629],[-115.49149,45.39403],[-115.49658,45.38694],[-115.50209,45.38371],[-115.5053,45.38362],[-115.50776,45.3762],[-115.5098,45.37557],[-115.5161,45.38083],[-115.5275,45.38457],[-115.55846,45.38517],[-115.59544,45.39791],[-115.60212,45.39484],[-115.61299,45.39702],[-115.61971,45.40267],[-115.62658,45.40526],[-115.63604,45.41415],[-115.65225,45.42535],[-115.6658,45.4314],[-115.66802,45.43454],[-115.68069,45.4356],[-115.69564,45.44304],[-115.72028,45.44488],[-115.72883,45.44255],[-115.73975,45.44488],[-115.75374,45.44451],[-115.78277,45.46222],[-115.80048,45.46791],[-115.80932,45.46808],[-115.81799,45.46616],[-115.83338,45.46664],[-115.84514,45.46291],[-115.87495,45.45894],[-115.88085,45.46009],[-115.91368,45.45838],[-115.93079,45.45955],[-115.9631,45.44607],[-115.98122,45.43326],[-115.99777,45.42753],[-116.01328,45.42769],[-116.02897,45.42579],[-116.03584,45.42315],[-116.05476,45.42255],[-116.0611,45.42075],[-116.0621,45.41853],[-116.07695,45.41405],[-116.07958,45.41047],[-116.09275,45.40365],[-116.09728,45.40454],[-116.11033,45.4016],[-116.11847,45.40145],[-116.12533,45.40505],[-116.12849,45.41065],[-116.13142,45.42323],[-116.13642,45.42625],[-116.14287,45.42757],[-116.14988,45.42673],[-116.16476,45.41728],[-116.17234,45.41829],[-116.18027,45.41588],[-116.18062,45.41362],[-116.18607,45.41242],[-116.1946,45.40387],[-116.20863,45.39921],[-116.22971,45.40162],[-116.23856,45.40512],[-116.24815,45.41291],[-116.25476,45.41343],[-116.26284,45.41994],[-116.26608,45.41933],[-116.28521,45.42269],[-116.29916,45.41961],[-116.30562,45.41173],[-116.3141,45.41216],[-116.31573,45.41379],[-116.31439,45.41454],[-116.3147,45.41892],[-116.31129,45.42462],[-116.30998,45.4311],[-116.31261,45.43356],[-116.31748,45.43289],[-116.31892,45.43511],[-116.31165,45.44104],[-116.3119,45.44711],[-116.30837,45.45369],[-116.30935,45.46199],[-116.30584,45.46852],[-116.30584,45.47154],[-116.30785,45.47621],[-116.31488,45.48026],[-116.31905,45.48963],[-116.31641,45.49234],[-116.30523,45.49545],[-116.29745,45.50254],[-116.2956,45.50724],[-116.29602,45.51025],[-116.29972,45.51131],[-116.307,45.51858],[-116.30468,45.52919],[-116.31261,45.53577],[-116.30641,45.54139],[-116.30495,45.55285],[-116.29888,45.55749],[-116.29903,45.55958],[-116.30465,45.56609],[-116.30566,45.57154],[-116.30267,45.57727],[-116.29584,45.5828],[-116.29596,45.58547],[-116.29343,45.588],[-116.27216,45.59959],[-116.27391,45.60261],[-116.27238,45.60656],[-116.27502,45.60947],[-116.28983,45.61911],[-116.29979,45.62152],[-116.30504,45.62489],[-116.30356,45.62768],[-116.29241,45.62769],[-116.28521,45.63263],[-116.2838,45.63862],[-116.28989,45.64445],[-116.29468,45.64546],[-116.29497,45.64932],[-116.29219,45.6529],[-116.29264,45.66286],[-116.28139,45.66387],[-116.28028,45.66588],[-116.28571,45.67138],[-116.29302,45.66927],[-116.30136,45.66408],[-116.31353,45.66541],[-116.31949,45.67016],[-116.31849,45.67702],[-116.30873,45.67968],[-116.30746,45.68127],[-116.30837,45.685],[-116.31601,45.69273],[-116.31753,45.69938],[-116.31743,45.71521],[-116.31378,45.72256],[-116.30232,45.72882],[-116.30695,45.73474],[-116.31484,45.7365],[-116.31798,45.73897],[-116.32493,45.74091],[-116.32678,45.74327],[-116.3221,45.75251],[-116.32674,45.75885],[-116.324,45.7632],[-116.32427,45.77231],[-116.31835,45.78088],[-116.32065,45.78835],[-116.31483,45.80486],[-116.30719,45.81592],[-116.30734,45.82159],[-116.30451,45.82384],[-116.30359,45.82784],[-116.29995,45.83048],[-116.29994,45.83557],[-116.29611,45.84797],[-116.29912,45.85362],[-116.29616,45.85872],[-116.31898,45.87569],[-116.32554,45.88719],[-116.3291,45.88948],[-116.34789,45.89067],[-116.35169,45.89198],[-116.35469,45.8963],[-116.3586,45.89826],[-116.38199,45.89886],[-116.39574,45.90454],[-116.40088,45.90443],[-116.40567,45.90149],[-116.41081,45.90467],[-116.41138,45.90864],[-116.40958,45.91452],[-116.41191,45.91647],[-116.42279,45.9125],[-116.42825,45.91299],[-116.42926,45.91687],[-116.43502,45.92358],[-116.43742,45.93219],[-116.43694,45.94123],[-116.43891,45.95195],[-116.4434,45.96235],[-116.44776,45.96517],[-116.46777,45.97223],[-116.49137,45.97596],[-116.50262,45.97589],[-116.50853,45.97275],[-116.52428,45.96964],[-116.55285,45.97512],[-116.56952,45.98484],[-116.57602,45.99385],[-116.5909,46.00476],[-116.60319,46.00865],[-116.61655,46.00824],[-116.62086,46.01023],[-116.62157,46.01319],[-116.61258,46.02705],[-116.61381,46.03128],[-116.61966,46.03663],[-116.62471,46.03769],[-116.63835,46.03625],[-116.64906,46.02927],[-116.64744,46.01784],[-116.64302,46.00543],[-116.64703,45.99625],[-116.65752,45.99206],[-116.66259,45.99184],[-116.6714,45.99644],[-116.68473,45.99922],[-116.69829,45.99938],[-116.70295,45.99528],[-116.71894,45.98799],[-116.72962,45.97511],[-116.73013,45.97152],[-116.73397,45.96962],[-116.74059,45.96935],[-116.74374,45.96705],[-116.74509,45.9635],[-116.74903,45.96113],[-116.74984,45.95605],[-116.75529,45.94666],[-116.75696,45.93982],[-116.75508,45.93849],[-116.75411,45.93121],[-116.74911,45.92447],[-116.74656,45.91766],[-116.73596,45.90988],[-116.73573,45.90575],[-116.72981,45.90352],[-116.73125,45.89854],[-116.73047,45.89378],[-116.74275,45.88049],[-116.74457,45.87434],[-116.75079,45.86881],[-116.75991,45.86739],[-116.7687,45.86218],[-116.78035,45.86024],[-116.78906,45.85546],[-116.79495,45.85658],[-116.78781,45.84427],[-116.78908,45.83348],[-116.78215,45.82512],[-116.77424,45.82338],[-116.76256,45.81623],[-116.75394,45.81744],[-116.73579,45.82637],[-116.70976,45.82573],[-116.70343,45.82171],[-116.69721,45.82014],[-116.69344,45.81165],[-116.68702,45.80633],[-116.68083,45.79439],[-116.66528,45.78207],[-116.65964,45.78002],[-116.64636,45.77982],[-116.63205,45.78499],[-116.62698,45.78413],[-116.62376,45.78182],[-116.61695,45.78247],[-116.59422,45.77909],[-116.57514,45.76587],[-116.56735,45.76301],[-116.55946,45.7552],[-116.5481,45.75237],[-116.53571,45.73424],[-116.53821,45.71617],[-116.53541,45.69174],[-116.52397,45.67765],[-116.51769,45.67505],[-116.50544,45.66192],[-116.48883,45.65081],[-116.48728,45.64782],[-116.48775,45.64396],[-116.48251,45.63992],[-116.48282,45.6336],[-116.47211,45.62921],[-116.47125,45.62768],[-116.47289,45.62488],[-116.46352,45.61579],[-116.46365,45.60279],[-116.4717,45.59362],[-116.48218,45.58669],[-116.48363,45.58297],[-116.4812,45.57995],[-116.48298,45.57701],[-116.49029,45.57451],[-116.50277,45.56661],[-116.50346,45.5617],[-116.50698,45.55843],[-116.51176,45.55645],[-116.52075,45.55621],[-116.52833,45.55152],[-116.52858,45.55016],[-116.52419,45.54857],[-116.52345,45.54656],[-116.52659,45.54449],[-116.52722,45.54071],[-116.53174,45.53669],[-116.5355,45.52509],[-116.54042,45.52093],[-116.54385,45.5142],[-116.5555,45.50748],[-116.55748,45.50418],[-116.55715,45.50202],[-116.55349,45.49911],[-116.5531,45.49622],[-116.55882,45.4812],[-116.55499,45.4728],[-116.55484,45.46294],[-116.56399,45.46024],[-116.56826,45.45583],[-116.57683,45.45203],[-116.58821,45.44293],[-116.59746,45.41278],[-116.6234,45.39397],[-116.62306,45.39195],[-116.63236,45.37742],[-116.64126,45.3678],[-116.67381,45.32152],[-116.67466,45.31435],[-116.67218,45.28894],[-116.67451,45.27636],[-116.6914,45.26375],[-116.69878,45.24519],[-116.70371,45.24011],[-116.70272,45.23792],[-116.70412,45.22816],[-116.70976,45.21725],[-116.70856,45.20736],[-116.70955,45.20302],[-116.72422,45.17151],[-116.7242,45.16293],[-116.72803,45.15424],[-116.72962,45.1421],[-116.73331,45.13849],[-116.74555,45.13304],[-116.74687,45.12423],[-116.75285,45.12177],[-116.75466,45.11398],[-116.77486,45.10554],[-116.78355,45.09361],[-116.78372,45.07698],[-116.79089,45.06995],[-116.79734,45.06027],[-116.80859,45.05066],[-116.81433,45.04834],[-116.82093,45.04312],[-116.82515,45.03785],[-116.84133,45.03091],[-116.84796,45.02261],[-116.84481,45.01532],[-116.8472,45.0115],[-116.84513,45.00796],[-116.84464,45.00144],[-116.85677,44.9843],[-116.858,44.97733],[-116.85203,44.97204],[-116.84859,44.97172],[-116.84356,44.97541],[-116.83976,44.98307],[-116.83209,44.98446],[-116.82691,44.98388],[-116.82628,44.9825],[-116.83646,44.96925],[-116.84706,44.96537],[-116.851,44.96156],[-116.85075,44.95812],[-116.84647,44.95153],[-116.83572,44.94064],[-116.832,44.93301],[-116.83848,44.92361],[-116.83897,44.91783],[-116.84212,44.91493],[-116.84294,44.90891],[-116.84891,44.90073],[-116.85053,44.89353],[-116.85239,44.89193],[-116.85244,44.88758],[-116.8573,44.8823],[-116.85705,44.88078],[-116.86535,44.87061],[-116.87715,44.86605],[-116.8836,44.85828],[-116.8899,44.85518],[-116.89641,44.85569],[-116.89863,44.85375],[-116.89626,44.84834],[-116.90019,44.83986],[-116.90016,44.83668],[-116.90579,44.8348],[-116.92211,44.81189],[-116.93111,44.80479],[-116.93381,44.79679],[-116.93071,44.78989],[-116.93471,44.78389],[-116.94331,44.78169],[-116.94901,44.77799],[-116.97092,44.77389],[-116.98675,44.76224],[-116.99892,44.75639],[-117.01382,44.75685],[-117.02001,44.75102],[-117.02943,44.75111],[-117.03828,44.74818],[-117.04783,44.74153],[-117.04819,44.73592],[-117.05022,44.73257],[-117.05832,44.73049],[-117.06229,44.72715],[-117.06047,44.72167],[-117.0627,44.71168],[-117.06181,44.70666],[-117.06384,44.70363],[-117.07223,44.70052],[-117.07415,44.69638],[-117.07913,44.69218],[-117.08079,44.68417],[-117.07859,44.68033],[-117.08081,44.67377],[-117.09124,44.66881],[-117.09588,44.66474],[-117.0968,44.65739],[-117.09498,44.65202],[-117.09822,44.64766],[-117.09823,44.64069],[-117.10824,44.62712],[-117.11477,44.62489],[-117.12054,44.61466],[-117.12528,44.59382],[-117.12477,44.58384],[-117.13398,44.57525],[-117.14605,44.56861],[-117.14827,44.56438],[-117.14795,44.56215],[-117.14294,44.55724],[-117.14417,44.54565],[-117.14926,44.53616],[-117.15242,44.53181],[-117.16105,44.52517],[-117.1672,44.52344],[-117.1816,44.52297],[-117.18977,44.51339],[-117.19251,44.50328],[-117.20025,44.49203],[-117.20895,44.48567],[-117.21639,44.48617],[-117.22509,44.48235],[-117.22538,44.47548],[-117.22156,44.47015],[-117.2204,44.46304],[-117.21703,44.45905],[-117.21527,44.45216],[-117.21465,44.44804],[-117.21658,44.44228],[-117.21509,44.42717],[-117.2193,44.41924],[-117.22299,44.41646],[-117.22699,44.40559],[-117.23485,44.39967],[-117.24269,44.39655],[-117.24304,44.39098],[-117.23784,44.38239],[-117.23513,44.37386],[-117.21692,44.36017],[-117.20698,44.35521],[-117.20268,44.34982],[-117.19616,44.34637],[-117.19011,44.33745],[-117.19156,44.32963],[-117.19635,44.32661],[-117.20334,44.31303],[-117.21681,44.30824],[-117.22006,44.30141],[-117.48703,44.30032],[-117.48676,44.38725],[-117.50923,44.38715],[-117.50922,44.40147],[-117.52942,44.40133],[-117.52937,44.41573],[-117.56968,44.41568],[-117.56963,44.43007],[-117.59087,44.43014],[-117.59086,44.44458],[-117.9718,44.44385],[-117.97196,44.4293],[-118.01142,44.42962],[-118.0115,44.41517],[-118.03168,44.4152],[-118.03182,44.38996],[-118.05197,44.39004],[-118.05192,44.37201],[-118.07193,44.37201],[-118.07189,44.35757],[-118.08703,44.35765],[-118.08705,44.34319],[-118.0921,44.34321],[-118.09214,44.32874],[-118.11208,44.32876],[-118.11211,44.31428],[-118.13236,44.31432],[-118.13215,44.29949],[-118.15247,44.29951],[-118.15296,44.27069],[-118.19342,44.27071],[-118.19336,44.25621],[-118.23223,44.25613],[-118.23392,44.21255],[-118.22886,44.21256],[-118.22757,44.0544],[-118.22812,43.7792],[-118.23174,43.77922],[-118.23211,43.77083],[-118.23241,43.61227],[-118.23202,43.34896],[-118.22808,43.34897],[-118.22881,42.91463],[-118.21685,42.91471],[-118.21462,42.45075],[-117.70197,42.453],[-117.02645,42.45287],[-117.02621,41.9999],[-117.00808,41.99875],[-116.36849,41.99629],[-116.18945,41.9977],[-116.04539,41.99634],[-115.62593,41.99742],[-115.09244,41.99612],[-115.01577,41.99656],[-114.8235,42.00185],[-114.59828,41.99452],[-114.04149,41.99388],[-114.03947,41.71888],[-114.04341,40.75556],[-114.11299,40.75567],[-114.11303,40.74919],[-114.11286,40.72549],[-114.04377,40.72604],[-114.04611,40.40185],[-114.05053,38.49612],[-114.04934,38.26607],[-114.05051,37.95335],[-114.04962,37.82355],[-114.04831,37.80943],[-114.05167,37.7515],[-114.0529,37.56086],[-114.05164,37.30391],[-114.05255,37.11289],[-114.05008,37.0141],[-114.05034,36.7529],[-114.04566,36.5211],[-114.04285,36.44818],[-114.04406,36.31763],[-114.04557,36.28884],[-114.04396,36.19336],[-114.05867,36.18784],[-114.06681,36.17909],[-114.07884,36.15744],[-114.08125,36.15021],[-114.09171,36.13731],[-114.09701,36.12083],[-114.10839,36.11916],[-114.11851,36.11391],[-114.12088,36.11086],[-114.12104,36.10389],[-114.11522,36.09988],[-114.11191,36.09585],[-114.11231,36.09406],[-114.11966,36.08583],[-114.12403,36.07557],[-114.1334,36.06167],[-114.13622,36.05324],[-114.13485,36.04388],[-114.13712,36.0385],[-114.14468,36.03428],[-114.14592,36.02723],[-114.1514,36.02314],[-114.16441,36.02686],[-114.17469,36.02668],[-114.19123,36.02002],[-114.21194,36.01484],[-114.22481,36.0137],[-114.22803,36.01474],[-114.23345,36.01284],[-114.24388,36.01527],[-114.26439,36.02792],[-114.2686,36.03504],[-114.27087,36.04553],[-114.27965,36.04611],[-114.288,36.04908],[-114.2986,36.05727],[-114.30864,36.05698],[-114.3136,36.05905],[-114.31434,36.06202],[-114.31243,36.06612],[-114.3044,36.07402],[-114.30695,36.08249],[-114.32088,36.09647],[-114.32583,36.10394],[-114.33464,36.10679],[-114.34511,36.11856],[-114.36064,36.12942],[-114.37019,36.14263],[-114.37376,36.14373],[-114.38149,36.14135],[-114.40229,36.14651],[-114.4125,36.14652],[-114.42313,36.13736],[-114.44505,36.12535],[-114.45134,36.12984],[-114.4565,36.13804],[-114.46261,36.13965],[-114.46869,36.13889],[-114.48384,36.12973],[-114.49886,36.12662],[-114.50473,36.12719],[-114.50848,36.12992],[-114.50922,36.13325],[-114.50516,36.13808],[-114.50035,36.14071],[-114.50025,36.14323],[-114.50812,36.14972],[-114.51123,36.15058],[-114.5311,36.14765],[-114.53924,36.15177],[-114.54875,36.1507],[-114.55617,36.15248],[-114.56118,36.15093],[-114.5711,36.1511],[-114.58072,36.14599],[-114.59649,36.14154],[-114.6093,36.13223],[-114.61547,36.12966],[-114.62062,36.13176],[-114.62709,36.14077],[-114.63049,36.14222],[-114.63582,36.13618],[-114.64014,36.13513],[-114.65552,36.12619],[-114.66435,36.11631],[-114.67188,36.11597],[-114.68186,36.1092],[-114.69367,36.11249],[-114.70375,36.10835],[-114.73487,36.10443],[-114.74892,36.09519],[-114.75469,36.08506],[-114.75058,36.08034],[-114.7489,36.07499],[-114.74355,36.07104],[-114.74007,36.06244],[-114.7353,36.05665],[-114.73571,36.0534],[-114.74249,36.0457],[-114.74127,36.03805],[-114.73343,36.03792],[-114.72211,36.02896],[-114.72889,36.02139],[-114.73857,36.01523],[-114.74302,36.00846],[-114.73933,35.99181],[-114.74365,35.98579],[-114.74055,35.97555],[-114.72868,35.96176],[-114.72977,35.9599],[-114.71332,35.93385],[-114.71342,35.93191],[-114.70761,35.92796],[-114.70741,35.91806],[-114.7092,35.91683],[-114.70812,35.90994],[-114.70573,35.90932],[-114.70027,35.90176],[-114.69494,35.8976],[-114.69608,35.89647],[-114.67898,35.88552],[-114.67202,35.87802],[-114.66323,35.8737],[-114.66165,35.87124],[-114.66969,35.86504],[-114.68781,35.86073],[-114.69147,35.85867],[-114.69438,35.85447],[-114.70192,35.85323],[-114.70587,35.85051],[-114.7063,35.84622],[-114.69529,35.8311],[-114.70368,35.81462],[-114.70934,35.81006],[-114.71204,35.80553],[-114.69933,35.79049],[-114.70104,35.76969],[-114.69428,35.75664],[-114.69774,35.75097],[-114.69641,35.74266],[-114.69787,35.73166],[-114.70561,35.70828],[-114.70143,35.70109],[-114.68267,35.68858],[-114.68064,35.68405],[-114.68233,35.67783],[-114.69023,35.66516],[-114.68952,35.65143],[-114.67763,35.64178],[-114.66669,35.62308],[-114.65947,35.61956],[-114.65355,35.60968],[-114.65391,35.5985],[-114.65925,35.58748],[-114.67568,35.58004],[-114.6684,35.57434],[-114.66444,35.56843],[-114.66282,35.56427],[-114.66147,35.54407],[-114.65678,35.53497],[-114.65776,35.53075],[-114.66461,35.52152],[-114.66955,35.5208],[-114.6757,35.51564],[-114.67749,35.51095],[-114.67865,35.49763],[-114.67627,35.49311],[-114.67683,35.48979],[-114.67192,35.48209],[-114.67318,35.47482],[-114.66566,35.46692],[-114.66723,35.46038],[-114.66423,35.45585],[-114.66291,35.44645],[-114.65431,35.43686],[-114.65209,35.43014],[-114.62678,35.40965],[-114.6209,35.39687],[-114.61771,35.38014],[-114.61122,35.37012],[-114.60462,35.35524],[-114.59556,35.32655],[-114.59669,35.29456],[-114.58662,35.26239],[-114.58606,35.2489],[-114.58285,35.23871],[-114.58353,35.23035],[-114.58032,35.2201],[-114.57955,35.20892],[-114.57497,35.20672],[-114.5721,35.2008],[-114.56927,35.18343],[-114.56954,35.16232],[-114.57389,35.14536],[-114.57261,35.13956],[-114.57827,35.12882],[-114.58489,35.1252],[-114.59781,35.12174],[-114.61871,35.12175],[-114.629,35.11942],[-114.62377,35.12061],[-114.63229,35.11709],[-114.64437,35.10591],[-114.64678,35.10187],[-114.64284,35.09651],[-114.62253,35.08871],[-114.61314,35.0831],[-114.60475,35.07484],[-114.60292,35.06859],[-114.60671,35.05895],[-114.62904,35.04254],[-114.63754,35.02706],[-114.63708,35.01038],[-114.63026,34.99465],[-114.62914,34.98614],[-114.63525,34.96515],[-114.63496,34.95892],[-114.62982,34.94482],[-114.62976,34.93869],[-114.63326,34.92461],[-114.63089,34.90727],[-114.63674,34.88911],[-114.63519,34.87501],[-114.63069,34.86636],[-114.62395,34.85974],[-114.60066,34.84737],[-114.58685,34.83568],[-114.57646,34.81531],[-114.57102,34.7943],[-114.55866,34.77386],[-114.55269,34.76688],[-114.52963,34.75083],[-114.51663,34.73675],[-114.49203,34.72571],[-114.48752,34.71663],[-114.48279,34.71452],[-114.47369,34.71397],[-114.47049,34.71137],[-114.46526,34.69121],[-114.45555,34.67734],[-114.45432,34.67124],[-114.45052,34.66684],[-114.4518,34.6639],[-114.45771,34.65933],[-114.458,34.65712],[-114.44956,34.65143],[-114.44148,34.64254],[-114.44031,34.63825],[-114.44141,34.63018],[-114.43875,34.62146],[-114.42421,34.61046],[-114.42535,34.60085],[-114.43682,34.59608],[-114.42239,34.58072],[-114.40524,34.56964],[-114.38085,34.52973],[-114.37823,34.51653],[-114.37814,34.50729],[-114.38237,34.49576],[-114.38171,34.47605],[-114.3872,34.46203],[-114.38671,34.45792],[-114.37373,34.44694],[-114.34263,34.45145],[-114.33538,34.45004],[-114.33068,34.4453],[-114.32614,34.43726],[-114.31226,34.43273],[-114.30103,34.42681],[-114.29485,34.42139],[-114.29224,34.41761],[-114.29176,34.41111],[-114.28867,34.40663],[-114.28012,34.40315],[-114.26433,34.40133],[-114.25275,34.39011],[-114.23429,34.37667],[-114.2297,34.36891],[-114.22612,34.36592],[-114.21379,34.36247],[-114.19949,34.36138],[-114.17692,34.34931],[-114.16882,34.33952],[-114.15722,34.31787],[-114.13829,34.30324],[-114.13955,34.29585],[-114.13606,34.28084],[-114.13668,34.27438],[-114.13122,34.26274],[-114.1315,34.26039],[-114.13546,34.25789],[-114.14479,34.25963],[-114.15336,34.25829],[-114.16466,34.2597],[-114.16388,34.25335],[-114.16614,34.25002],[-114.17461,34.24731],[-114.17806,34.23997],[-114.19089,34.23086],[-114.21177,34.21154],[-114.22521,34.20365],[-114.22495,34.1939],[-114.22705,34.18887],[-114.22973,34.18693],[-114.24072,34.18324],[-114.24443,34.17941],[-114.25705,34.17284],[-114.26847,34.17018],[-114.27528,34.17215],[-114.28731,34.17053],[-114.29282,34.16673],[-114.31222,34.14478],[-114.32079,34.13864],[-114.33612,34.13404],[-114.34806,34.13446],[-114.35304,34.13313],[-114.36041,34.12358],[-114.36653,34.11858],[-114.37923,34.116],[-114.39058,34.11009],[-114.40135,34.11164],[-114.41169,34.11004],[-114.42051,34.10347],[-114.42804,34.09279],[-114.43419,34.08738],[-114.43935,34.0579],[-114.43496,34.03779],[-114.43828,34.02261],[-114.44383,34.01618],[-114.45022,34.01258],[-114.45482,34.01097],[-114.46335,34.01226],[-114.46588,34.01099],[-114.46732,34.0052],[-114.4592,34.00002],[-114.45804,33.99716],[-114.45927,33.99472],[-114.46794,33.99288],[-114.47115,33.98805],[-114.48147,33.98127],[-114.4848,33.97552],[-114.49989,33.96179],[-114.50868,33.95753],[-114.51587,33.95811],[-114.52275,33.95504],[-114.52869,33.94782],[-114.53569,33.93356],[-114.53496,33.92571],[-114.52537,33.92228],[-114.51845,33.91752],[-114.51152,33.9111],[-114.50793,33.90381],[-114.50872,33.90065],[-114.51373,33.89796],[-114.52588,33.90101],[-114.52278,33.89259],[-114.50435,33.87689],[-114.50303,33.868],[-114.50565,33.86428],[-114.51468,33.85864],[-114.5243,33.86014],[-114.52989,33.85757],[-114.52961,33.84807],[-114.51998,33.82539],[-114.52273,33.81898],[-114.52806,33.81497],[-114.51895,33.79731],[-114.51675,33.78835],[-114.50487,33.76047],[-114.50449,33.751],[-114.51236,33.73422],[-114.50419,33.72806],[-114.5008,33.72221],[-114.49658,33.71916],[-114.49421,33.70793],[-114.4965,33.69691],[-114.52397,33.68588],[-114.53036,33.67925],[-114.53153,33.67511],[-114.53213,33.66971],[-114.53028,33.66683],[-114.52645,33.66389],[-114.51712,33.66288],[-114.51407,33.66018],[-114.51457,33.65802],[-114.51835,33.65593],[-114.53059,33.65447],[-114.53321,33.65167],[-114.53323,33.64845],[-114.52541,33.64067],[-114.52381,33.63471],[-114.52638,33.63026],[-114.53105,33.62822],[-114.53123,33.62392],[-114.52186,33.61255],[-114.5292,33.60666],[-114.54063,33.59142],[-114.54031,33.58062],[-114.5368,33.57096],[-114.53162,33.56171],[-114.52823,33.55932],[-114.52423,33.55307],[-114.55891,33.53182],[-114.56097,33.51674],[-114.56954,33.50922],[-114.58048,33.50647],[-114.59238,33.49868],[-114.60171,33.4814],[-114.61248,33.47077],[-114.62293,33.45657],[-114.62229,33.44756],[-114.62965,33.42814],[-114.64331,33.41675],[-114.64955,33.41364],[-114.65675,33.41282],[-114.6737,33.41916],[-114.68796,33.41794],[-114.69567,33.41513],[-114.69772,33.41095],[-114.7018,33.40838],[-114.72008,33.4079],[-114.72529,33.40505],[-114.72426,33.40042],[-114.70732,33.38254],[-114.70736,33.37663],[-114.69907,33.36115],[-114.69805,33.35245],[-114.70095,33.33702],[-114.70788,33.32332],[-114.72363,33.31211],[-114.72992,33.30575],[-114.73123,33.30244],[-114.72168,33.28699],[-114.69446,33.27979],[-114.68052,33.27358],[-114.67704,33.27017],[-114.6721,33.2585],[-114.6745,33.2556],[-114.68955,33.24643],[-114.67364,33.22313],[-114.67876,33.20345],[-114.67537,33.18549],[-114.6809,33.16908],[-114.67996,33.15906],[-114.68742,33.14199],[-114.69693,33.13112],[-114.70369,33.11377],[-114.70791,33.09744],[-114.7065,33.08816],[-114.68903,33.08404],[-114.68913,33.07613],[-114.687,33.07097],[-114.67431,33.05717],[-114.67511,33.04753],[-114.67367,33.0419],[-114.66507,33.03391],[-114.66233,33.03267],[-114.65784,33.03383],[-114.64901,33.04677],[-114.64599,33.04891],[-114.63956,33.04529],[-114.62831,33.03105],[-114.6188,33.02721],[-114.60103,33.02541],[-114.58979,33.02623],[-114.58478,33.02823],[-114.57938,33.03457],[-114.57517,33.03655],[-114.53847,33.03343],[-114.52014,33.02999],[-114.51135,33.02346],[-114.50288,33.01116],[-114.49981,33.00391],[-114.49295,32.97179],[-114.48864,32.96995],[-114.47654,32.97518],[-114.47052,32.97386],[-114.46862,32.97165],[-114.46733,32.96406],[-114.46807,32.95526],[-114.47078,32.94943],[-114.48094,32.93628],[-114.47665,32.92363],[-114.46446,32.91313],[-114.46294,32.90795],[-114.46898,32.84516],[-114.49413,32.82329],[-114.51034,32.81649],[-114.52204,32.80168],[-114.52964,32.79548],[-114.53168,32.79119],[-114.53244,32.77693],[-114.52845,32.76728],[-114.52687,32.7571],[-114.5391,32.75695],[-114.53924,32.74982],[-114.56446,32.74956],[-114.56452,32.74228],[-114.58175,32.74232],[-114.5818,32.73495],[-114.61512,32.73452],[-114.61568,32.72846],[-114.61741,32.72826],[-114.68824,32.73753],[-114.70159,32.74564],[-114.71453,32.73039],[-114.71951,32.71874],[-115.37416,32.67372],[-115.88615,32.63555],[-116.47121,32.58934],[-117.12442,32.53431],[-117.20493,32.52884],[-117.21004,32.55464],[-117.21004,32.57289],[-117.21412,32.59479],[-117.21821,32.6103],[-117.22331,32.62124],[-117.23352,32.61668],[-117.2468,32.61486],[-117.2551,32.61548],[-117.2688,32.61942],[-117.27693,32.62348],[-117.29755,32.64177],[-117.30925,32.65641],[-117.32095,32.68985],[-117.32563,32.73166],[-117.33031,32.80482],[-117.34201,32.84036],[-117.33967,32.85917],[-117.33265,32.88217],[-117.32329,32.90307],[-117.37588,33.07522],[-117.43557,33.17752],[-117.46788,33.2125],[-117.50089,33.24216],[-117.52101,33.26888],[-117.57154,33.31231],[-117.62589,33.34211],[-117.63621,33.34913],[-117.64787,33.36364],[-117.65381,33.36482],[-117.71358,33.40878],[-117.73535,33.40744],[-117.74142,33.41012],[-117.76515,33.43154],[-117.79049,33.46125],[-117.79327,33.46979],[-117.81129,33.48202],[-117.81637,33.49088],[-117.93406,33.54926],[-118.00089,33.59317],[-118.03362,33.60936],[-118.04986,33.62002],[-118.07509,33.63961],[-118.09649,33.65366],[-118.12591,33.69716],[-118.16584,33.69157],[-118.23702,33.6906],[-118.25454,33.67507],[-118.27425,33.66343],[-118.31915,33.65955],[-118.34543,33.66343],[-118.37718,33.67896],[-118.38594,33.68672],[-118.42865,33.70127],[-118.46697,33.72553],[-118.48559,33.75367],[-118.48778,33.77987],[-118.4845,33.80316],[-118.46917,33.81868],[-118.45055,33.83227],[-118.44398,33.83906],[-118.44727,33.84876],[-118.47683,33.88952],[-118.50092,33.91863],[-118.50864,33.93252],[-118.52346,33.95305],[-118.53349,33.9618],[-118.54843,33.97997],[-118.55737,33.98768],[-118.5697,33.98882],[-118.58659,33.98702],[-118.59409,33.98807],[-118.6044,33.98629],[-118.64836,33.98673],[-118.66653,33.98057],[-118.68083,33.97916],[-118.68916,33.97995],[-118.70459,33.97784],[-118.72747,33.98031],[-118.73554,33.97704],[-118.7464,33.97551],[-118.75442,33.9678],[-118.78654,33.95143],[-118.80363,33.94724],[-118.81476,33.94722],[-118.82939,33.9504],[-118.84113,33.95538],[-118.85686,33.96597],[-118.87401,33.98332],[-118.88731,33.98723],[-118.95244,33.99296],[-118.96404,33.99676],[-118.98532,34.00001],[-119.00043,34.00747],[-119.02742,34.01492],[-119.11681,34.02983],[-119.15898,34.04026],[-119.21801,34.0625],[-119.25095,34.10621],[-119.26775,34.12126],[-119.28576,34.14081],[-119.29758,34.16032],[-119.32867,34.22691],[-119.3349,34.23687],[-119.35074,34.24014],[-119.37595,34.24988],[-119.38635,34.25708],[-119.40201,34.27226],[-119.42863,34.27779],[-119.44899,34.28469],[-119.46701,34.29366],[-119.48424,34.30678],[-119.50097,34.32693],[-119.51948,34.33607],[-119.52292,34.33592],[-119.52793,34.33878],[-119.53267,34.33877],[-119.54786,34.34437],[-119.55584,34.34502],[-119.57456,34.35382],[-119.58481,34.36166],[-119.59031,34.36121],[-119.60207,34.36366],[-119.61747,34.36873],[-119.62597,34.36622],[-119.65137,34.36671],[-119.66612,34.35447],[-119.6978,34.34087],[-119.71614,34.33611],[-119.73204,34.3397],[-119.79708,34.36534],[-119.80582,34.36534],[-119.82316,34.35705],[-119.83793,34.35432],[-119.85528,34.35433],[-119.86591,34.35719],[-119.87598,34.35565],[-119.89153,34.35746],[-119.90543,34.36438],[-119.91654,34.37261],[-119.92341,34.37346],[-120.00943,34.40154],[-120.02437,34.40935],[-120.03615,34.40995],[-120.04483,34.41246],[-120.0568,34.40994],[-120.07645,34.41112],[-120.09068,34.40929],[-120.10832,34.4129],[-120.13513,34.42207],[-120.14729,34.42292],[-120.16365,34.42037],[-120.19177,34.41999],[-120.20284,34.42221],[-120.24062,34.41746],[-120.28023,34.4163],[-120.28714,34.41761],[-120.32452,34.40975],[-120.34002,34.40943],[-120.34888,34.40733],[-120.36735,34.40849],[-120.38693,34.40566],[-120.3906,34.4033],[-120.40854,34.39866],[-120.42604,34.39675],[-120.44365,34.39197],[-120.45603,34.39149],[-120.47523,34.39667],[-120.4881,34.39828],[-120.50101,34.40314],[-120.52366,34.41951],[-120.53558,34.43953],[-120.53568,34.4527],[-120.5446,34.46023],[-120.55312,34.47101],[-120.55945,34.48847],[-120.58152,34.49664],[-120.59435,34.50408],[-120.60949,34.50191],[-120.64237,34.50377],[-120.65607,34.5086],[-120.68222,34.52533],[-120.70647,34.55191],[-120.71277,34.5683],[-120.71334,34.57496],[-120.71215,34.58421],[-120.7071,34.59751],[-120.70838,34.60986],[-120.70533,34.62141],[-120.7013,34.63001],[-120.68649,34.64503],[-120.6647,34.69635],[-120.66586,34.69943],[-120.67732,34.70975],[-120.68467,34.72108],[-120.69325,34.73005],[-120.69829,34.73784],[-120.70211,34.74833],[-120.70224,34.76022],[-120.69981,34.77087],[-120.6929,34.78267],[-120.68443,34.80366],[-120.67329,34.83863],[-120.68411,34.84453],[-120.69561,34.85459],[-120.71298,34.86291],[-120.72033,34.86925],[-120.73069,34.88643],[-120.73439,34.9015],[-120.73343,34.91017],[-120.72724,34.92332],[-120.72852,34.93165],[-120.72677,34.94381],[-120.72027,34.9563],[-120.71445,34.96355],[-120.69473,35.02884],[-120.69167,35.06036],[-120.68781,35.07749],[-120.68962,35.09883],[-120.70711,35.10429],[-120.72552,35.11358],[-120.73851,35.10964],[-120.75244,35.10946],[-120.78293,35.11198],[-120.80042,35.11658],[-120.8084,35.12055],[-120.822,35.13145],[-120.83061,35.13187],[-120.83943,35.13466],[-120.85694,35.14282],[-120.87172,35.15371],[-120.87603,35.15972],[-120.89685,35.17135],[-120.9178,35.18738],[-120.92793,35.19944],[-120.93021,35.20464],[-120.93736,35.20805],[-120.94904,35.22102],[-120.96026,35.24363],[-120.96127,35.24998],[-120.95939,35.26544],[-120.95334,35.28485],[-120.92861,35.33072],[-120.92345,35.34842],[-120.9283,35.36097],[-120.93081,35.37498],[-120.93026,35.38309],[-120.9283,35.38685],[-120.9333,35.39275],[-120.95968,35.3965],[-120.97684,35.40356],[-120.98964,35.41114],[-121.00557,35.40951],[-121.01502,35.41063],[-121.04165,35.41999],[-121.05232,35.42855],[-121.06907,35.44726],[-121.08297,35.45565],[-121.09225,35.46668],[-121.10015,35.47088],[-121.11122,35.48133],[-121.11818,35.49061],[-121.12828,35.49561],[-121.15107,35.51642],[-121.17777,35.56126],[-121.18772,35.56908],[-121.20157,35.58369],[-121.22014,35.58688],[-121.23182,35.59404],[-121.2466,35.60037],[-121.25982,35.60176],[-121.27043,35.60648],[-121.28605,35.60844],[-121.30999,35.6171],[-121.32352,35.62497],[-121.33966,35.64243],[-121.34561,35.65597],[-121.34773,35.66499],[-121.36637,35.68042],[-121.37897,35.70603],[-121.37716,35.71647],[-121.37934,35.72696],[-121.38564,35.73369],[-121.39375,35.74997],[-121.39347,35.76341],[-121.39977,35.76535],[-121.42851,35.78591],[-121.45064,35.80979],[-121.45611,35.81772],[-121.48162,35.82936],[-121.50106,35.84275],[-121.5192,35.8634],[-121.53202,35.8848],[-121.54184,35.90166],[-121.56147,35.94382],[-121.58929,35.95928],[-121.62038,35.96911],[-121.63183,35.97895],[-121.64819,35.99862],[-121.67437,36.06467],[-121.70873,36.1026],[-121.72782,36.12901],[-121.73812,36.13578],[-121.74734,36.146],[-121.77071,36.16202],[-121.78798,36.16847],[-121.80237,36.1783],[-121.83169,36.1846],[-121.84642,36.19035],[-121.88021,36.21032],[-121.89353,36.2243],[-121.90118,36.23966],[-121.91128,36.24876],[-121.92037,36.25506],[-121.93067,36.25956],[-121.94421,36.2696],[-121.95768,36.28512],[-121.96319,36.29877],[-121.96463,36.30699],[-121.96289,36.32274],[-121.96738,36.33417],[-121.97189,36.35784],[-121.9723,36.37285],[-121.9704,36.38337],[-121.97565,36.39257],[-121.98106,36.41964],[-121.99293,36.4334],[-121.99713,36.44101],[-122.00085,36.45568],[-121.99949,36.46646],[-122.00898,36.47534],[-122.02201,36.50891],[-122.02272,36.52223],[-122.02053,36.53192],[-122.01747,36.53741],[-122.02905,36.5485],[-122.03747,36.56039],[-122.04406,36.57825],[-122.04416,36.59136],[-122.04075,36.60012],[-122.03426,36.60968],[-122.02014,36.6228],[-122.01936,36.62777],[-122.01419,36.63669],[-122.00114,36.64771],[-122.06833,36.87496],[-122.07641,36.9102],[-122.10305,36.91626],[-122.13058,36.92534],[-122.17204,36.94269],[-122.20934,36.96161],[-122.2511,36.98584],[-122.26106,36.99346],[-122.26567,37.00012],[-122.27639,37.02484],[-122.29033,37.03209],[-122.31391,37.05477],[-122.33643,37.05386],[-122.34822,37.05568],[-122.36002,37.0584],[-122.3761,37.06565],[-122.38575,37.0759],[-122.39314,37.08717],[-122.39689,37.10277],[-122.39693,37.10989],[-122.40441,37.11394],[-122.41338,37.1218],[-122.42136,37.13508],[-122.42848,37.13776],[-122.44565,37.15004],[-122.45544,37.16661],[-122.46413,37.17785],[-122.46807,37.18797],[-122.47225,37.21222],[-122.47908,37.22169],[-122.48172,37.22915],[-122.48406,37.24995],[-122.48179,37.27109],[-122.46588,37.34124],[-122.46702,37.34989],[-122.48747,37.38833],[-122.50356,37.41191],[-122.50775,37.42271],[-122.5099,37.44156],[-122.52761,37.4461],[-122.53735,37.45074],[-122.54701,37.45786],[-122.56811,37.47922],[-122.57279,37.48919],[-122.57498,37.49995],[-122.57958,37.54588],[-122.58647,37.56192],[-122.58819,37.57941],[-122.58647,37.59253],[-122.56751,37.63919],[-122.58129,37.76021],[-122.58474,37.77916],[-122.58819,37.78937],[-122.6123,37.81523],[-122.62612,37.8216],[-122.63249,37.82781],[-122.64318,37.83046],[-122.66744,37.84173],[-122.67567,37.84852],[-122.692,37.84501],[-122.70469,37.8443],[-122.71586,37.84563],[-122.73068,37.85006],[-122.74027,37.85518],[-122.75248,37.8577],[-122.76678,37.86581],[-122.77915,37.87614],[-122.78549,37.88528],[-122.78904,37.89377],[-122.81415,37.90109],[-122.82982,37.91033],[-122.84215,37.92332],[-122.85047,37.94559],[-122.87612,37.96635],[-122.87907,37.96658],[-122.8893,37.97411],[-122.9023,37.97739],[-122.90925,37.96465],[-122.91918,37.95484],[-122.93194,37.94668],[-122.95324,37.9411],[-122.97644,37.94015],[-123.02252,37.94207],[-123.0501,37.94802],[-123.06798,37.95867],[-123.0794,37.97194],[-123.08389,37.98337],[-123.08514,38.00844],[-123.08121,38.01898],[-123.07471,38.0272],[-123.06381,38.03649],[-123.02371,38.12493],[-123.01483,38.14914],[-123.02722,38.16417],[-123.0305,38.17246],[-123.03135,38.18147],[-123.03791,38.1925],[-123.03896,38.19753],[-123.04584,38.20493],[-123.04963,38.21429],[-123.10098,38.26136],[-123.11098,38.26727],[-123.1196,38.27711],[-123.12379,38.28579],[-123.13454,38.29627],[-123.14134,38.31134],[-123.14101,38.32746],[-123.13433,38.34579],[-123.15576,38.3684],[-123.15986,38.37492],[-123.16477,38.38834],[-123.17172,38.39408],[-123.18848,38.40286],[-123.19617,38.41011],[-123.20408,38.42391],[-123.22023,38.44196],[-123.22803,38.44423],[-123.2364,38.45043],[-123.25113,38.45208],[-123.2692,38.45757],[-123.2897,38.46758],[-123.30676,38.47869],[-123.31736,38.48864],[-123.32382,38.49862],[-123.33074,38.49992],[-123.33093,38.50243],[-123.34854,38.50425],[-123.36094,38.51021],[-123.38458,38.53703],[-123.39417,38.55395],[-123.4254,38.58285],[-123.4305,38.59168],[-123.4484,38.6063],[-123.45617,38.61479],[-123.47053,38.63858],[-123.47739,38.64223],[-123.48856,38.65147],[-123.4951,38.66067],[-123.49868,38.66895],[-123.51059,38.68089],[-123.5319,38.69343],[-123.54948,38.70014],[-123.5661,38.70903],[-123.57802,38.71759],[-123.58693,38.72808],[-123.59198,38.74023],[-123.60707,38.74857],[-123.61522,38.74992],[-123.62614,38.75465],[-123.64127,38.7644],[-123.65266,38.77497],[-123.66005,38.78426],[-123.68271,38.79702],[-123.69261,38.81032],[-123.70653,38.81773],[-123.71782,38.82793],[-123.72531,38.84412],[-123.73793,38.85745],[-123.76714,38.8779],[-123.78469,38.89373],[-123.79846,38.92747],[-123.80652,38.94046],[-123.80987,38.96122],[-123.80608,38.97705],[-123.79723,38.98987],[-123.78544,38.99991],[-123.77662,39.00502],[-123.76316,39.00869],[-123.76119,39.01505],[-123.76198,39.0411],[-123.76836,39.05029],[-123.77266,39.06319],[-123.77832,39.06973],[-123.78612,39.09215],[-123.80747,39.12724],[-123.80922,39.14105],[-123.84078,39.18734],[-123.84014,39.19021],[-123.84603,39.1998],[-123.85011,39.2314],[-123.86342,39.25477],[-123.87023,39.28066],[-123.87614,39.29045],[-123.8802,39.3042],[-123.88161,39.31021],[-123.88103,39.31935],[-123.88643,39.32503],[-123.8931,39.3375],[-123.89495,39.34835],[-123.89435,39.35692],[-123.89682,39.3749],[-123.89589,39.3801],[-123.89046,39.3901],[-123.89246,39.40704],[-123.88712,39.42576],[-123.88928,39.43462],[-123.88891,39.44394],[-123.88742,39.45304],[-123.8744,39.48257],[-123.87514,39.49418],[-123.87253,39.50239],[-123.86784,39.50831],[-123.85715,39.51415],[-123.85266,39.51485],[-123.83466,39.5492],[-123.83967,39.55648],[-123.8494,39.57829],[-123.85253,39.59238],[-123.85344,39.60355],[-123.85193,39.64277],[-123.85601,39.65706],[-123.8572,39.6747],[-123.88032,39.68909],[-123.89038,39.70001],[-123.89575,39.71141],[-123.90403,39.75709],[-123.90098,39.78047],[-123.91054,39.79958],[-123.9386,39.81495],[-123.95361,39.827],[-123.97349,39.85357],[-123.98296,39.87678],[-124.00547,39.88929],[-124.00965,39.89375],[-124.01621,39.90741],[-124.03537,39.93108],[-124.0477,39.94096],[-124.07861,39.97227],[-124.0964,39.97502],[-124.10859,39.97885],[-124.12279,39.98874],[-124.13327,39.99987],[-124.1411,40.01098],[-124.14412,40.01818],[-124.14544,40.029],[-124.14411,40.05241],[-124.15378,40.06355],[-124.16894,40.07039],[-124.21797,40.08645],[-124.23122,40.09339],[-124.25772,40.12152],[-124.27211,40.13365],[-124.28785,40.13769],[-124.30994,40.15361],[-124.3337,40.16718],[-124.36869,40.19323],[-124.37927,40.20287],[-124.39279,40.2098],[-124.40316,40.21801],[-124.4213,40.23711],[-124.42674,40.24986],[-124.42916,40.26692],[-124.42791,40.28881],[-124.41829,40.31429],[-124.41856,40.31876],[-124.42796,40.33883],[-124.42807,40.36179],[-124.42948,40.36491],[-124.44472,40.37642],[-124.47864,40.42211],[-124.48202,40.44032],[-124.47917,40.45264],[-124.47591,40.45977],[-124.4658,40.47002],[-124.45597,40.48405],[-124.45257,40.49309],[-124.45189,40.51561],[-124.44769,40.52971],[-124.4272,40.56209],[-124.41202,40.59703],[-124.40338,40.61317],[-124.36889,40.66971],[-124.34291,40.70884],[-124.32744,40.72773],[-124.29935,40.76849],[-124.297,40.78097],[-124.29268,40.7881],[-124.28659,40.7959],[-124.28019,40.79994],[-124.24633,40.84697],[-124.23264,40.86929],[-124.21498,40.90641],[-124.19763,40.95053],[-124.18271,41.00132],[-124.1964,41.00753],[-124.205,41.01364],[-124.21235,41.02381],[-124.21512,41.03142],[-124.22709,41.04663],[-124.22995,41.05461],[-124.23122,41.06551],[-124.23722,41.07385],[-124.23958,41.08287],[-124.24744,41.09223],[-124.2496,41.09903],[-124.25065,41.11029],[-124.24918,41.12016],[-124.25249,41.13408],[-124.24725,41.15282],[-124.23764,41.16596],[-124.21943,41.17769],[-124.2067,41.18241],[-124.19555,41.18459],[-124.1878,41.20957],[-124.17638,41.23715],[-124.17333,41.261],[-124.16072,41.2893],[-124.16341,41.29317],[-124.178,41.29123],[-124.19234,41.292],[-124.20493,41.29558],[-124.22005,41.303],[-124.23141,41.31232],[-124.23822,41.32145],[-124.24218,41.33262],[-124.24243,41.34331],[-124.2382,41.35871],[-124.2311,41.36886],[-124.21923,41.3783],[-124.20653,41.38472],[-124.18862,41.38927],[-124.17657,41.39036],[-124.15421,41.38763],[-124.13999,41.38183],[-124.13324,41.43232],[-124.13692,41.44683],[-124.13651,41.46427],[-124.14414,41.48689],[-124.15132,41.49985],[-124.15183,41.50822],[-124.15796,41.51897],[-124.16012,41.52939],[-124.16051,41.54341],[-124.17229,41.55098],[-124.17997,41.55833],[-124.185,41.56577],[-124.18835,41.574],[-124.18714,41.58898],[-124.1892,41.59179],[-124.19055,41.59875],[-124.19013,41.6082],[-124.20135,41.61941],[-124.2098,41.63521],[-124.21143,41.64169],[-124.2105,41.64947],[-124.2118,41.66191],[-124.20856,41.67382],[-124.21172,41.6812],[-124.22262,41.68527],[-124.23687,41.69465],[-124.24949,41.69696],[-124.26244,41.70186],[-124.27808,41.70968],[-124.30032,41.72415],[-124.33062,41.7338],[-124.3692,41.76342],[-124.37621,41.76463],[-124.39207,41.77238],[-124.41077,41.78832],[-124.41754,41.80002],[-124.4292,41.80973],[-124.43505,41.81659],[-124.43892,41.82451],[-124.44072,41.83875],[-124.43503,41.85651],[-124.42612,41.86878],[-124.41133,41.88206],[-124.40126,41.88559],[-124.38881,41.88677],[-124.35657,41.88515],[-124.34766,41.88316],[-124.333,41.87701],[-124.31195,41.85879],[-124.29802,41.86068],[-124.28505,41.85949],[-124.27966,41.87484],[-124.28075,41.87484],[-124.27613,41.90306],[-124.2857,41.91292],[-124.28995,41.92006],[-124.29195,41.9285],[-124.28994,41.94544],[-124.28478,41.95684],[-124.28859,41.96957],[-124.3012,41.98299],[-124.30701,41.99291],[-124.31796,41.99464],[-124.33867,42.00326],[-124.34662,42.01079],[-124.34919,42.01639],[-124.36093,42.02035],[-124.37506,42.02924],[-124.3862,42.04237],[-124.39036,42.05018],[-124.40483,42.05943],[-124.41629,42.07486],[-124.41977,42.08529],[-124.42066,42.09817],[-124.42442,42.10695],[-124.426,42.11792],[-124.43247,42.13185],[-124.43534,42.14987],[-124.43353,42.16484],[-124.44125,42.1767],[-124.44738,42.18151],[-124.45198,42.18785],[-124.46332,42.19499],[-124.47137,42.20373],[-124.48007,42.2196],[-124.48369,42.22962],[-124.4857,42.24984],[-124.48219,42.26821],[-124.47827,42.27801],[-124.4848,42.28325],[-124.49035,42.29065],[-124.49492,42.30576],[-124.49409,42.32588],[-124.48656,42.33828],[-124.49534,42.3496],[-124.50002,42.36511],[-124.50034,42.38007],[-124.49417,42.39609],[-124.52711,42.40556],[-124.54271,42.41526],[-124.54968,42.42207],[-124.55583,42.43249],[-124.56177,42.43829],[-124.56952,42.45459],[-124.57045,42.46338],[-124.56724,42.4778],[-124.55467,42.49415],[-124.54753,42.49984],[-124.54432,42.49984],[-124.53524,42.50492],[-124.5187,42.51108],[-124.51218,42.52434],[-124.50123,42.53539],[-124.48985,42.54291],[-124.46791,42.55083],[-124.46537,42.55304],[-124.47409,42.56281],[-124.47944,42.57396],[-124.48085,42.58158],[-124.47996,42.59149],[-124.47293,42.61076],[-124.47357,42.61474],[-124.49256,42.61542],[-124.50851,42.61957],[-124.51957,42.62484],[-124.53033,42.63229],[-124.5406,42.6445],[-124.54574,42.65717],[-124.54744,42.67241],[-124.54414,42.68382],[-124.56125,42.69276],[-124.5847,42.71931],[-124.60163,42.71663],[-124.62064,42.71767],[-124.64214,42.71612],[-124.66465,42.72049],[-124.68243,42.73019],[-124.69073,42.73826],[-124.70036,42.75253],[-124.70356,42.77037],[-124.7003,42.78403],[-124.69583,42.79113],[-124.68065,42.80426],[-124.67793,42.81433],[-124.67178,42.82559],[-124.65514,42.84003],[-124.65247,42.8507],[-124.64517,42.8619],[-124.62624,42.8758],[-124.62214,42.8772],[-124.61597,42.89289],[-124.60687,42.90353],[-124.59185,42.91472],[-124.57237,42.92252],[-124.56476,42.93302],[-124.55899,42.94557],[-124.55353,42.95172],[-124.53062,42.99984],[-124.53301,42.99984],[-124.52501,43.01643],[-124.50535,43.06796],[-124.50795,43.0733],[-124.50921,43.08542],[-124.51444,43.09427],[-124.51638,43.10255],[-124.51504,43.1145],[-124.51585,43.12484],[-124.50598,43.14338],[-124.49394,43.15355],[-124.48163,43.15945],[-124.47583,43.17886],[-124.46525,43.20031],[-124.46946,43.20831],[-124.47128,43.21952],[-124.47034,43.2455],[-124.46502,43.25747],[-124.45551,43.26824],[-124.46368,43.27476],[-124.47486,43.28857],[-124.47802,43.30346],[-124.47696,43.32938],[-124.47165,43.33916],[-124.46144,43.35012],[-124.44671,43.35816],[-124.44109,43.37289],[-124.42566,43.38589],[-124.40782,43.3937],[-124.3922,43.39655],[-124.38029,43.40285],[-124.36033,43.43432],[-124.35148,43.45425],[-124.34385,43.46502],[-124.32873,43.49984],[-124.29678,43.58596],[-124.28035,43.6484],[-124.28494,43.65988],[-124.28531,43.67273],[-124.27965,43.68715],[-124.26572,43.70156],[-124.24367,43.79167],[-124.23025,43.86337],[-124.20791,44.00214],[-124.21256,44.01413],[-124.21274,44.02457],[-124.20519,44.04064],[-124.19539,44.09747],[-124.19933,44.11126],[-124.19919,44.12721],[-124.201,44.13953],[-124.19556,44.15483],[-124.18902,44.16423],[-124.18677,44.17649],[-124.18825,44.19153],[-124.18598,44.19901],[-124.18561,44.2216],[-124.18285,44.23096],[-124.18681,44.24466],[-124.18433,44.25799],[-124.18813,44.27098],[-124.18653,44.28436],[-124.18766,44.28856],[-124.1806,44.30778],[-124.18167,44.31681],[-124.16353,44.37485],[-124.1586,44.40609],[-124.15344,44.46504],[-124.16393,44.48841],[-124.16457,44.49985],[-124.15969,44.52342],[-124.15554,44.53103],[-124.1461,44.54023],[-124.14268,44.56327],[-124.13803,44.57765],[-124.13433,44.58319],[-124.14841,44.59835],[-124.15124,44.60292],[-124.15234,44.60935],[-124.14909,44.62484],[-124.13745,44.64101],[-124.14786,44.65489],[-124.15202,44.66321],[-124.15398,44.67534],[-124.15106,44.69033],[-124.14442,44.69932],[-124.13913,44.71054],[-124.14038,44.71763],[-124.14681,44.73083],[-124.14832,44.7404],[-124.14532,44.75752],[-124.14777,44.77358],[-124.14373,44.80323],[-124.13957,44.81158],[-124.14158,44.83344],[-124.13903,44.84418],[-124.13622,44.84925],[-124.13044,44.85573],[-124.11659,44.86634],[-124.09795,44.92966],[-124.09952,44.93691],[-124.0985,44.94543],[-124.09064,44.96591],[-124.08945,44.98933],[-124.08622,45.00287],[-124.09223,45.01141],[-124.09749,45.02736],[-124.09674,45.04047],[-124.09358,45.05417],[-124.08144,45.08546],[-124.07335,45.0996],[-124.06526,45.10767],[-124.05582,45.12483],[-124.05015,45.14069],[-124.04481,45.166],[-124.04509,45.1798],[-124.05114,45.18712],[-124.05706,45.19885],[-124.0595,45.20666],[-124.05984,45.2156],[-124.05485,45.23021],[-124.04334,45.24518],[-124.04027,45.26883],[-124.04237,45.28218],[-124.04657,45.29317],[-124.06125,45.30417],[-124.07384,45.31751],[-124.07699,45.33008],[-124.07699,45.34185],[-124.0728,45.35599],[-124.0665,45.36698],[-124.05818,45.37642],[-124.04332,45.38407],[-124.03651,45.41334],[-124.03583,45.42206],[-124.04347,45.4267],[-124.05317,45.43575],[-124.05896,45.44201],[-124.06397,45.45152],[-124.06456,45.46757],[-124.05938,45.48122],[-124.05479,45.48871],[-124.05645,45.50215],[-124.05313,45.51423],[-124.03912,45.53025],[-124.02667,45.53788],[-124.02694,45.54602],[-124.03624,45.56304],[-124.03713,45.57173],[-124.03555,45.58073],[-124.03038,45.5925],[-124.03109,45.60193],[-124.02934,45.61247],[-124.02135,45.62483],[-124.01909,45.62604],[-124.01666,45.63212],[-124.01588,45.66097],[-124.01167,45.67672],[-124.01082,45.70829],[-124.01913,45.71274],[-124.02482,45.72024],[-124.03046,45.72099],[-124.04381,45.72731],[-124.06003,45.73955],[-124.06798,45.75032],[-124.07041,45.76275],[-124.06898,45.77272],[-124.06207,45.78975],[-124.05413,45.79754],[-124.05604,45.80658],[-124.05566,45.81649],[-124.05141,45.82685],[-124.03772,45.84162],[-124.04201,45.84856],[-124.04337,45.88709],[-124.04583,45.8906],[-124.06643,45.89813],[-124.08017,45.90827],[-124.08652,45.91633],[-124.09059,45.92576],[-124.09245,45.93427],[-124.09193,45.94346],[-124.08491,45.96014],[-124.07083,45.97394],[-124.05119,45.98301],[-124.03956,45.98594],[-124.01918,46.0038],[-124.00814,46.00995],[-124.00681,46.01786],[-124.0028,46.02755],[-124.00514,46.05739],[-124.00981,46.08198],[-124.02308,46.11628],[-124.05067,46.16392],[-124.06733,46.18385],[-124.08854,46.18788],[-124.1113,46.1959],[-124.12343,46.20273],[-124.13355,46.21171],[-124.14704,46.22886],[-124.16235,46.2681],[-124.15944,46.28645],[-124.15435,46.29523],[-124.15351,46.30206],[-124.1502,46.30638],[-124.14407,46.32195],[-124.14178,46.33434],[-124.13522,46.34937],[-124.13055,46.40832],[-124.13,46.4316],[-124.13384,46.49072],[-124.13531,46.5423],[-124.14197,46.58696],[-124.1433,46.63117],[-124.14775,46.64061],[-124.14968,46.65008],[-124.14883,46.66099],[-124.14527,46.67048],[-124.15413,46.6892],[-124.15702,46.70225],[-124.16853,46.73043],[-124.17142,46.74543],[-124.17094,46.7585],[-124.17515,46.79374],[-124.18122,46.79374],[-124.1946,46.8441],[-124.20948,46.87482],[-124.23441,46.89119],[-124.24394,46.90894],[-124.24666,46.91782],[-124.24972,46.95629],[-124.24155,46.99981],[-124.24403,47.01886],[-124.24415,47.05865],[-124.24833,47.07085],[-124.25131,47.09666],[-124.27367,47.14814],[-124.27251,47.16084],[-124.27368,47.16508],[-124.27952,47.17439],[-124.29587,47.21251],[-124.30638,47.24809],[-124.33607,47.26161],[-124.35131,47.2764],[-124.35909,47.29279],[-124.35966,47.30934],[-124.39137,47.32977],[-124.39955,47.34078],[-124.41357,47.36874],[-124.42174,47.3933],[-124.42174,47.40685],[-124.41941,47.41447],[-124.40656,47.42803],[-124.42058,47.45598],[-124.42175,47.46868],[-124.42058,47.47546],[-124.41707,47.47885],[-124.41707,47.48154],[-124.44003,47.56904],[-124.44823,47.57788],[-124.45318,47.58674],[-124.45557,47.59618],[-124.45514,47.60662],[-124.45961,47.61575],[-124.46142,47.62497],[-124.48697,47.6212],[-124.51494,47.62371],[-124.5376,47.63186],[-124.55464,47.64443],[-124.56129,47.65272],[-124.56555,47.66186],[-124.56725,47.67155],[-124.56657,47.68024],[-124.55942,47.69579],[-124.54821,47.70956],[-124.54032,47.71645],[-124.55621,47.72904],[-124.57592,47.75642],[-124.58929,47.76354],[-124.59907,47.77165],[-124.60811,47.78486],[-124.63323,47.80679],[-124.64185,47.81943],[-124.65408,47.82528],[-124.6654,47.83364],[-124.6906,47.84427],[-124.7042,47.85474],[-124.71217,47.86567],[-124.71717,47.87901],[-124.71442,47.87902],[-124.72087,47.88831],[-124.73967,47.89756],[-124.75381,47.91053],[-124.75807,47.91804],[-124.76063,47.92729],[-124.7582,47.94398],[-124.77688,47.95209],[-124.78757,47.95889],[-124.79522,47.96651],[-124.80013,47.9752],[-124.80323,47.98675],[-124.80327,47.99402],[-124.80093,48.00847],[-124.79701,48.01794],[-124.80117,48.03781],[-124.79665,48.04947],[-124.78612,48.06133],[-124.78802,48.07597],[-124.7852,48.08712],[-124.79494,48.09698],[-124.80036,48.10486],[-124.80392,48.11429],[-124.81627,48.12176],[-124.82406,48.12931],[-124.83161,48.14266],[-124.83269,48.14773],[-124.8392,48.15289],[-124.84315,48.15843],[-124.84855,48.17401],[-124.84827,48.18821],[-124.84568,48.1949],[-124.83823,48.20403],[-124.82147,48.21759],[-124.80503,48.22432],[-124.78052,48.22859],[-124.79026,48.24636],[-124.79088,48.25303],[-124.78876,48.26638],[-124.78642,48.2723],[-124.77693,48.28359],[-124.7614,48.29569],[-124.76728,48.30515],[-124.77125,48.31604],[-124.77046,48.32354],[-124.78615,48.33189],[-124.80055,48.34998],[-124.80379,48.35695],[-124.80341,48.363],[-124.81012,48.36999],[-124.81701,48.38548],[-124.81728,48.39839],[-124.81252,48.41064],[-124.80775,48.41756],[-124.78857,48.43217],[-124.76496,48.44155],[-124.74585,48.44567],[-124.76034,48.45543],[-124.76529,48.46057],[-124.77228,48.47382],[-124.7721,48.48612],[-124.76839,48.49541],[-124.76305,48.49979],[-124.74976,48.49979],[-124.01207,48.29668],[-123.67908,48.24],[-123.54123,48.22456],[-123.24845,48.28402],[-123.11515,48.42284],[-123.15989,48.45351],[-123.21894,48.54871],[-123.26789,48.694],[-123.0085,48.7671],[-123.0085,48.83122],[-123.32226,49.00208],[-122.17237,49.00243]]],[[[-118.57835,33.08625],[-118.55264,33.07864],[-118.54212,33.07379],[-118.52374,33.05998],[-118.51498,33.04989],[-118.50768,33.03789],[-118.49559,33.02634],[-118.49114,33.01793],[-118.48951,33.01063],[-118.44888,32.96175],[-118.42335,32.94649],[-118.39695,32.92255],[-118.36253,32.90012],[-118.31036,32.85951],[-118.29726,32.8451],[-118.29241,32.8364],[-118.2888,32.82083],[-118.28992,32.81053],[-118.29283,32.80381],[-118.30286,32.78885],[-118.32383,32.77352],[-118.3432,32.76707],[-118.35911,32.76616],[-118.37839,32.77024],[-118.39257,32.75851],[-118.40416,32.75331],[-118.41981,32.75004],[-118.43655,32.75004],[-118.45382,32.75512],[-118.46472,32.76018],[-118.47392,32.76683],[-118.48439,32.77862],[-118.50092,32.79203],[-118.50766,32.79688],[-118.51583,32.79958],[-118.5351,32.81059],[-118.54674,32.82069],[-118.5532,32.8288],[-118.56254,32.84944],[-118.59694,32.89047],[-118.6053,32.90854],[-118.60548,32.91821],[-118.60881,32.92769],[-118.62213,32.94144],[-118.63553,32.9656],[-118.64474,33.00004],[-118.67019,33.00004],[-118.67856,33.02636],[-118.67822,33.03973],[-118.67562,33.04935],[-118.66386,33.06685],[-118.65438,33.07496],[-118.64131,33.08189],[-118.61963,33.08672],[-118.57835,33.08625]]],[[[-119.50095,33.32911],[-119.43001,33.30104],[-119.37595,33.26476],[-119.36214,33.24523],[-119.36015,33.23488],[-119.36245,33.21483],[-119.36846,33.2026],[-119.37595,33.19219],[-119.39455,33.18084],[-119.43373,33.16699],[-119.47876,33.16367],[-119.49143,33.16702],[-119.51201,33.16776],[-119.55321,33.18127],[-119.56934,33.18462],[-119.58098,33.19019],[-119.61148,33.21274],[-119.61993,33.22683],[-119.6252,33.23247],[-119.6313,33.24498],[-119.63106,33.2555],[-119.63631,33.27304],[-119.63383,33.28933],[-119.62596,33.30504],[-119.60931,33.31823],[-119.58817,33.32698],[-119.56494,33.32764],[-119.54941,33.33279],[-119.5342,33.33526],[-119.52533,33.33487],[-119.50095,33.32911]]],[[[-118.58583,33.53088],[-118.57916,33.52841],[-118.5672,33.52949],[-118.55776,33.52833],[-118.54661,33.53085],[-118.52939,33.53119],[-118.50677,33.52492],[-118.49335,33.51573],[-118.48263,33.51606],[-118.46897,33.513],[-118.45684,33.50688],[-118.43685,33.48945],[-118.42711,33.48717],[-118.42085,33.48179],[-118.40324,33.47927],[-118.35941,33.46493],[-118.35093,33.45782],[-118.34207,33.45388],[-118.32467,33.44199],[-118.31636,33.43414],[-118.31096,33.42514],[-118.3066,33.40716],[-118.30411,33.40364],[-118.29468,33.3976],[-118.27722,33.38075],[-118.26276,33.37044],[-118.25139,33.3534],[-118.24511,33.33835],[-118.2413,33.32303],[-118.24106,33.31303],[-118.24595,33.29107],[-118.25092,33.28047],[-118.26919,33.26568],[-118.29247,33.25408],[-118.31379,33.24914],[-118.32801,33.24809],[-118.34378,33.25003],[-118.36332,33.25508],[-118.3815,33.2623],[-118.3856,33.26536],[-118.40257,33.26794],[-118.42753,33.26597],[-118.45508,33.26902],[-118.4867,33.27691],[-118.5104,33.28966],[-118.5349,33.31518],[-118.54086,33.32509],[-118.54749,33.34048],[-118.54962,33.35065],[-118.55121,33.36936],[-118.54794,33.3768],[-118.55339,33.38023],[-118.57321,33.38348],[-118.59109,33.39088],[-118.60724,33.3983],[-118.61859,33.4062],[-118.62593,33.41427],[-118.63075,33.42321],[-118.65507,33.44531],[-118.66176,33.45632],[-118.66593,33.46734],[-118.66822,33.48594],[-118.66673,33.49349],[-118.65826,33.50789],[-118.64407,33.52129],[-118.62593,33.52898],[-118.61217,33.53185],[-118.59367,33.53224],[-118.58583,33.53088]]],[[[-119.00808,33.53756],[-118.99447,33.53272],[-118.98216,33.52426],[-118.9729,33.51384],[-118.96603,33.50003],[-118.96277,33.48521],[-118.96376,33.46683],[-118.97849,33.43111],[-118.98874,33.42345],[-119.00094,33.4185],[-119.00094,33.42131],[-119.00954,33.41677],[-119.02706,33.41288],[-119.05308,33.41103],[-119.07191,33.4138],[-119.09414,33.42688],[-119.10077,33.43525],[-119.10889,33.45116],[-119.10958,33.47428],[-119.10723,33.50003],[-119.11896,33.50003],[-119.11509,33.50987],[-119.10873,33.51927],[-119.09051,33.5303],[-119.07016,33.53642],[-119.05657,33.53603],[-119.03075,33.54012],[-119.00808,33.53756]]],[[[-120.34651,34.13668],[-120.33857,34.12169],[-120.32435,34.1138],[-120.3211,34.11045],[-120.31172,34.10951],[-120.2978,34.10412],[-120.28466,34.09475],[-120.2743,34.0818],[-120.27159,34.07415],[-120.25286,34.05804],[-120.22489,34.06132],[-120.2104,34.06086],[-120.19759,34.05815],[-120.19413,34.05873],[-120.18547,34.06622],[-120.17114,34.07332],[-120.13502,34.07881],[-120.12014,34.07895],[-120.10293,34.0745],[-120.0803,34.08641],[-120.06334,34.08972],[-120.04517,34.09061],[-120.01952,34.08772],[-120.01022,34.08405],[-120.00098,34.07868],[-120.00098,34.07682],[-119.99166,34.06487],[-119.98196,34.08938],[-119.9744,34.09675],[-119.97237,34.10335],[-119.96548,34.11256],[-119.94785,34.125],[-119.92881,34.12991],[-119.91338,34.13015],[-119.89419,34.12578],[-119.876,34.12624],[-119.8521,34.12096],[-119.82923,34.11871],[-119.79261,34.10638],[-119.76904,34.11195],[-119.75099,34.11259],[-119.72599,34.10209],[-119.70948,34.10067],[-119.69302,34.09486],[-119.65494,34.07122],[-119.64518,34.08006],[-119.61428,34.09944],[-119.5999,34.10401],[-119.56553,34.10881],[-119.54826,34.10779],[-119.53843,34.10542],[-119.51999,34.09723],[-119.47732,34.07183],[-119.46785,34.06294],[-119.43733,34.06772],[-119.40936,34.06679],[-119.39702,34.0638],[-119.36789,34.07042],[-119.3564,34.07081],[-119.34247,34.06897],[-119.32116,34.06062],[-119.30517,34.04745],[-119.29765,34.03659],[-119.29441,34.02751],[-119.29312,34.02016],[-119.29406,34.01109],[-119.29625,33.99724],[-119.29878,33.99345],[-119.3041,33.98654],[-119.31846,33.9749],[-119.33281,33.96773],[-119.35187,33.96446],[-119.36284,33.95877],[-119.37718,33.9544],[-119.38941,33.95327],[-119.39338,33.95469],[-119.40294,33.95379],[-119.41136,33.95542],[-119.41701,33.95378],[-119.43297,33.95591],[-119.47266,33.97065],[-119.4923,33.98322],[-119.50096,33.97149],[-119.51226,33.9622],[-119.52332,33.95493],[-119.53896,33.94766],[-119.55048,33.94496],[-119.5633,33.94496],[-119.57246,33.94114],[-119.5907,33.93958],[-119.6021,33.93677],[-119.62597,33.93604],[-119.63674,33.93828],[-119.68761,33.91564],[-119.7075,33.91039],[-119.73143,33.91028],[-119.74136,33.91262],[-119.75857,33.9108],[-119.77284,33.91242],[-119.77833,33.91062],[-119.78938,33.91014],[-119.81024,33.90133],[-119.82322,33.89939],[-119.83443,33.90079],[-119.84745,33.90423],[-119.86196,33.91084],[-119.89626,33.93575],[-119.90477,33.93968],[-119.91104,33.9239],[-119.91894,33.91436],[-119.9392,33.89865],[-119.95031,33.89438],[-119.96269,33.89244],[-119.98085,33.89232],[-120.00097,33.88525],[-120.01542,33.87515],[-120.01935,33.87056],[-120.02782,33.86652],[-120.03455,33.86448],[-120.04792,33.8636],[-120.07066,33.85649],[-120.08012,33.85051],[-120.09047,33.84632],[-120.1041,33.8424],[-120.12598,33.84235],[-120.14956,33.84797],[-120.15709,33.85343],[-120.17033,33.85742],[-120.18301,33.86629],[-120.18823,33.86636],[-120.1934,33.86853],[-120.19953,33.87501],[-120.22114,33.88419],[-120.23873,33.90411],[-120.25098,33.90844],[-120.26451,33.91892],[-120.27311,33.92958],[-120.28005,33.95394],[-120.29899,33.96846],[-120.3174,33.96638],[-120.33227,33.96843],[-120.34689,33.9635],[-120.36709,33.96104],[-120.39565,33.96743],[-120.41178,33.97705],[-120.43219,33.97471],[-120.4462,33.97738],[-120.46679,33.97612],[-120.48078,33.98027],[-120.49774,33.9912],[-120.501,33.99631],[-120.50621,34],[-120.5188,34.01408],[-120.52315,34.02282],[-120.52586,34.033],[-120.52646,34.04146],[-120.5234,34.05114],[-120.53108,34.05169],[-120.55006,34.05729],[-120.5594,34.06238],[-120.57382,34.07597],[-120.58156,34.09149],[-120.58228,34.10752],[-120.57907,34.1186],[-120.5751,34.12648],[-120.56786,34.13562],[-120.56101,34.14067],[-120.53813,34.15035],[-120.51605,34.1528],[-120.49739,34.1499],[-120.48144,34.14217],[-120.47167,34.13411],[-120.45702,34.14577],[-120.44101,34.15449],[-120.42662,34.15926],[-120.41104,34.16008],[-120.36199,34.14878],[-120.3505,34.14145],[-120.34651,34.13668]]],[[[-122.93972,37.71535],[-122.93588,37.70246],[-122.93735,37.69093],[-122.94138,37.67658],[-122.94502,37.66978],[-122.94908,37.66338],[-122.95489,37.65835],[-122.97303,37.64659],[-122.98676,37.64179],[-123.00112,37.63983],[-123.00112,37.64178],[-123.01162,37.64151],[-123.02717,37.64523],[-123.04071,37.65033],[-123.06359,37.66732],[-123.0686,37.67305],[-123.07493,37.69007],[-123.08607,37.70075],[-123.09286,37.71369],[-123.10493,37.71265],[-123.11559,37.71405],[-123.13261,37.7194],[-123.16276,37.74354],[-123.17294,37.7636],[-123.17384,37.77573],[-123.16912,37.79237],[-123.16095,37.80201],[-123.14722,37.81196],[-123.13945,37.81672],[-123.12613,37.82167],[-123.1183,37.82306],[-123.09527,37.82188],[-123.08166,37.81816],[-123.07051,37.81383],[-123.04883,37.79982],[-123.03874,37.78889],[-123.03385,37.77838],[-123.0106,37.77493],[-123.00112,37.77206],[-122.98743,37.76387],[-122.97761,37.75498],[-122.97327,37.74866],[-122.96411,37.74429],[-122.95,37.73219],[-122.93972,37.71535]]]]},"properties":{"fid":5,"zone":"Pacific","utc":"-08:00","Shape__Area":127.15011154799163,"Shape__Length":75.44837932138248}},{"type":"Feature","id":6,"geometry":{"type":"MultiPolygon","coordinates":[[[[-155.75907,71.28518],[-155.75625,71.28338],[-155.65797,71.28704],[-155.4589,71.26859],[-155.30021,71.23526],[-155.1465,71.22348],[-155.00336,71.20008],[-154.82135,71.15896],[-154.62631,71.10072],[-154.49882,71.05537],[-154.43771,71.02355],[-153.89921,70.93622],[-153.74241,70.94506],[-153.51244,70.93594],[-153.44511,70.94086],[-153.27434,70.97096],[-153.13707,70.97406],[-153.05278,70.96772],[-153.00015,70.96988],[-152.93902,70.96112],[-152.86253,70.96418],[-152.81688,70.96052],[-152.67995,70.93458],[-152.50979,70.93473],[-152.39643,70.91095],[-152.34246,70.90706],[-152.15188,70.87513],[-152.08076,70.84407],[-152.05819,70.84117],[-152.04639,70.81316],[-151.61277,70.5936],[-151.54624,70.58304],[-151.51681,70.57136],[-151.50336,70.53602],[-151.54775,70.50412],[-151.54892,70.49109],[-151.36929,70.47339],[-151.31501,70.46343],[-151.18987,70.49292],[-151.04468,70.49762],[-150.92975,70.51429],[-150.87118,70.53554],[-150.79519,70.54836],[-150.65236,70.54485],[-150.60155,70.55129],[-150.50084,70.54885],[-150.43537,70.55785],[-150.34527,70.55323],[-150.32325,70.57856],[-150.24275,70.60434],[-150.1179,70.60618],[-150.03357,70.5877],[-149.99343,70.6042],[-149.92954,70.61476],[-149.79599,70.61187],[-149.71916,70.62194],[-149.67991,70.6215],[-149.40738,70.60383],[-149.29594,70.58765],[-149.21738,70.58293],[-149.1825,70.57454],[-149.09051,70.56542],[-148.97498,70.53371],[-148.78729,70.52538],[-148.71184,70.50767],[-148.6518,70.47817],[-148.5489,70.47297],[-148.48704,70.45332],[-148.51551,70.47748],[-148.51497,70.48972],[-148.50278,70.50433],[-148.42134,70.53287],[-148.29255,70.53746],[-148.23392,70.52891],[-148.21046,70.51825],[-148.1691,70.51775],[-148.12696,70.50135],[-148.09966,70.524],[-148.052,70.53883],[-148.00354,70.54558],[-147.89966,70.5421],[-147.81856,70.52002],[-147.8039,70.50815],[-147.78938,70.50012],[-147.77851,70.49166],[-147.77566,70.48492],[-147.77947,70.47187],[-147.74475,70.47199],[-147.70751,70.46964],[-147.65252,70.45971],[-147.63817,70.4549],[-147.62268,70.44715],[-147.6113,70.43648],[-147.56246,70.44659],[-147.45519,70.44571],[-147.37255,70.43054],[-147.32838,70.40743],[-147.27737,70.40252],[-147.22597,70.38899],[-147.18265,70.36976],[-147.17194,70.35017],[-147.09645,70.35861],[-147.00003,70.35551],[-146.92655,70.35078],[-146.84152,70.33496],[-146.77791,70.31575],[-146.7465,70.29187],[-146.709,70.28243],[-146.609,70.28727],[-146.45698,70.28039],[-146.37795,70.28375],[-146.24921,70.26734],[-146.20609,70.2547],[-146.10404,70.25329],[-145.98181,70.24231],[-145.74189,70.19924],[-145.56459,70.14455],[-145.45015,70.13316],[-145.36662,70.11273],[-145.33554,70.09871],[-145.27939,70.08896],[-145.06502,70.08761],[-144.98613,70.07031],[-144.92659,70.04002],[-144.84337,70.03958],[-144.6815,70.01577],[-144.52914,70.07906],[-144.434,70.09273],[-144.36699,70.09228],[-144.14312,70.13187],[-144.05689,70.13867],[-144.01162,70.15671],[-143.94062,70.16969],[-143.83065,70.17035],[-143.57569,70.19943],[-143.49145,70.19593],[-143.46182,70.19054],[-143.44475,70.18556],[-143.41148,70.18357],[-143.36082,70.19633],[-143.29624,70.2017],[-143.22647,70.202],[-143.16792,70.1935],[-143.14148,70.1876],[-143.12299,70.18059],[-143.10442,70.16919],[-143.05031,70.15983],[-143.02796,70.15119],[-142.96967,70.14068],[-142.89013,70.12363],[-142.85827,70.11427],[-142.80294,70.10705],[-142.76042,70.09543],[-142.70633,70.0882],[-142.48031,70.03391],[-142.42519,70.01146],[-142.34954,69.99447],[-142.31241,69.98032],[-142.31159,69.97775],[-142.30762,69.97572],[-142.28451,69.97155],[-142.25817,69.96431],[-142.23983,69.95474],[-142.20613,69.9467],[-142.17111,69.93524],[-142.05784,69.90335],[-141.99338,69.89126],[-141.91405,69.87204],[-141.8029,69.85493],[-141.74614,69.84824],[-141.67691,69.83525],[-141.59148,69.81458],[-141.45289,69.77278],[-141.38388,69.74998],[-141.37793,69.74415],[-141.13362,69.72535],[-141.02425,69.70847],[-141.00281,69.70365],[-141.00063,69.64129],[-141.00093,68.49836],[-141.00272,68.49837],[-141.00276,68.29249],[-141.0025,65.83942],[-141.00135,65.83944],[-141.00249,65.83399],[-141.00134,65.00008],[-141.002,60.30637],[-140.93076,60.29345],[-140.76943,60.26031],[-140.52045,60.21982],[-140.45823,60.30809],[-139.98112,60.18197],[-139.693,60.33523],[-139.07484,60.35251],[-139.07215,60.31943],[-139.19887,60.0883],[-139.05369,59.99484],[-138.79854,59.92465],[-138.7074,59.90633],[-138.67948,59.84537],[-138.66867,59.80966],[-138.62622,59.76858],[-138.03073,59.46484],[-137.60738,59.24381],[-137.54215,59.10643],[-137.50002,58.9854],[-137.52645,58.90684],[-137.4474,58.90952],[-137.26477,59.00236],[-136.86392,59.13848],[-136.82665,59.15839],[-136.58154,59.16491],[-136.48842,59.25929],[-136.49578,59.27514],[-136.46927,59.28408],[-136.4774,59.37624],[-136.47718,59.46583],[-136.37247,59.44962],[-136.36253,59.45038],[-136.30504,59.46452],[-136.23853,59.52433],[-136.23985,59.55942],[-136.35396,59.59983],[-136.19293,59.64003],[-135.95267,59.66217],[-135.47918,59.79805],[-135.36013,59.73762],[-135.25279,59.69828],[-135.23369,59.69615],[-135.21987,59.66278],[-135.15761,59.62572],[-135.11785,59.62307],[-135.02892,59.56366],[-135.02758,59.47474],[-135.0773,59.45177],[-135.10104,59.42754],[-134.98977,59.38713],[-135.03055,59.34635],[-134.95993,59.28093],[-134.70074,59.24902],[-134.67914,59.19228],[-134.56559,59.13113],[-134.48342,59.13161],[-134.44714,59.08923],[-134.3819,59.03877],[-134.40717,58.97921],[-134.31375,58.96222],[-134.33648,58.92342],[-134.25809,58.86104],[-133.97224,58.76728],[-133.84053,58.72945],[-133.70714,58.61228],[-133.55783,58.52314],[-133.37732,58.43055],[-133.46152,58.38773],[-133.34545,58.27634],[-133.27,58.22711],[-133.17233,58.15368],[-133.17696,58.15057],[-133.07644,57.99977],[-132.86934,57.84295],[-132.75683,57.7051],[-132.65814,57.61949],[-132.65248,57.60736],[-132.5537,57.49652],[-132.38962,57.36556],[-132.363,57.34202],[-132.24794,57.21126],[-132.369,57.09152],[-132.04521,57.04506],[-132.12359,56.87365],[-131.8729,56.806],[-131.90109,56.75368],[-131.86069,56.70299],[-131.83535,56.59921],[-131.58109,56.61224],[-131.47205,56.55267],[-131.17349,56.44953],[-131.08737,56.40601],[-130.782,56.36685],[-130.62333,56.26688],[-130.54055,56.24745],[-130.46789,56.24306],[-130.42602,56.14157],[-130.35011,56.12855],[-130.24625,56.09642],[-130.10382,56.1228],[-130.0035,56.00808],[-130.0177,55.91195],[-130.0038,55.91194],[-130.0038,55.90745],[-130.08351,55.82171],[-130.12478,55.80565],[-130.15242,55.76629],[-130.14778,55.71491],[-130.11168,55.68291],[-130.12792,55.58104],[-130.08987,55.49798],[-130.04123,55.45173],[-130.02113,55.33792],[-129.97667,55.30038],[-129.97419,55.28192],[-130.10286,55.19261],[-130.14614,55.14285],[-130.15245,55.12462],[-130.1809,55.09126],[-130.18758,55.06285],[-130.27335,54.97397],[-130.34456,54.91882],[-130.42273,54.87338],[-130.45941,54.84847],[-130.56822,54.79216],[-130.62889,54.78272],[-130.65906,54.76306],[-130.62574,54.73808],[-130.62866,54.72474],[-130.64313,54.69469],[-130.64158,54.68067],[-130.64793,54.64891],[-130.72661,54.66993],[-131.05374,54.68723],[-131.20309,54.69132],[-131.76236,54.68684],[-132.00483,54.68245],[-132.92572,54.65897],[-133.64892,54.63205],[-133.65965,54.64916],[-133.69667,54.73605],[-133.72452,54.79498],[-133.74158,54.82293],[-133.75608,54.87728],[-133.76645,54.90498],[-133.77607,54.93736],[-133.78454,54.95349],[-133.79055,55.00059],[-133.76701,55.02586],[-133.75104,55.03652],[-133.70096,55.07862],[-133.66023,55.11719],[-133.61368,55.17027],[-133.6115,55.17646],[-133.63748,55.17881],[-133.64819,55.1815],[-133.67003,55.18784],[-133.69124,55.19848],[-133.6975,55.2079],[-133.70396,55.22031],[-133.70476,55.22633],[-133.70763,55.22938],[-133.74151,55.25037],[-133.76172,55.2658],[-133.77564,55.28225],[-133.77573,55.30287],[-133.77885,55.31005],[-133.77847,55.31962],[-133.77032,55.33512],[-133.76139,55.34627],[-133.76739,55.35764],[-133.77217,55.37915],[-133.76917,55.38893],[-133.77162,55.39433],[-133.80735,55.38804],[-133.83306,55.38857],[-133.87394,55.39884],[-133.88572,55.40395],[-133.89717,55.41495],[-133.90717,55.43401],[-133.90447,55.4462],[-133.89788,55.45908],[-133.88386,55.46959],[-133.8614,55.48064],[-133.86122,55.50163],[-133.84576,55.52524],[-133.83486,55.53326],[-133.83611,55.54606],[-133.83429,55.55683],[-133.82936,55.57092],[-133.81037,55.58641],[-133.81306,55.59376],[-133.81395,55.60305],[-133.80863,55.61606],[-133.79827,55.63324],[-133.80777,55.63837],[-133.81269,55.64514],[-133.84225,55.64723],[-133.86752,55.65733],[-133.88251,55.67354],[-133.8877,55.68364],[-133.88617,55.70061],[-133.87958,55.71546],[-133.85225,55.73332],[-133.8318,55.74151],[-133.84328,55.75181],[-133.84854,55.7634],[-133.84898,55.77807],[-133.838,55.7933],[-133.85575,55.79481],[-133.85674,55.79288],[-133.88592,55.78024],[-133.89627,55.77814],[-133.90832,55.77634],[-133.93658,55.776],[-133.96527,55.7807],[-133.9959,55.79521],[-134.00241,55.79938],[-134.0074,55.80594],[-134.01279,55.81971],[-134.01165,55.8302],[-134.00677,55.84222],[-134.0022,55.84727],[-134.00844,55.85123],[-134.01925,55.86494],[-134.02644,55.88244],[-134.027,55.892],[-134.03675,55.8809],[-134.04663,55.85048],[-134.16364,55.72188],[-134.19205,55.69306],[-134.29761,55.72064],[-134.42105,55.74864],[-134.50308,55.77728],[-134.56939,55.80401],[-134.60233,55.82251],[-134.62907,55.8436],[-134.64129,55.85795],[-134.64515,55.86522],[-134.6457,55.87148],[-134.6385,55.88916],[-134.63202,55.89876],[-134.62215,55.9087],[-134.60158,55.92293],[-134.52499,55.94857],[-134.51252,55.95594],[-134.49656,55.9699],[-134.49306,55.97748],[-134.49031,55.99268],[-134.49419,55.99964],[-134.53281,56.02827],[-134.65222,56.13448],[-134.6664,56.14503],[-134.66642,56.14759],[-134.67949,56.1529],[-134.72081,56.17435],[-134.81508,56.21586],[-134.84603,56.23396],[-135.19982,56.5064],[-135.78682,56.9413],[-135.85992,56.9924],[-135.86412,56.9967],[-136.04682,57.2718],[-136.23792,57.5345],[-136.34865,57.67807],[-136.40752,57.7499],[-136.45445,57.83068],[-136.46468,57.83729],[-136.53785,57.84771],[-136.57453,57.85798],[-136.58798,57.86325],[-136.61668,57.86922],[-136.64464,57.88377],[-136.65859,57.90146],[-136.66214,57.92031],[-136.66052,57.93887],[-136.65419,57.95278],[-136.64848,57.95833],[-136.65624,57.97847],[-136.65115,57.99378],[-136.6694,57.99855],[-136.67917,58.01427],[-136.67891,58.0363],[-136.66861,58.04851],[-136.66151,58.06382],[-136.65721,58.08448],[-136.65026,58.10263],[-136.61519,58.12072],[-136.54379,58.14434],[-136.51029,58.15347],[-136.51545,58.18059],[-136.54478,58.16445],[-136.55939,58.16193],[-136.59061,58.15197],[-136.61636,58.14723],[-136.65841,58.14565],[-136.71157,58.15567],[-136.73896,58.16607],[-136.75901,58.17647],[-136.76201,58.17941],[-136.79145,58.18271],[-136.81443,58.18879],[-136.844,58.20676],[-136.85325,58.21916],[-136.85523,58.23085],[-136.88076,58.25078],[-136.89779,58.25952],[-136.93785,58.2686],[-136.97486,58.29605],[-137.00868,58.33316],[-137.01082,58.33948],[-137.01452,58.34431],[-137.04516,58.33015],[-137.07237,58.32362],[-137.12032,58.32967],[-137.14961,58.34131],[-137.1968,58.36816],[-137.24756,58.39285],[-137.28067,58.40314],[-137.31585,58.41012],[-137.35917,58.43038],[-137.37419,58.44091],[-137.41483,58.45114],[-137.45048,58.46433],[-137.49308,58.48608],[-137.53354,58.50939],[-137.57976,58.52801],[-137.60259,58.54175],[-137.63101,58.54819],[-137.67507,58.55484],[-137.72063,58.57086],[-137.76224,58.59651],[-137.76845,58.62716],[-137.77596,58.64076],[-137.80053,58.65621],[-137.86957,58.69156],[-137.99606,58.74951],[-138.01716,58.77127],[-138.02084,58.78186],[-138.02163,58.79003],[-138.02663,58.79712],[-138.02931,58.8055],[-138.02713,58.81864],[-138.01154,58.83868],[-138.01175,58.84184],[-138.01929,58.85436],[-138.02149,58.86145],[-138.03646,58.87266],[-138.1154,58.91976],[-138.2241,58.96885],[-138.23705,58.97688],[-138.25253,58.98944],[-138.27897,59.00045],[-138.34995,59.02237],[-138.47143,59.04911],[-138.6182,59.07473],[-138.63772,59.07965],[-138.75857,59.12653],[-138.87392,59.18017],[-138.96703,59.21155],[-139.05106,59.23366],[-139.26197,59.28164],[-139.39029,59.31739],[-139.58191,59.37838],[-139.71639,59.43432],[-139.90286,59.49799],[-140.42512,59.65703],[-140.58423,59.66659],[-140.63685,59.66605],[-140.67613,59.66895],[-140.75335,59.67744],[-140.80989,59.6863],[-140.84595,59.68897],[-140.91289,59.69846],[-141.05224,59.73785],[-141.34279,59.80988],[-141.40612,59.82382],[-141.75505,59.91874],[-141.79564,59.9269],[-141.91392,59.95827],[-142.00186,59.97461],[-142.13812,59.98748],[-142.19406,59.99761],[-142.2973,60.01183],[-142.40849,60.02032],[-142.4256,60.01889],[-142.44815,60.01963],[-142.47125,60.02369],[-142.49552,60.03306],[-142.57801,60.04352],[-142.7574,60.05223],[-142.82607,60.0511],[-143.05251,60.02824],[-143.11706,60.0195],[-143.15454,60.01913],[-143.49093,60.00349],[-143.53947,59.99994],[-143.64272,59.98883],[-143.75897,59.96606],[-143.85117,59.9437],[-143.89523,59.94265],[-143.9467,59.93084],[-144.03361,59.91967],[-144.1441,59.91945],[-144.41053,59.74628],[-144.5422,59.71932],[-144.67679,59.7274],[-144.77813,59.77857],[-144.77782,59.82994],[-144.64175,59.92439],[-144.53971,60.01015],[-144.6073,60.07835],[-144.77604,60.12959],[-145.098,60.14611],[-145.31771,60.17969],[-145.62172,60.25581],[-145.82435,60.31512],[-145.97659,60.31465],[-146.17933,60.28006],[-146.46573,60.2125],[-146.73433,60.15414],[-146.9393,60.10385],[-147.00259,60.09755],[-147.10196,60.08134],[-147.16159,60.053],[-147.24176,59.99832],[-147.27115,59.96344],[-147.28096,59.92358],[-147.28099,59.87873],[-147.33485,59.83388],[-147.52087,59.77408],[-147.68726,59.74168],[-147.8194,59.73667],[-147.95646,59.74413],[-148.03968,59.76905],[-148.10077,59.8157],[-148.21853,59.87564],[-148.43725,59.89281],[-148.6055,59.8843],[-148.98022,59.89372],[-149.26965,59.84542],[-149.46753,59.73377],[-149.62132,59.52752],[-150.45648,59.30869],[-150.53198,59.29286],[-150.55072,59.28726],[-150.59126,59.27908],[-150.71099,59.25023],[-150.80108,59.23183],[-150.99222,59.18084],[-151.25531,59.13777],[-151.31617,59.12534],[-151.37474,59.11067],[-151.44419,59.09969],[-151.49116,59.09586],[-151.8554,59.07762],[-153.0212,59.00245],[-153.18411,58.90573],[-153.1736,58.90019],[-153.16516,58.89272],[-153.15779,58.88144],[-153.15286,58.86902],[-153.15167,58.85756],[-153.15237,58.84758],[-153.16705,58.82302],[-153.18639,58.80762],[-153.20252,58.80133],[-153.18914,58.79415],[-153.17666,58.78467],[-153.17021,58.77517],[-153.16595,58.76499],[-153.16687,58.75518],[-153.1761,58.74151],[-153.18699,58.72935],[-153.21409,58.71638],[-153.24482,58.70747],[-153.27805,58.7069],[-153.30726,58.70916],[-153.31804,58.71296],[-153.35746,58.68181],[-153.3716,58.67328],[-153.4788,58.6417],[-153.45793,58.62346],[-153.44704,58.59841],[-153.45186,58.58497],[-153.4615,58.57261],[-153.46873,58.5665],[-153.49182,58.5555],[-153.51517,58.5484],[-153.55714,58.54376],[-153.59269,58.54225],[-153.59743,58.533],[-153.60983,58.51975],[-153.62802,58.5083],[-153.65412,58.4996],[-153.69238,58.49351],[-153.77843,58.50405],[-153.7995,58.50922],[-153.81068,58.51539],[-153.82109,58.4878],[-153.84444,58.47226],[-153.86808,58.46028],[-153.88182,58.4565],[-153.88411,58.44881],[-153.88392,58.43855],[-153.87674,58.43076],[-153.87262,58.41514],[-153.86419,58.40878],[-153.85854,58.3976],[-153.85689,58.38437],[-153.85858,58.37428],[-153.90935,58.32911],[-153.92601,58.3198],[-153.97006,58.31273],[-154.00211,58.27244],[-154.0264,58.24692],[-154.03906,58.23036],[-154.05248,58.20118],[-154.05294,58.1892],[-154.05899,58.17521],[-154.07011,58.16236],[-154.08285,58.15401],[-154.10894,58.14601],[-154.11043,58.13139],[-154.11959,58.11323],[-154.13367,58.10014],[-154.15521,58.09098],[-154.18019,58.08484],[-154.21182,58.08029],[-154.22049,58.06617],[-154.23798,58.05455],[-154.25697,58.04499],[-154.26554,58.03823],[-154.2882,58.03082],[-154.31569,58.02717],[-154.33515,58.02671],[-154.39076,57.9993],[-154.53962,57.9882],[-154.58916,57.98978],[-154.70901,57.9823],[-154.74777,57.96919],[-154.77633,57.96271],[-154.80095,57.95915],[-154.84039,57.96222],[-154.86532,57.96764],[-154.89382,57.98354],[-154.94076,57.97507],[-154.95396,57.94979],[-154.96971,57.92786],[-154.98072,57.89481],[-154.99404,57.86319],[-155.03439,57.8245],[-155.04355,57.81239],[-155.06087,57.80291],[-155.0789,57.79534],[-155.09944,57.79124],[-155.12904,57.78795],[-155.16088,57.79059],[-155.15074,57.77196],[-155.15008,57.75002],[-155.17924,57.73226],[-155.20998,57.71626],[-155.22532,57.69888],[-155.24581,57.6816],[-155.27702,57.67611],[-155.27622,57.66996],[-155.28097,57.65683],[-155.30042,57.6429],[-155.32738,57.63296],[-155.36093,57.62503],[-155.37958,57.62597],[-155.43199,57.63248],[-155.45988,57.63765],[-155.58913,57.60828],[-155.60105,57.61084],[-155.63951,57.60227],[-155.63259,57.58681],[-155.64552,57.52236],[-155.66798,57.50835],[-155.71928,57.49742],[-155.76443,57.4991],[-155.79615,57.49553],[-155.81686,57.49771],[-155.84451,57.49751],[-155.85081,57.48838],[-155.91983,57.43303],[-155.93978,57.41287],[-155.97894,57.3959],[-156.09838,57.37985],[-156.11457,57.36852],[-156.14185,57.35364],[-156.16722,57.34585],[-156.16959,57.34292],[-156.17107,57.33408],[-156.18418,57.31723],[-156.19672,57.3102],[-156.20099,57.3017],[-156.21563,57.28198],[-156.24706,57.24378],[-156.24179,57.23218],[-156.22541,57.21731],[-156.21453,57.19518],[-156.22783,57.16246],[-156.26278,57.1336],[-156.3165,57.1055],[-156.31239,57.08705],[-156.31169,57.06792],[-156.32804,57.05329],[-156.32863,56.75],[-158.00002,55.63944],[-159.44689,55.63853],[-159.46912,55.61925],[-159.48883,55.60894],[-159.51264,55.60121],[-159.52154,55.60089],[-159.51086,55.58622],[-159.504,55.56736],[-159.50507,55.55811],[-159.51147,55.54962],[-159.53817,55.53201],[-159.55291,55.52815],[-159.58468,55.52426],[-159.63341,55.52361],[-159.65532,55.52889],[-159.95116,55.50758],[-159.95192,55.50223],[-159.96327,55.48968],[-159.99516,55.46847],[-160.00206,55.45908],[-160.01828,55.45231],[-160.04118,55.44888],[-160.05932,55.41621],[-160.05291,55.40711],[-160.0553,55.39948],[-160.05056,55.39578],[-160.00189,55.38838],[-159.99639,55.39019],[-159.96194,55.36866],[-159.9326,55.33698],[-159.89938,55.34415],[-159.88357,55.3452],[-159.84332,55.34005],[-159.82685,55.33487],[-159.80423,55.32398],[-159.79252,55.31715],[-159.76682,55.29309],[-159.75791,55.27568],[-159.7559,55.26234],[-159.74845,55.24263],[-159.73791,55.22229],[-159.736,55.22611],[-159.72224,55.23329],[-159.70429,55.23987],[-159.68705,55.2433],[-159.66023,55.24291],[-159.64344,55.25467],[-159.60908,55.26779],[-159.60294,55.27268],[-159.59989,55.28046],[-159.57304,55.31214],[-159.56205,55.32037],[-159.54435,55.32841],[-159.52199,55.33419],[-159.49977,55.33671],[-159.48262,55.33629],[-159.44783,55.3291],[-159.41533,55.31538],[-159.40703,55.30891],[-159.40181,55.30221],[-159.39808,55.29337],[-159.39741,55.28042],[-159.39951,55.25979],[-159.40687,55.25491],[-159.41981,55.2499],[-159.42051,55.24445],[-159.41849,55.23573],[-159.42029,55.22304],[-159.42606,55.21234],[-159.4271,55.20115],[-159.40811,55.1744],[-159.40469,55.15974],[-159.40387,55.14947],[-159.40588,55.13741],[-159.41091,55.1235],[-159.38635,55.12471],[-159.37616,55.12321],[-159.36566,55.12092],[-159.3485,55.1129],[-159.34283,55.11571],[-159.32201,55.11825],[-159.30365,55.11649],[-159.27965,55.11201],[-159.27495,55.10912],[-159.26897,55.10983],[-159.25285,55.10617],[-159.23344,55.09864],[-159.21659,55.08744],[-159.20921,55.07725],[-159.20432,55.06601],[-159.20322,55.04334],[-159.21232,55.02584],[-159.24006,55.01188],[-159.25508,55.0062],[-159.24948,54.9999],[-159.25016,54.9981],[-159.24509,54.99789],[-159.23334,54.99374],[-159.21363,54.98425],[-159.17944,54.97676],[-159.14163,54.96054],[-159.12603,54.94971],[-159.11804,54.94084],[-159.11328,54.93033],[-159.11181,54.91569],[-159.11904,54.90244],[-159.13271,54.88553],[-159.17245,54.85417],[-159.20153,54.83367],[-159.22662,54.82068],[-159.26059,54.81274],[-159.27738,54.81121],[-159.30079,54.81288],[-159.33372,54.81862],[-159.36232,54.82832],[-159.38066,54.84039],[-159.39541,54.85821],[-159.40426,54.86165],[-159.41692,54.87225],[-159.4313,54.89126],[-159.4318,54.8942],[-159.4393,54.896],[-159.45743,54.89252],[-159.48008,54.89512],[-159.50328,54.90076],[-159.52953,54.91446],[-159.54146,54.92396],[-159.54662,54.93358],[-159.5408,54.96012],[-159.54055,54.96806],[-159.54327,54.97637],[-159.56484,54.9914],[-159.58036,54.9876],[-159.59226,54.98739],[-159.60417,54.98939],[-159.62621,54.98648],[-159.67658,54.98724],[-159.69815,54.99317],[-159.70706,54.99749],[-159.70353,54.99979],[-159.72452,55.01779],[-159.72842,54.99999],[-159.73475,54.99025],[-159.7609,54.97184],[-159.76862,54.96867],[-159.77401,54.96849],[-159.76956,54.96341],[-159.76758,54.95661],[-159.77036,54.94747],[-159.77575,54.93784],[-159.7889,54.92566],[-159.81606,54.90953],[-159.84612,54.90244],[-159.87505,54.90424],[-159.90694,54.90947],[-159.937,54.91905],[-159.953,54.92938],[-159.95388,54.92001],[-159.95882,54.91322],[-159.9713,54.9005],[-159.98684,54.89122],[-160.0107,54.88362],[-160.03451,54.8796],[-160.06594,54.88108],[-160.08642,54.8862],[-160.094,54.89038],[-160.09804,54.88542],[-160.10119,54.86948],[-160.11306,54.85492],[-160.13011,54.84311],[-160.15544,54.82902],[-160.18556,54.81527],[-160.20774,54.80734],[-160.24198,54.80347],[-160.25813,54.80689],[-160.27741,54.81524],[-160.30283,54.82975],[-160.3158,54.84329],[-160.32373,54.85557],[-160.32338,54.85977],[-160.3299,54.86391],[-160.33722,54.87728],[-160.3432,54.89436],[-160.34341,54.93088],[-160.33609,54.94991],[-160.32687,54.95969],[-160.29768,54.97647],[-160.30182,54.98147],[-160.30142,54.98633],[-160.29288,55.00067],[-160.24438,55.02258],[-160.25654,55.02879],[-160.26194,55.0352],[-160.26502,55.0507],[-160.26273,55.07285],[-160.27783,55.08886],[-160.28854,55.11163],[-160.28534,55.12456],[-160.27097,55.13887],[-160.24565,55.15238],[-160.21461,55.16012],[-160.20619,55.17219],[-160.19027,55.18535],[-160.16131,55.19484],[-160.1497,55.19638],[-160.14959,55.21017],[-160.14124,55.22532],[-160.13011,55.23868],[-160.13929,55.24231],[-160.15601,55.25381],[-160.1673,55.27253],[-160.16767,55.27985],[-160.18201,55.2886],[-160.18643,55.29684],[-160.19079,55.31538],[-160.20052,55.32316],[-160.2036,55.33578],[-160.22572,55.34672],[-160.23899,55.34028],[-160.21932,55.32246],[-160.21581,55.30828],[-160.22137,55.28923],[-160.23825,55.27252],[-160.23593,55.26835],[-160.23413,55.25685],[-160.24256,55.24106],[-160.27839,55.20507],[-160.29276,55.198],[-160.32119,55.19346],[-160.35362,55.19366],[-160.36685,55.19648],[-160.36786,55.18442],[-160.37693,55.16542],[-160.39362,55.1547],[-160.41154,55.14628],[-160.41794,55.13228],[-160.43091,55.12282],[-160.43939,55.11966],[-160.44694,55.10817],[-160.43179,55.09467],[-160.42722,55.07614],[-160.43095,55.06486],[-160.44834,55.04606],[-160.46086,55.03585],[-160.47836,55.02947],[-160.51949,55.02512],[-160.55435,55.03086],[-160.57328,55.03698],[-160.59175,55.05277],[-160.59844,55.06402],[-160.6025,55.08318],[-160.59871,55.09406],[-160.6077,55.09836],[-160.61251,55.0955],[-160.64899,55.09629],[-160.67829,55.10739],[-160.69919,55.10754],[-160.70971,55.11206],[-160.72339,55.09982],[-160.78638,55.07082],[-160.8103,55.06847],[-160.83679,55.06815],[-160.86772,55.07556],[-160.88603,55.08461],[-160.8997,55.09535],[-160.90775,55.11304],[-160.90723,55.12392],[-160.90148,55.13555],[-160.90617,55.15259],[-160.90508,55.15945],[-160.93561,55.17823],[-160.9415,55.18849],[-160.94272,55.20233],[-160.93308,55.22413],[-160.92238,55.23806],[-160.93866,55.25265],[-160.94396,55.26383],[-160.94252,55.28117],[-160.93866,55.29176],[-160.94947,55.31122],[-160.95344,55.32537],[-160.94436,55.34157],[-160.93111,55.35652],[-160.91655,55.36462],[-160.89967,55.37861],[-160.89242,55.38067],[-160.89198,55.38849],[-160.88768,55.39664],[-160.87528,55.40809],[-160.85903,55.41987],[-160.90792,55.42037],[-160.93284,55.40565],[-160.99592,55.38124],[-161.11256,55.34344],[-161.13882,55.33747],[-161.1483,55.32692],[-161.15376,55.32379],[-161.19301,55.30814],[-161.21981,55.30278],[-161.22615,55.29947],[-161.23954,55.29846],[-161.23873,55.29605],[-161.21968,55.29414],[-161.18563,55.28576],[-161.17283,55.29538],[-161.12861,55.31339],[-161.10423,55.31677],[-161.09001,55.31665],[-161.06902,55.31239],[-161.04949,55.30503],[-161.03112,55.29474],[-161.01974,55.28466],[-161.01599,55.27677],[-161.01294,55.263],[-161.01606,55.25142],[-161.02655,55.23911],[-161.03964,55.22946],[-161.05865,55.22013],[-161.0804,55.21436],[-161.10661,55.21229],[-161.13169,55.21394],[-161.15552,55.22246],[-161.16789,55.21092],[-161.18138,55.20423],[-161.205,55.19832],[-161.23433,55.19379],[-161.24853,55.19326],[-161.25319,55.18671],[-161.24445,55.17305],[-161.24323,55.1635],[-161.25122,55.14646],[-161.24652,55.12698],[-161.2547,55.1134],[-161.27227,55.10009],[-161.29107,55.09203],[-161.31359,55.08662],[-161.34576,55.08524],[-161.37541,55.08916],[-161.38772,55.0785],[-161.39873,55.07204],[-161.41775,55.06682],[-161.4176,55.06206],[-161.38994,55.05455],[-161.37374,55.04596],[-161.36125,55.03383],[-161.35317,55.0196],[-161.35262,55.00998],[-161.35954,54.99145],[-161.3849,54.97396],[-161.39412,54.96849],[-161.41701,54.96315],[-161.43327,54.96227],[-161.4408,54.96375],[-161.45134,54.95497],[-161.46119,54.9511],[-161.47011,54.94973],[-161.49302,54.95454],[-161.52589,54.95159],[-161.55348,54.95446],[-161.56758,54.95749],[-161.57725,54.96184],[-161.5846,54.96795],[-161.59139,54.96367],[-161.62779,54.95749],[-161.6595,54.95638],[-161.6723,54.95925],[-161.66695,54.94293],[-161.6667,54.92812],[-161.67509,54.91839],[-161.68809,54.90757],[-161.7173,54.89574],[-161.71003,54.89159],[-161.66761,54.88287],[-161.65242,54.87504],[-161.64106,54.86369],[-161.63282,54.85034],[-161.63009,54.84035],[-161.61573,54.83892],[-161.59769,54.82916],[-161.57676,54.81421],[-161.56476,54.7972],[-161.56635,54.78475],[-161.57657,54.76071],[-161.59033,54.74985],[-161.60495,54.74242],[-161.63986,54.73616],[-161.67282,54.73781],[-161.6919,54.74335],[-161.69839,54.74744],[-161.70276,54.74296],[-161.71021,54.73915],[-161.75369,54.72759],[-161.76579,54.72774],[-161.76508,54.72446],[-161.78275,54.70676],[-161.80939,54.69293],[-161.84103,54.68452],[-161.86197,54.68982],[-161.87464,54.68646],[-161.88913,54.68695],[-161.93586,54.69524],[-161.95707,54.70825],[-161.96469,54.71694],[-161.96686,54.7148],[-161.98331,54.71209],[-162.01188,54.71842],[-162.01362,54.71598],[-162.0456,54.70568],[-162.05659,54.70453],[-162.05115,54.70168],[-162.03327,54.68106],[-162.02854,54.65912],[-162.03467,54.64478],[-162.04804,54.63191],[-162.0629,54.62518],[-162.07984,54.62128],[-162.10486,54.61829],[-162.16111,54.62651],[-162.18729,54.63958],[-162.19376,54.63637],[-162.20594,54.63497],[-162.23142,54.63682],[-162.24049,54.64053],[-162.23945,54.63871],[-162.24232,54.61667],[-162.25275,54.60337],[-162.27942,54.58235],[-162.3093,54.57512],[-162.32189,54.57583],[-162.31733,54.57243],[-162.31513,54.54572],[-162.32181,54.53193],[-162.33783,54.5178],[-162.36505,54.50769],[-162.39194,54.50489],[-162.42853,54.50767],[-162.44278,54.51221],[-162.46515,54.52485],[-162.47983,54.54093],[-162.48377,54.5585],[-162.47837,54.57562],[-162.46419,54.58752],[-162.47755,54.59522],[-162.48792,54.61025],[-162.49037,54.62238],[-162.48365,54.64006],[-162.46894,54.65862],[-162.4599,54.66652],[-162.47725,54.67026],[-162.50703,54.6827],[-162.52626,54.69469],[-162.53938,54.70721],[-162.54967,54.72537],[-162.55495,54.74934],[-162.54699,54.76457],[-162.53316,54.77661],[-162.51274,54.78537],[-162.49739,54.78718],[-162.4831,54.79272],[-162.50676,54.80586],[-162.51262,54.81149],[-162.53847,54.81098],[-162.56939,54.81513],[-162.6,54.82681],[-162.61895,54.84523],[-162.61856,54.85849],[-162.61462,54.8779],[-162.60644,54.89021],[-162.57891,54.90852],[-162.5914,54.90695],[-162.61334,54.91344],[-162.62784,54.92115],[-162.64081,54.93006],[-162.64302,54.93332],[-162.6456,54.92717],[-162.65112,54.92216],[-162.67407,54.91339],[-162.69388,54.90815],[-162.70685,54.90916],[-162.71735,54.902],[-162.73261,54.89576],[-162.7619,54.88974],[-162.78336,54.8878],[-162.79082,54.88882],[-162.79147,54.87834],[-162.80426,54.86637],[-162.82208,54.85659],[-162.84683,54.84843],[-162.89392,54.84424],[-162.90894,54.84895],[-162.93076,54.85911],[-162.96782,54.88252],[-163.06322,54.87952],[-163.0629,54.8696],[-163.06897,54.86172],[-163.07941,54.85384],[-163.09705,54.84687],[-163.11011,54.84619],[-163.12055,54.8355],[-163.13202,54.83013],[-163.13732,54.82982],[-163.14176,54.82025],[-163.13483,54.81882],[-163.12722,54.81271],[-163.12226,54.81402],[-163.11533,54.81322],[-163.10495,54.80939],[-163.09192,54.7995],[-163.07087,54.78874],[-163.05782,54.77341],[-163.04779,54.76958],[-163.02826,54.75722],[-163.01224,54.7391],[-162.98434,54.72306],[-162.96862,54.7087],[-162.96444,54.69618],[-162.96206,54.68206],[-162.95191,54.66602],[-162.95479,54.65982],[-162.96993,54.65058],[-162.98604,54.63769],[-162.9998,54.62353],[-163.02565,54.61116],[-163.05916,54.6062],[-163.10979,54.61131],[-163.1262,54.61582],[-163.14079,54.61332],[-163.19341,54.61422],[-163.22511,54.61729],[-163.30614,54.60794],[-163.34722,54.60668],[-163.41396,54.60038],[-163.42784,54.6004],[-163.4359,54.60281],[-163.45387,54.59114],[-163.46623,54.58687],[-163.5011,54.58201],[-163.50404,54.57493],[-163.51604,54.56067],[-163.5262,54.55166],[-163.55208,54.54135],[-163.56407,54.53959],[-163.59358,54.54114],[-163.62993,54.54946],[-163.67336,54.56226],[-163.71282,54.57019],[-163.75789,54.57203],[-163.95296,54.56844],[-163.98561,54.56679],[-164.0018,54.5636],[-164.03187,54.56495],[-164.05619,54.56365],[-164.12269,54.55612],[-164.15177,54.54909],[-164.20514,54.53251],[-164.22788,54.52366],[-164.23959,54.5137],[-164.2399,54.51027],[-164.23664,54.49991],[-164.24918,54.47802],[-164.25003,54.46793],[-164.25809,54.45626],[-164.2767,54.43721],[-164.31631,54.41143],[-164.34689,54.39657],[-164.38611,54.38473],[-164.39514,54.37854],[-164.41501,54.36882],[-164.45724,54.364],[-164.48708,54.3696],[-164.4928,54.36607],[-164.50223,54.36322],[-164.56451,54.35201],[-164.58154,54.34544],[-164.61713,54.33887],[-164.66336,54.33754],[-164.69651,54.3412],[-164.70599,54.3442],[-164.7237,54.339],[-164.74064,54.33726],[-164.77646,54.33908],[-164.8054,54.34554],[-164.85835,54.36212],[-164.87132,54.36404],[-164.90132,54.37465],[-164.92491,54.39166],[-164.96193,54.42666],[-164.9726,54.44089],[-164.98283,54.44462],[-164.99565,54.45731],[-165.00829,54.49138],[-165.01607,54.50137],[-165.02699,54.52077],[-165.03114,54.5531],[-165.03679,54.56189],[-165.03618,54.5766],[-165.01964,54.6067],[-164.9995,54.62625],[-164.90306,54.66646],[-164.87688,54.67543],[-164.86369,54.67612],[-164.83519,54.68734],[-164.80891,54.69116],[-164.7828,54.6917],[-164.75633,54.71731],[-164.7447,54.7306],[-164.73494,54.74502],[-164.7061,54.77348],[-164.70347,54.788],[-164.69853,54.80154],[-164.68327,54.81668],[-164.6707,54.82425],[-164.6512,54.8442],[-164.64406,54.88541],[-164.63756,54.90076],[-164.62776,54.91153],[-164.61427,54.92388],[-164.60127,54.93064],[-164.5825,54.93452],[-164.57219,54.94391],[-164.55284,54.95045],[-164.5212,54.96912],[-164.47527,54.97627],[-164.4388,54.97959],[-164.41817,54.97956],[-164.38307,54.97434],[-164.36098,54.9691],[-164.30754,54.95146],[-164.2979,54.95264],[-164.26778,54.96418],[-164.255,54.97074],[-164.22658,54.99033],[-164.21349,54.99496],[-164.20411,55.00063],[-164.15789,55.01565],[-164.1097,55.01816],[-164.08561,55.01565],[-164.04747,55.02066],[-164.01534,55.03692],[-164.00317,55.04686],[-163.95019,55.07881],[-163.91272,55.09058],[-163.88782,55.09132],[-163.85867,55.08898],[-163.82303,55.10101],[-163.80393,55.10579],[-163.77032,55.10883],[-163.71744,55.09965],[-163.66611,55.09455],[-163.63071,55.09323],[-163.56797,55.10016],[-163.53223,55.11131],[-163.45896,55.12814],[-163.3564,55.16568],[-163.2907,55.1934],[-163.20754,55.21967],[-163.14135,55.23196],[-163.09789,55.26166],[-162.98282,55.33562],[-162.95816,55.35415],[-162.95386,55.35897],[-162.94989,55.36042],[-162.93518,55.38205],[-162.92279,55.38858],[-162.90518,55.39477],[-162.88959,55.40554],[-162.87,55.41526],[-162.8302,55.42943],[-162.75843,55.45145],[-162.72699,55.45887],[-162.68158,55.46318],[-162.67383,55.46755],[-162.65793,55.48115],[-162.64505,55.4885],[-162.60837,55.49778],[-162.5709,55.51582],[-162.54725,55.52875],[-162.50025,55.57285],[-162.47044,55.58998],[-162.41511,55.62661],[-162.37397,55.65905],[-162.36055,55.67234],[-162.32051,55.70472],[-162.28981,55.72487],[-162.2314,55.74876],[-162.20958,55.75989],[-162.17229,55.77353],[-162.16124,55.78542],[-162.1342,55.80906],[-162.12026,55.81503],[-162.10366,55.81948],[-162.08004,55.82371],[-162.06084,55.82515],[-162.0436,55.83204],[-162.03802,55.84108],[-162.03289,55.84426],[-162.01137,55.85115],[-162.00227,55.84875],[-161.98104,55.85942],[-161.90621,55.9122],[-161.85827,55.9325],[-161.82577,55.94266],[-161.78686,55.94651],[-161.72952,55.95487],[-161.64993,55.97336],[-161.60043,55.98672],[-161.52728,55.9955],[-161.51225,56.0011],[-161.47987,56.0036],[-161.42868,56.01157],[-161.37749,56.02354],[-161.26232,56.05545],[-161.21113,56.06741],[-161.15993,56.0714],[-161.04476,56.0714],[-160.92959,56.07938],[-160.8656,56.07938],[-160.75043,56.07141],[-160.65445,56.07141],[-160.61605,56.06742],[-160.58406,56.07939],[-160.55847,56.09933],[-160.54567,56.11528],[-160.53288,56.15516],[-160.52009,56.17909],[-160.51369,56.20302],[-160.50241,56.21584],[-160.48385,56.22954],[-160.47876,56.23584],[-160.46554,56.25503],[-160.43945,56.29881],[-160.41318,56.32173],[-160.38681,56.33477],[-160.33017,56.35574],[-160.3056,56.36921],[-160.26138,56.40807],[-160.22544,56.4336],[-160.16422,56.45496],[-160.11155,56.4656],[-160.06916,56.48028],[-160.03211,56.49695],[-159.99408,56.51641],[-159.96067,56.54345],[-159.95268,56.54629],[-159.92896,56.56444],[-159.90516,56.57818],[-159.87019,56.59086],[-159.84006,56.5992],[-159.80793,56.61033],[-159.72962,56.63201],[-159.67585,56.64499],[-159.63715,56.65851],[-159.581,56.67292],[-159.5023,56.7028],[-159.42576,56.74019],[-159.37638,56.75397],[-159.35124,56.75772],[-159.28886,56.7782],[-159.23497,56.79385],[-159.17393,56.81445],[-159.08159,56.85289],[-159.04402,56.87629],[-158.98159,56.91113],[-158.93514,56.93008],[-158.91942,56.93822],[-158.89361,56.94506],[-158.8935,56.99984],[-158.06984,58.49032],[-158.1479,58.54378],[-158.18944,58.54049],[-158.21305,58.5426],[-158.60526,58.45559],[-158.60469,58.44633],[-158.61438,58.43371],[-158.62475,58.42203],[-158.63823,58.41325],[-158.65451,58.40729],[-158.67186,58.40343],[-158.68956,58.40168],[-158.70226,58.38838],[-158.72013,58.37606],[-158.74474,58.36373],[-158.7727,58.35493],[-158.81035,58.34715],[-158.83981,58.34366],[-158.87669,58.34193],[-158.9117,58.34291],[-158.94127,58.34701],[-158.96553,58.35281],[-158.97066,58.34853],[-158.99193,58.3406],[-159.01874,58.33414],[-159.04769,58.33434],[-159.07887,58.33926],[-159.1079,58.34754],[-159.13306,58.36003],[-159.14841,58.3703],[-159.15986,58.38519],[-159.1624,58.39523],[-159.1622,58.40356],[-159.15141,58.41577],[-159.40475,58.66596],[-159.54471,58.77842],[-159.55299,58.78052],[-159.58087,58.78255],[-159.61115,58.78222],[-159.64695,58.78608],[-159.67567,58.78948],[-159.69318,58.7928],[-159.70172,58.7964],[-159.71888,58.77667],[-159.74812,58.76031],[-159.81174,58.73545],[-159.85783,58.72204],[-159.89388,58.71504],[-159.9391,58.71791],[-159.97501,58.73075],[-160.00439,58.74461],[-160.01445,58.75979],[-160.02824,58.76407],[-160.03827,58.77037],[-160.05281,58.78397],[-160.06566,58.78971],[-160.08917,58.8063],[-160.11303,58.78661],[-160.12717,58.78008],[-160.15079,58.772],[-160.17226,58.76933],[-160.20878,58.77012],[-160.23402,58.77396],[-160.27347,58.78873],[-160.29762,58.79915],[-160.31055,58.81263],[-160.3267,58.83475],[-160.3337,58.84831],[-160.32695,58.85842],[-160.34127,58.87472],[-160.34311,58.88054],[-160.60874,58.84362],[-160.59811,58.83424],[-160.59352,58.82173],[-160.59643,58.80443],[-160.60165,58.79332],[-160.6266,58.76081],[-160.64982,58.7368],[-160.6632,58.71913],[-160.68916,58.69026],[-160.70005,58.67207],[-160.74684,58.62569],[-160.78729,58.58157],[-160.78977,58.57442],[-160.78979,58.56442],[-160.79332,58.5601],[-160.80179,58.55143],[-160.81843,58.53955],[-160.84312,58.52435],[-160.87417,58.51007],[-160.90183,58.50221],[-160.93346,58.49611],[-160.96485,58.49569],[-161.01562,58.50306],[-161.06755,58.48981],[-161.09581,58.49003],[-161.14098,58.50334],[-161.15894,58.51238],[-161.16853,58.52491],[-161.17736,58.54257],[-161.18679,58.5733],[-161.18495,58.58753],[-161.17706,58.60707],[-161.234,58.64345],[-161.27269,58.62774],[-161.32206,58.6116],[-161.35348,58.60359],[-161.41838,58.59599],[-161.45785,58.58597],[-161.46147,58.58009],[-161.46888,58.57435],[-161.48989,58.5619],[-161.52137,58.55164],[-161.57152,58.54376],[-161.57237,58.53524],[-161.587,58.51842],[-161.59803,58.51276],[-161.61704,58.50677],[-161.64027,58.50233],[-161.65873,58.50044],[-161.67649,58.50064],[-161.70425,58.49691],[-161.71644,58.4965],[-161.72795,58.49885],[-161.74926,58.49602],[-161.76718,58.49694],[-161.80219,58.50174],[-161.81759,58.50573],[-161.84466,58.52332],[-161.86094,58.53909],[-161.86431,58.54584],[-161.86507,58.56609],[-161.86367,58.56873],[-161.87074,58.57041],[-161.90907,58.57274],[-161.93019,58.56627],[-161.96361,58.56642],[-161.97156,58.56774],[-161.99863,58.56108],[-162.01738,58.56167],[-162.0431,58.56833],[-162.08179,58.5649],[-162.13224,58.57138],[-162.14923,58.57611],[-162.17176,58.58994],[-162.199,58.58998],[-162.21052,58.59257],[-162.23031,58.59855],[-162.24649,58.60662],[-162.27043,58.62213],[-162.27767,58.63288],[-162.28076,58.6463],[-162.27536,58.65382],[-162.27402,58.66028],[-162.26901,58.66756],[-162.25041,58.67687],[-162.2263,58.68554],[-162.22379,58.68991],[-162.21544,58.69503],[-162.18514,58.70614],[-162.16854,58.71028],[-162.1285,58.71307],[-162.09106,58.72273],[-162.07316,58.72441],[-162.03802,58.7221],[-162.02084,58.72633],[-162.002,58.7271],[-161.96305,58.72623],[-161.94919,58.72433],[-161.95042,58.72894],[-161.94827,58.73247],[-161.93318,58.74827],[-161.923,58.75456],[-161.89786,58.76204],[-161.89825,58.76814],[-161.89426,58.77766],[-161.88918,58.7843],[-161.86355,58.80156],[-161.85122,58.80798],[-161.85661,58.81521],[-161.85852,58.82221],[-161.85755,58.83043],[-161.88181,58.8575],[-161.88722,58.87128],[-161.88881,58.8815],[-161.88813,58.89773],[-161.88253,58.93052],[-161.88179,58.94415],[-161.88587,58.95376],[-161.90249,58.9776],[-161.92709,59.0008],[-161.95337,59.0327],[-162.00115,59.07023],[-162.0077,59.05529],[-162.01684,59.06024],[-162.04684,59.07908],[-162.0731,59.09998],[-162.10222,59.12875],[-162.16383,59.22446],[-162.17103,59.24757],[-162.16663,59.27507],[-162.13214,59.3062],[-162.11158,59.33293],[-162.08284,59.35073],[-162.06478,59.36003],[-162.06134,59.39796],[-162.05363,59.40899],[-162.01405,59.43213],[-162.00197,59.43745],[-161.9793,59.44433],[-161.95856,59.44781],[-161.9414,59.45789],[-161.91447,59.46929],[-161.91015,59.47997],[-161.90343,59.48761],[-161.90012,59.49805],[-161.8948,59.50756],[-161.87129,59.52479],[-162.00308,59.64465],[-162.01272,59.64564],[-162.04263,59.67073],[-162.0649,59.70003],[-162.06835,59.71643],[-162.07491,59.71764],[-162.09827,59.73371],[-162.10688,59.75421],[-162.11501,59.75615],[-162.13853,59.77239],[-162.16068,59.7998],[-162.17835,59.81484],[-162.18668,59.81891],[-162.19445,59.81219],[-162.22786,59.8065],[-162.25734,59.80619],[-162.29768,59.81174],[-162.31764,59.81249],[-162.33881,59.80988],[-162.36436,59.81087],[-162.4114,59.82326],[-162.44168,59.84408],[-162.452,59.87634],[-162.44987,59.88462],[-162.51456,59.89037],[-162.56266,59.89683],[-162.60643,59.8883],[-162.6984,59.89182],[-162.70758,59.88017],[-162.76256,59.85745],[-162.81807,59.84028],[-162.81549,59.82771],[-162.81591,59.81283],[-162.82611,59.80066],[-162.86868,59.78038],[-162.94725,59.76829],[-162.9748,59.77283],[-162.98601,59.76941],[-163.02561,59.76754],[-163.10569,59.77824],[-163.14588,59.79564],[-163.16517,59.79129],[-163.22782,59.78585],[-163.33005,59.76966],[-163.42854,59.76087],[-163.58204,59.75163],[-163.64744,59.74361],[-163.70772,59.74113],[-163.78439,59.74057],[-163.98241,59.76146],[-163.99373,59.76376],[-163.99801,59.76045],[-163.99976,59.75496],[-163.98345,59.75243],[-163.96602,59.74712],[-163.95288,59.73592],[-163.92037,59.72632],[-163.89691,59.71464],[-163.89118,59.71379],[-163.88033,59.71596],[-163.84735,59.71845],[-163.8137,59.71694],[-163.78782,59.70919],[-163.74892,59.68642],[-163.73997,59.66865],[-163.74465,59.65478],[-163.75118,59.64648],[-163.76098,59.63972],[-163.81197,59.62083],[-163.84709,59.61793],[-163.91974,59.64046],[-163.94794,59.63583],[-163.97627,59.63433],[-164.01332,59.63776],[-164.0808,59.67051],[-164.11109,59.69408],[-164.12482,59.71628],[-164.13446,59.71742],[-164.15086,59.72238],[-164.19325,59.73729],[-164.23098,59.75306],[-164.27465,59.77831],[-164.31317,59.80629],[-164.3367,59.8296],[-164.34657,59.84835],[-164.41572,59.88487],[-164.42082,59.90697],[-164.43524,59.92675],[-164.44968,59.95334],[-164.43488,59.96891],[-164.42029,59.9781],[-164.36435,59.99922],[-164.34285,60.00293],[-164.3901,60.01085],[-164.42865,60.02787],[-164.4321,60.02617],[-164.44576,60.03051],[-164.48825,60.05496],[-164.52147,60.09196],[-164.5487,60.11063],[-164.57477,60.13301],[-164.59741,60.15824],[-164.6243,60.16459],[-164.65862,60.17553],[-164.68888,60.19217],[-164.71114,60.20794],[-164.74883,60.24031],[-164.80402,60.24323],[-164.85115,60.24899],[-164.89541,60.25815],[-164.94317,60.27102],[-164.97194,60.27702],[-165.00173,60.29382],[-165.09868,60.33471],[-165.14147,60.35798],[-165.17681,60.38124],[-165.20639,60.40507],[-165.23543,60.42515],[-165.23958,60.44323],[-165.27028,60.44179],[-165.28825,60.44264],[-165.30858,60.44809],[-165.3336,60.45927],[-165.36954,60.45809],[-165.38754,60.45951],[-165.40558,60.46551],[-165.42655,60.47438],[-165.44348,60.48469],[-165.44824,60.495],[-165.46748,60.50272],[-165.50147,60.52618],[-165.51385,60.53964],[-165.52041,60.55197],[-165.51828,60.56602],[-165.50447,60.57867],[-165.4791,60.59765],[-165.47914,60.60166],[-165.47512,60.60655],[-165.4456,60.62352],[-165.41072,60.63217],[-165.37576,60.63622],[-165.34021,60.63827],[-165.33327,60.64573],[-165.32281,60.65175],[-165.29139,60.66554],[-165.24592,60.675],[-165.24245,60.68333],[-165.22207,60.69537],[-165.18471,60.70454],[-165.16426,60.70767],[-165.16019,60.71485],[-165.14677,60.72545],[-165.12339,60.73663],[-165.12982,60.74036],[-165.1392,60.75011],[-165.1439,60.75873],[-165.14099,60.76618],[-165.15916,60.77652],[-165.1762,60.79633],[-165.17565,60.80723],[-165.16805,60.81841],[-165.15753,60.8293],[-165.17046,60.83992],[-165.17751,60.84797],[-165.17755,60.85886],[-165.17054,60.87693],[-165.17938,60.8821],[-165.19349,60.88526],[-165.2235,60.89645],[-165.23236,60.90391],[-165.2371,60.91051],[-165.24652,60.9128],[-165.26305,60.92313],[-165.27074,60.93001],[-165.27607,60.93776],[-165.27437,60.94636],[-165.29325,60.95439],[-165.298,60.95898],[-165.30217,60.96644],[-165.30344,60.97906],[-165.30116,60.99024],[-165.29356,60.99971],[-165.27475,61.01465],[-165.26183,61.02151],[-165.25481,61.03465],[-165.23658,61.05009],[-165.24603,61.05351],[-165.2584,61.05064],[-165.2684,61.04407],[-165.29017,61.03406],[-165.34662,61.01544],[-165.41669,61.01248],[-165.5388,61.02678],[-165.60678,61.04001],[-165.66367,61.05781],[-165.68635,61.07258],[-165.71687,61.09645],[-165.74342,61.12519],[-165.7869,61.19811],[-165.80182,61.20319],[-165.82288,61.21708],[-165.83377,61.22703],[-165.83758,61.23872],[-165.90329,61.25694],[-165.92308,61.26484],[-165.93998,61.27588],[-165.95354,61.29409],[-165.97948,61.30851],[-165.99041,61.31643],[-165.99603,61.3264],[-165.99865,61.33552],[-166.01758,61.35197],[-166.02378,61.36107],[-166.03262,61.37844],[-166.03132,61.3953],[-166.05057,61.40089],[-166.11768,61.43014],[-166.18358,61.45453],[-166.19451,61.45987],[-166.23166,61.497],[-166.25412,61.52225],[-166.28078,61.56288],[-166.28864,61.58081],[-166.28645,61.6031],[-166.27996,61.62201],[-166.26526,61.64697],[-166.26027,61.65872],[-166.26215,61.69326],[-166.25731,61.70958],[-166.23797,61.74086],[-166.23518,61.7643],[-166.23757,61.78056],[-166.22975,61.79833],[-166.19779,61.83427],[-166.17179,61.85216],[-166.14371,61.86322],[-166.11254,61.87314],[-166.10692,61.90574],[-166.09487,61.94666],[-166.08205,61.96359],[-166.07752,61.9739],[-166.07597,61.98305],[-166.09652,61.99834],[-166.11834,62.0097],[-166.12984,62.0253],[-166.12607,62.03872],[-166.09624,62.07345],[-166.04924,62.10802],[-166.00579,62.12344],[-165.98571,62.12614],[-165.94841,62.12467],[-165.90183,62.11927],[-165.89261,62.13815],[-165.8746,62.15023],[-165.84862,62.16093],[-165.82062,62.16623],[-165.81356,62.17624],[-165.79249,62.19032],[-165.77066,62.19842],[-165.73959,62.20485],[-165.72164,62.22262],[-165.66893,62.25081],[-165.6594,62.26425],[-165.62129,62.29178],[-165.52591,62.35344],[-165.44889,62.39102],[-165.43871,62.41187],[-165.41875,62.44043],[-165.3796,62.46961],[-165.38844,62.48526],[-165.38364,62.49696],[-165.36956,62.51069],[-165.34623,62.5267],[-165.35079,62.54779],[-165.33871,62.57604],[-165.31163,62.59547],[-165.277,62.60921],[-165.21311,62.61443],[-165.23932,62.63408],[-165.24812,62.64803],[-165.24574,62.66229],[-165.25515,62.67225],[-165.25904,62.6922],[-165.24735,62.70989],[-165.22191,62.72247],[-165.16527,62.73594],[-165.12602,62.74052],[-165.09048,62.73939],[-165.06304,62.73398],[-165.05308,62.74225],[-165.03874,62.74994],[-165.02191,62.75621],[-165.00267,62.75706],[-164.98673,62.76074],[-165.00257,62.77474],[-165.00943,62.77787],[-165.01692,62.78443],[-165.01878,62.79241],[-165.01504,62.8004],[-165.02316,62.80411],[-165.03817,62.82065],[-165.03629,62.8289],[-165.03379,62.83661],[-165.02879,62.84316],[-165.01941,62.85199],[-164.99656,62.86658],[-164.98117,62.87136],[-164.9393,62.87752],[-164.93692,62.88617],[-164.92229,62.89923],[-164.91591,62.90261],[-164.92216,62.9125],[-164.92101,62.92104],[-164.91802,62.92825],[-164.90196,62.94446],[-164.89556,62.94864],[-164.90296,62.957],[-164.90056,62.97355],[-164.89665,62.9795],[-164.90707,62.9842],[-164.91255,63],[-164.91064,63.00515],[-164.89299,63.01914],[-164.90302,63.03317],[-164.90676,63.04489],[-164.89981,63.05232],[-164.88024,63.06544],[-164.83034,63.08225],[-164.77225,63.09015],[-164.7508,63.09068],[-164.74383,63.09323],[-164.74684,63.1104],[-164.72777,63.12465],[-164.6922,63.14486],[-164.60931,63.19952],[-164.4957,63.25116],[-164.39548,63.27989],[-164.25007,63.30345],[-164.12893,63.3153],[-164.05128,63.31735],[-164.01579,63.31395],[-163.93297,63.30017],[-163.87065,63.28423],[-163.85977,63.28614],[-163.82365,63.28384],[-163.77187,63.27623],[-163.73737,63.2662],[-163.70585,63.26104],[-163.65812,63.24972],[-163.61343,63.22868],[-163.58473,63.2058],[-163.47761,63.18234],[-163.45519,63.17495],[-163.34984,63.12369],[-163.2525,63.09245],[-163.11873,63.10156],[-163.10282,63.11306],[-163.06436,63.13113],[-163.0262,63.15347],[-162.97788,63.16592],[-162.95815,63.17679],[-162.9547,63.18989],[-162.93772,63.2151],[-162.91693,63.2308],[-162.87088,63.25356],[-162.80646,63.26599],[-162.73954,63.26892],[-162.70031,63.29117],[-162.4378,63.49199],[-162.44852,63.4939],[-162.46834,63.49426],[-162.55258,63.4826],[-162.57974,63.48679],[-162.61077,63.48303],[-162.64199,63.48499],[-162.67985,63.49163],[-162.69718,63.49906],[-162.71113,63.50873],[-162.74758,63.5179],[-162.77292,63.52975],[-162.78468,63.54367],[-162.82646,63.57636],[-162.82581,63.58492],[-162.81605,63.60337],[-162.78619,63.62407],[-162.76302,63.63256],[-162.73066,63.6512],[-162.68011,63.67126],[-162.66103,63.67609],[-162.63305,63.67934],[-162.61448,63.68561],[-162.58434,63.69139],[-162.54407,63.6947],[-162.51454,63.69304],[-162.48107,63.68501],[-162.45298,63.68909],[-162.42584,63.68974],[-162.39438,63.6883],[-162.35697,63.6816],[-162.33885,63.67525],[-162.32594,63.67559],[-162.30438,63.67202],[-162.2746,63.66001],[-162.25464,63.64647],[-162.24996,63.62835],[-162.2426,63.62448],[-162.22541,63.60956],[-162.22277,63.59691],[-162.17234,63.58704],[-162.00363,63.56386],[-161.97992,63.56178],[-161.95698,63.55721],[-161.93899,63.54693],[-161.92496,63.53639],[-161.91056,63.5195],[-161.89624,63.50822],[-161.8602,63.49628],[-161.84043,63.49329],[-161.82134,63.49453],[-161.80419,63.49853],[-161.77403,63.4994],[-161.74597,63.50332],[-161.71892,63.51157],[-161.6878,63.51462],[-161.6602,63.51439],[-161.64194,63.5122],[-161.60314,63.50415],[-161.57586,63.50733],[-161.52948,63.51779],[-161.51198,63.51975],[-161.42436,63.5161],[-161.31438,63.51923],[-161.28521,63.52337],[-161.27011,63.53019],[-161.26031,63.54271],[-161.24872,63.55211],[-161.22502,63.56445],[-161.2021,63.58737],[-161.19199,63.59141],[-161.15183,63.60072],[-161.14257,63.60418],[-161.13896,63.61471],[-161.14,63.62523],[-161.09809,63.65614],[-161.07046,63.66427],[-161.02423,63.67179],[-161.00851,63.67768],[-160.99683,63.68958],[-160.9286,63.74164],[-160.90165,63.75819],[-160.88622,63.7714],[-160.877,63.79688],[-160.88008,63.81218],[-160.88775,63.82456],[-160.8988,63.83318],[-160.91505,63.85157],[-160.92015,63.85974],[-160.93651,63.90848],[-160.94467,63.92153],[-160.96147,63.93722],[-160.97833,63.9497],[-160.98878,63.96147],[-161.0093,63.97928],[-161.01691,63.98942],[-161.01898,63.99483],[-161.01851,63.99855],[-161.04568,64.02247],[-161.06445,64.06392],[-161.07062,64.08497],[-161.06237,64.11339],[-161.06925,64.11815],[-161.0765,64.12747],[-161.07735,64.13832],[-161.07416,64.16494],[-161.07543,64.20665],[-161.09182,64.21527],[-161.17914,64.25799],[-161.25345,64.29887],[-161.32682,64.33401],[-161.41392,64.35859],[-161.4432,64.34009],[-161.46365,64.33346],[-161.49346,64.32838],[-161.55468,64.32874],[-161.59086,64.33554],[-161.66639,64.36047],[-161.76749,64.38888],[-162.00215,64.45879],[-162.02796,64.46132],[-162.23743,64.52436],[-162.31352,64.54279],[-162.34513,64.53435],[-162.44191,64.50412],[-162.47201,64.48684],[-162.48672,64.4709],[-162.48779,64.45755],[-162.49201,64.44039],[-162.50449,64.41784],[-162.51258,64.39257],[-162.5179,64.38491],[-162.55795,64.35579],[-162.59479,64.33844],[-162.63277,64.33193],[-162.6545,64.32258],[-162.685,64.30435],[-162.72809,64.28747],[-162.79583,64.27567],[-162.84218,64.28317],[-163.16582,64.34986],[-163.21541,64.35328],[-163.24196,64.36074],[-163.32336,64.40787],[-163.34971,64.43767],[-163.36378,64.44564],[-163.43188,64.46665],[-163.45775,64.48211],[-163.5362,64.50358],[-163.61235,64.51792],[-163.65698,64.52194],[-163.70428,64.51969],[-163.75041,64.51964],[-163.78789,64.52413],[-163.81409,64.53119],[-163.83164,64.52438],[-163.85079,64.5194],[-163.87973,64.51535],[-163.97624,64.50832],[-164.18093,64.51957],[-164.26634,64.51833],[-164.35538,64.50845],[-164.46516,64.48387],[-164.61981,64.44441],[-164.75483,64.40782],[-164.80425,64.40106],[-164.90894,64.39361],[-164.95512,64.39277],[-165.03223,64.38799],[-165.17664,64.41311],[-165.33594,64.44442],[-165.46079,64.45774],[-165.47689,64.45769],[-165.6807,64.48364],[-165.85024,64.49388],[-166.07781,64.52046],[-166.07316,64.51026],[-166.0709,64.49016],[-166.09572,64.4598],[-166.13356,64.43821],[-166.15389,64.43297],[-166.21236,64.42985],[-166.27198,64.43778],[-166.31455,64.45436],[-166.35116,64.47788],[-166.3539,64.50644],[-166.33093,64.52585],[-166.28141,64.54495],[-166.35205,64.56814],[-166.44014,64.60326],[-166.49128,64.61896],[-166.50787,64.63137],[-166.5294,64.65786],[-166.5577,64.69891],[-166.59019,64.73895],[-166.58591,64.76626],[-166.57759,64.778],[-166.58677,64.80147],[-166.58221,64.82209],[-166.57023,64.83342],[-166.51723,64.85738],[-166.52271,64.8711],[-166.58921,64.90829],[-166.76193,64.96349],[-166.7833,64.97972],[-166.82902,64.99931],[-166.82449,65.01746],[-166.87818,65.02995],[-166.97899,65.06941],[-167.04095,65.10925],[-167.07301,65.13838],[-167.08436,65.15569],[-167.07246,65.19978],[-167.03927,65.24339],[-167.00855,65.27665],[-166.97756,65.29763],[-166.94895,65.30791],[-167.07036,65.32749],[-167.19132,65.33763],[-167.2722,65.33815],[-167.40092,65.34727],[-167.48861,65.36041],[-167.60641,65.38562],[-167.66471,65.40538],[-167.75673,65.44722],[-167.83091,65.46584],[-167.89689,65.47668],[-167.93805,65.49989],[-167.97109,65.50013],[-168.00445,65.50419],[-168.03107,65.50943],[-168.05519,65.51698],[-168.06539,65.52252],[-168.09096,65.52404],[-168.12666,65.53052],[-168.15299,65.53889],[-168.16761,65.5469],[-168.17544,65.55561],[-168.17623,65.56274],[-168.21868,65.59612],[-168.23191,65.62257],[-168.22927,65.65026],[-168.22133,65.67545],[-168.20017,65.69937],[-168.15515,65.72835],[-168.13788,65.73496],[-168.07715,65.75609],[-168.00427,65.77455],[-167.96803,65.78066],[-167.88342,65.80327],[-167.71888,65.83492],[-167.52085,65.87815],[-167.30837,65.94432],[-167.23863,65.97086],[-167.17843,65.99957],[-167.00788,66.05141],[-166.7195,66.14804],[-166.48027,66.21193],[-166.31711,66.25193],[-166.09399,66.316],[-165.77777,66.39736],[-165.43447,66.47523],[-165.29236,66.50164],[-164.88047,66.57263],[-164.83161,66.57865],[-164.75193,66.59254],[-164.69163,66.60038],[-164.42432,66.63022],[-164.22102,66.6385],[-163.98274,66.64258],[-163.80512,66.64128],[-163.71212,66.63575],[-163.62624,66.62417],[-163.40357,66.71032],[-163.20327,66.7822],[-162.97845,66.87095],[-162.89312,66.89974],[-162.83206,66.92681],[-162.84797,66.93161],[-162.87688,66.94783],[-163.0495,66.98661],[-163.12993,66.99484],[-163.14993,67],[-163.34055,67.02591],[-163.40438,67.02975],[-163.48774,67.03866],[-163.61771,67.04873],[-163.78155,67.06976],[-163.91141,67.10469],[-163.99126,67.14788],[-164.00275,67.17255],[-163.96249,67.19669],[-163.92444,67.20751],[-163.89577,67.21372],[-163.88256,67.21497],[-163.90567,67.25344],[-163.96278,67.33846],[-164.00454,67.39781],[-164.03877,67.42738],[-164.11668,67.49997],[-164.17546,67.5476],[-164.23034,67.57505],[-164.2813,67.59166],[-164.54904,67.66199],[-164.65525,67.69245],[-164.66495,67.69821],[-165.49948,68.01878],[-165.51643,68.02362],[-165.54538,68.02893],[-165.59607,68.03473],[-165.68441,68.03472],[-165.86948,68.05509],[-165.96607,68.07249],[-166.03394,68.09181],[-166.09595,68.11827],[-166.12928,68.15463],[-166.17757,68.18503],[-166.28533,68.22437],[-166.3648,68.24426],[-166.47144,68.26472],[-166.65201,68.28832],[-166.75966,68.29456],[-166.86062,68.28748],[-166.94207,68.30259],[-166.97214,68.32245],[-166.9716,68.35606],[-166.91294,68.38532],[-166.85001,68.40164],[-166.5029,68.45611],[-166.45787,68.46613],[-166.44395,68.47848],[-166.43494,68.53064],[-166.36769,68.57499],[-166.3615,68.63458],[-166.37126,68.6513],[-166.33333,68.69613],[-166.34131,68.71305],[-166.32734,68.78175],[-166.36615,68.86887],[-166.34746,68.90038],[-166.27836,68.92707],[-166.20018,68.93382],[-165.62089,68.90371],[-165.35708,68.90894],[-164.79562,68.94908],[-164.6387,68.96644],[-164.48094,68.96853],[-164.27941,68.97962],[-164.02039,69.03315],[-163.9331,69.06981],[-163.79237,69.10802],[-163.65083,69.16869],[-163.57192,69.22314],[-163.38062,69.32022],[-163.33322,69.35932],[-163.28962,69.43036],[-163.2878,69.63238],[-163.20631,69.75703],[-163.13359,69.8387],[-162.81885,69.99903],[-162.60593,70.14685],[-162.46525,70.21724],[-162.00014,70.35799],[-161.94869,70.37474],[-161.87025,70.38278],[-161.50498,70.35073],[-161.31517,70.34725],[-161.03813,70.3899],[-160.90789,70.41574],[-160.66518,70.47644],[-160.41425,70.5613],[-160.30399,70.60337],[-160.24459,70.63597],[-160.04241,70.71986],[-159.87944,70.77718],[-159.7555,70.83053],[-159.59758,70.86472],[-159.23847,70.92028],[-159.07947,70.93276],[-158.90505,70.95537],[-158.73403,70.96312],[-158.67784,70.95925],[-158.6208,70.94557],[-158.55276,70.90283],[-158.45228,70.88493],[-158.33357,70.87203],[-158.1715,70.87105],[-157.9315,70.90215],[-157.81527,70.92727],[-157.53246,71.00755],[-157.34832,71.08798],[-157.23962,71.1571],[-156.94086,71.3112],[-156.7609,71.37288],[-156.6423,71.39614],[-156.58229,71.42767],[-156.48775,71.43979],[-156.40066,71.43541],[-156.29472,71.40851],[-156.24808,71.40624],[-155.92646,71.35768],[-155.8274,71.32869],[-155.75907,71.28518]]],[[[-168.00704,53.98967],[-168.00227,53.98804],[-167.99767,53.99069],[-167.99361,53.99042],[-167.97749,53.98306],[-167.97001,53.97739],[-167.95906,53.9637],[-167.95313,53.93202],[-167.95347,53.92116],[-167.95612,53.91273],[-167.9632,53.90134],[-167.98408,53.8865],[-168.00196,53.87923],[-168.02296,53.87492],[-168.04723,53.87517],[-168.07287,53.87953],[-168.08306,53.88296],[-168.10464,53.89613],[-168.1231,53.91196],[-168.12887,53.9195],[-168.13504,53.93762],[-168.13504,53.95146],[-168.12982,53.96266],[-168.11099,53.98156],[-168.08297,53.99244],[-168.06228,53.99409],[-168.0226,53.99412],[-168.00704,53.98967]]],[[[-165.58278,54.34334],[-165.5787,54.34144],[-165.54204,54.34871],[-165.49898,54.34912],[-165.46251,54.34682],[-165.43135,54.34069],[-165.40678,54.32668],[-165.39564,54.31283],[-165.38911,54.29933],[-165.38637,54.29146],[-165.3885,54.28813],[-165.35866,54.26605],[-165.3452,54.25103],[-165.31868,54.24808],[-165.26304,54.23654],[-165.24143,54.22586],[-165.23209,54.21652],[-165.23155,54.21074],[-165.23206,54.1957],[-165.24284,54.17787],[-165.25892,54.16683],[-165.27915,54.15841],[-165.31904,54.14919],[-165.32099,54.14453],[-165.27119,54.14413],[-165.26343,54.15024],[-165.24384,54.15929],[-165.20396,54.16596],[-165.18659,54.17432],[-165.15028,54.18052],[-165.10599,54.17873],[-165.08195,54.18073],[-165.06689,54.18009],[-165.06351,54.18673],[-165.04807,54.19872],[-165.03153,54.20888],[-165.00968,54.21287],[-164.97499,54.21488],[-164.96622,54.22643],[-164.95093,54.23573],[-164.91126,54.25469],[-164.81812,54.28004],[-164.80539,54.28239],[-164.75855,54.27818],[-164.72928,54.27194],[-164.70892,54.26402],[-164.68777,54.25012],[-164.68066,54.23217],[-164.67962,54.21883],[-164.6824,54.20186],[-164.69207,54.18219],[-164.7145,54.16612],[-164.72772,54.16088],[-164.75398,54.15489],[-164.76297,54.14355],[-164.77621,54.13586],[-164.79626,54.1331],[-164.81738,54.13339],[-164.82196,54.13081],[-164.83105,54.11022],[-164.83676,54.10465],[-164.84121,54.09024],[-164.84607,54.08325],[-164.86558,54.07529],[-164.86871,54.07131],[-164.86764,54.06424],[-164.88107,54.04343],[-164.89822,54.03551],[-164.92281,54.02848],[-164.96447,54.02507],[-165.02728,54.01294],[-165.04019,54.01292],[-165.05158,54.01479],[-165.08215,54.01183],[-165.10562,54.01312],[-165.13717,54.01854],[-165.15997,54.01916],[-165.18448,54.01701],[-165.19723,54.00913],[-165.22108,54.00302],[-165.23385,53.99507],[-165.26965,53.98073],[-165.3029,53.98073],[-165.35738,54.00283],[-165.37497,54.01129],[-165.38098,54.01644],[-165.40308,54.01713],[-165.40561,54.0123],[-165.41327,54.00831],[-165.46864,53.9864],[-165.51979,53.97206],[-165.56326,53.96728],[-165.60673,53.97684],[-165.63231,53.99756],[-165.64719,54.01697],[-165.65719,54.03634],[-165.66779,54.03744],[-165.69154,54.03383],[-165.70269,54.03414],[-165.71754,54.02509],[-165.75013,54.01661],[-165.77533,54.01452],[-165.78898,54.01624],[-165.82809,53.97823],[-165.8869,53.97026],[-165.9611,53.91624],[-165.95593,53.90174],[-165.93803,53.8842],[-165.92269,53.84596],[-165.93036,53.81887],[-165.97638,53.77106],[-166.00215,53.75706],[-166.02797,53.75259],[-166.03582,53.74678],[-166.04625,53.74584],[-166.05333,53.73916],[-166.0641,53.73243],[-166.08153,53.72546],[-166.08921,53.70983],[-166.09864,53.69965],[-166.1074,53.6947],[-166.12476,53.69101],[-166.13111,53.68306],[-166.14847,53.6719],[-166.17496,53.65978],[-166.21014,53.65464],[-166.22112,53.64533],[-166.26333,53.63394],[-166.27162,53.62966],[-166.28307,53.62694],[-166.29561,53.62625],[-166.31999,53.61697],[-166.33015,53.61469],[-166.34446,53.61462],[-166.36049,53.60558],[-166.37867,53.60214],[-166.49851,53.51286],[-166.52231,53.49329],[-166.54215,53.48238],[-166.58119,53.47254],[-166.57996,53.46879],[-166.58081,53.46505],[-166.58923,53.45716],[-166.70181,53.40203],[-166.72482,53.3942],[-166.74123,53.39172],[-166.76028,53.39474],[-166.76772,53.39056],[-166.78869,53.38389],[-166.80355,53.38155],[-166.81527,53.38238],[-166.82012,53.38481],[-166.85814,53.37871],[-166.88292,53.37757],[-166.91295,53.38147],[-166.92738,53.38513],[-166.93453,53.38149],[-166.95595,53.37526],[-166.98958,53.37325],[-167.0161,53.37578],[-167.03219,53.37912],[-167.03628,53.38176],[-167.04314,53.37633],[-167.05505,53.37242],[-167.0725,53.37274],[-167.09075,53.36714],[-167.10678,53.36699],[-167.2199,53.32551],[-167.21912,53.32128],[-167.22574,53.31083],[-167.23816,53.29916],[-167.24659,53.29555],[-167.25516,53.28733],[-167.28739,53.27595],[-167.32819,53.27159],[-167.35392,53.27321],[-167.362,53.2743],[-167.3644,53.2765],[-167.37214,53.26882],[-167.38639,53.26094],[-167.39683,53.25676],[-167.4042,53.258],[-167.40641,53.2498],[-167.44859,53.21392],[-167.52216,53.18601],[-167.59253,53.17405],[-167.6693,53.17205],[-167.76846,53.18201],[-167.82923,53.19198],[-167.87081,53.20593],[-167.94758,53.21191],[-168.01054,53.22027],[-168.02629,53.22614],[-168.04407,53.24419],[-168.05949,53.23291],[-168.06895,53.2297],[-168.08205,53.22637],[-168.13218,53.21928],[-168.13683,53.21383],[-168.15698,53.20431],[-168.15109,53.19051],[-168.15524,53.17724],[-168.16992,53.15859],[-168.19617,53.14686],[-168.21634,53.14137],[-168.23264,53.13877],[-168.25126,53.13869],[-168.25773,53.14189],[-168.27244,53.1255],[-168.27711,53.12198],[-168.28169,53.12141],[-168.2816,53.11828],[-168.29152,53.10525],[-168.30251,53.09615],[-168.31087,53.09],[-168.32003,53.0859],[-168.334,53.08319],[-168.32219,53.06864],[-168.32051,53.05007],[-168.32353,53.04342],[-168.32952,53.03727],[-168.3409,53.03005],[-168.33809,53.02931],[-168.32518,53.01727],[-168.31929,53.00924],[-168.3126,52.98895],[-168.31486,52.98215],[-168.31846,52.97489],[-168.32536,52.96654],[-168.33717,52.95692],[-168.35359,52.94817],[-168.36891,52.94535],[-168.3731,52.94703],[-168.37645,52.94146],[-168.4027,52.92925],[-168.43093,52.92184],[-168.45523,52.9234],[-168.47629,52.91948],[-168.52204,52.93373],[-168.54481,52.94671],[-168.55713,52.95822],[-168.56471,52.95146],[-168.57604,52.94709],[-168.58519,52.9465],[-168.59203,52.93745],[-168.60444,52.93541],[-168.6025,52.92341],[-168.6097,52.91573],[-168.62927,52.90515],[-168.64831,52.89869],[-168.67584,52.89476],[-168.67328,52.89192],[-168.67651,52.88642],[-168.69,52.87574],[-168.74302,52.85473],[-168.76924,52.85268],[-168.81985,52.85576],[-168.82707,52.85839],[-168.8363,52.84905],[-168.84948,52.84092],[-168.87518,52.83062],[-168.9036,52.82721],[-168.91523,52.82097],[-168.95139,52.8075],[-168.97767,52.80563],[-168.98109,52.80161],[-169.00624,52.78556],[-169.03008,52.7794],[-169.06609,52.77602],[-169.0794,52.77797],[-169.08172,52.77123],[-169.09451,52.76399],[-169.13761,52.74475],[-169.14075,52.74101],[-169.16203,52.73268],[-169.18885,52.7247],[-169.22808,52.71461],[-169.26763,52.71628],[-169.29147,52.72265],[-169.31074,52.73285],[-169.31968,52.73954],[-169.32661,52.75354],[-169.32634,52.76538],[-169.32057,52.78372],[-169.31202,52.79649],[-169.29429,52.81163],[-169.26352,52.82601],[-169.18823,52.85067],[-169.20358,52.85354],[-169.22678,52.86118],[-169.24317,52.8714],[-169.25544,52.8845],[-169.2595,52.89972],[-169.25886,52.91328],[-169.2541,52.92429],[-169.24604,52.93448],[-169.2339,52.94589],[-169.21891,52.95585],[-169.19715,52.96488],[-169.16403,52.96537],[-169.12954,52.96289],[-169.10943,52.95839],[-169.09487,52.96931],[-169.08296,52.97533],[-169.06575,52.98129],[-169.04472,52.98588],[-169.02335,52.98705],[-169.00989,52.98565],[-169.00011,52.9828],[-169.00336,52.99655],[-168.99949,53.01061],[-168.99216,53.02409],[-168.98063,53.037],[-168.96537,53.05075],[-168.95282,53.05821],[-168.92819,53.06601],[-168.91617,53.0676],[-168.90561,53.06553],[-168.8728,53.08172],[-168.88247,53.09371],[-168.89072,53.10855],[-168.8906,53.12388],[-168.88736,53.13277],[-168.88062,53.14095],[-168.88312,53.14367],[-168.88309,53.15017],[-168.86868,53.17695],[-168.85947,53.18815],[-168.83209,53.20739],[-168.82977,53.21253],[-168.81945,53.22168],[-168.80648,53.23061],[-168.78139,53.24065],[-168.74943,53.2665],[-168.73982,53.27148],[-168.71762,53.27985],[-168.69907,53.28037],[-168.69409,53.29705],[-168.68935,53.30327],[-168.66689,53.31522],[-168.65584,53.31975],[-168.61945,53.32716],[-168.50431,53.36289],[-168.49659,53.36648],[-168.48847,53.37542],[-168.47762,53.37869],[-168.48685,53.39014],[-168.49638,53.42108],[-168.48865,53.43578],[-168.47669,53.4506],[-168.45639,53.46808],[-168.42526,53.48631],[-168.41528,53.50945],[-168.39638,53.5194],[-168.36403,53.53033],[-168.35173,53.53026],[-168.33445,53.53867],[-168.31819,53.5395],[-168.31541,53.54655],[-168.30915,53.55561],[-168.28403,53.57114],[-168.2503,53.5777],[-168.22363,53.5875],[-168.20681,53.59038],[-168.18541,53.59865],[-168.16292,53.59787],[-168.15153,53.60393],[-168.09037,53.61967],[-168.08036,53.62049],[-168.06278,53.61861],[-168.04035,53.61028],[-167.99237,53.61495],[-167.9599,53.61281],[-167.94836,53.61039],[-167.92566,53.60195],[-167.90137,53.58748],[-167.88925,53.57823],[-167.88515,53.57142],[-167.87506,53.56905],[-167.80426,53.57181],[-167.76232,53.56802],[-167.73092,53.55643],[-167.71824,53.54862],[-167.70446,53.53344],[-167.69823,53.52422],[-167.696,53.51461],[-167.69735,53.50209],[-167.70116,53.48763],[-167.71056,53.47312],[-167.73064,53.45087],[-167.76125,53.43161],[-167.75244,53.42151],[-167.74679,53.42633],[-167.72774,53.43403],[-167.71016,53.43693],[-167.6736,53.43823],[-167.65638,53.44215],[-167.64814,53.44209],[-167.60804,53.45806],[-167.59146,53.46032],[-167.58179,53.45923],[-167.57434,53.46275],[-167.55522,53.46542],[-167.5542,53.46933],[-167.54211,53.47853],[-167.50268,53.49532],[-167.48275,53.49761],[-167.45363,53.49557],[-167.44417,53.49333],[-167.42241,53.49813],[-167.41185,53.51533],[-167.39268,53.52826],[-167.36049,53.54007],[-167.34117,53.54359],[-167.32057,53.54331],[-167.2963,53.53973],[-167.2304,53.56673],[-167.2349,53.57173],[-167.23939,53.58325],[-167.24705,53.61469],[-167.24439,53.62942],[-167.23387,53.64411],[-167.21525,53.6582],[-167.17188,53.6743],[-167.1557,53.67834],[-167.15681,53.68726],[-167.15394,53.69362],[-167.14329,53.707],[-167.13822,53.70942],[-167.1649,53.77384],[-167.1823,53.78478],[-167.2181,53.80178],[-167.23409,53.81424],[-167.23357,53.82579],[-167.23833,53.8311],[-167.24352,53.84262],[-167.24291,53.85467],[-167.23702,53.86523],[-167.23009,53.88825],[-167.21209,53.90058],[-167.18124,53.90916],[-167.17631,53.91185],[-167.174,53.92165],[-167.17419,53.93211],[-167.16891,53.94324],[-167.16076,53.9539],[-167.14465,53.96321],[-167.10604,53.97526],[-167.09572,53.97585],[-167.09155,53.98594],[-167.07666,53.99832],[-167.05401,54.00861],[-167.02471,54.01488],[-167.00912,54.01505],[-167.00182,54.02107],[-166.9887,54.02395],[-166.94595,54.02767],[-166.93655,54.02716],[-166.92507,54.03465],[-166.91042,54.04002],[-166.88006,54.04499],[-166.82022,54.04804],[-166.81487,54.05345],[-166.78521,54.06598],[-166.75582,54.06882],[-166.69244,54.06729],[-166.51116,54.05779],[-166.46255,54.06072],[-166.35446,54.06111],[-166.3367,54.05858],[-166.30509,54.05106],[-166.29481,54.04507],[-166.2873,54.03822],[-166.28643,54.03373],[-166.27513,54.03597],[-166.26158,54.03507],[-166.25096,54.03346],[-166.24324,54.03023],[-166.22567,54.04199],[-166.20809,54.04797],[-166.18081,54.05088],[-166.15637,54.0499],[-166.14085,54.04693],[-166.14055,54.05713],[-166.15234,54.06184],[-166.16458,54.0727],[-166.17227,54.07519],[-166.17877,54.08312],[-166.18213,54.0905],[-166.18859,54.09365],[-166.19903,54.10351],[-166.20245,54.11982],[-166.19909,54.13554],[-166.19269,54.14547],[-166.18415,54.15093],[-166.185,54.15705],[-166.18378,54.16113],[-166.17871,54.1692],[-166.17353,54.17334],[-166.17185,54.18487],[-166.16514,54.19509],[-166.13755,54.21425],[-166.12068,54.22314],[-166.06847,54.23992],[-166.06108,54.24943],[-166.03396,54.26095],[-166.00279,54.26483],[-165.98768,54.2708],[-165.93724,54.27698],[-165.90807,54.27444],[-165.88817,54.26741],[-165.86562,54.26472],[-165.83666,54.25822],[-165.81289,54.24999],[-165.78917,54.23914],[-165.76902,54.23918],[-165.76733,54.25523],[-165.74337,54.28889],[-165.69619,54.33223],[-165.68258,54.33934],[-165.65557,54.34705],[-165.62404,54.34936],[-165.59423,54.34656],[-165.58278,54.34334]]],[[[-162.81038,54.54425],[-162.7996,54.53952],[-162.77003,54.53785],[-162.7419,54.53119],[-162.73311,54.52659],[-162.72255,54.52981],[-162.6916,54.52639],[-162.66377,54.51279],[-162.65855,54.5146],[-162.63597,54.51182],[-162.61059,54.50042],[-162.60642,54.50381],[-162.60011,54.50545],[-162.58271,54.50577],[-162.5452,54.49703],[-162.50794,54.48198],[-162.50574,54.47802],[-162.47608,54.47913],[-162.45664,54.47822],[-162.44196,54.47534],[-162.42285,54.46848],[-162.41169,54.45913],[-162.40738,54.46205],[-162.39563,54.46427],[-162.37546,54.46202],[-162.35437,54.45669],[-162.31567,54.43906],[-162.27777,54.41937],[-162.24823,54.39927],[-162.24148,54.38858],[-162.2384,54.36992],[-162.24359,54.35676],[-162.25018,54.34674],[-162.26211,54.33843],[-162.28222,54.33097],[-162.33743,54.32573],[-162.35898,54.32852],[-162.40432,54.30579],[-162.42938,54.29851],[-162.46264,54.29647],[-162.47708,54.29892],[-162.48574,54.29487],[-162.49231,54.29383],[-162.52661,54.25798],[-162.54696,54.24802],[-162.56317,54.24358],[-162.59185,54.244],[-162.62338,54.25252],[-162.63046,54.24925],[-162.65213,54.24826],[-162.65991,54.24228],[-162.7001,54.23797],[-162.7265,54.24207],[-162.74661,54.25265],[-162.76822,54.27044],[-162.77999,54.29322],[-162.78849,54.29445],[-162.79844,54.29825],[-162.80768,54.3037],[-162.81794,54.31482],[-162.83161,54.316],[-162.85075,54.3225],[-162.86662,54.33151],[-162.87519,54.33902],[-162.87892,54.33572],[-162.89009,54.33077],[-162.92201,54.32602],[-162.95265,54.32573],[-162.98328,54.33778],[-163.00477,54.35158],[-163.01399,54.36708],[-163.01371,54.38509],[-163.00846,54.40017],[-162.99507,54.41479],[-162.9599,54.42802],[-162.96321,54.43132],[-162.96574,54.43728],[-162.96461,54.44625],[-162.94939,54.46737],[-162.94099,54.47536],[-162.9356,54.47772],[-162.94026,54.48433],[-162.94484,54.50538],[-162.93886,54.52115],[-162.925,54.53358],[-162.90685,54.54401],[-162.88072,54.55321],[-162.86064,54.55431],[-162.84435,54.55308],[-162.82451,54.54925],[-162.81038,54.54425]]],[[[-162.72298,54.75316],[-162.7402,54.7531],[-162.76208,54.75797],[-162.78347,54.76529],[-162.80261,54.77582],[-162.80743,54.77987],[-162.81784,54.79944],[-162.81903,54.81116],[-162.8129,54.82246],[-162.80697,54.82952],[-162.78076,54.84774],[-162.76341,54.85522],[-162.74322,54.85785],[-162.7153,54.85668],[-162.69275,54.85277],[-162.67297,54.84344],[-162.66177,54.83557],[-162.65023,54.82342],[-162.6372,54.80479],[-162.63771,54.80112],[-162.64406,54.7891],[-162.67782,54.76272],[-162.70678,54.75499],[-162.72298,54.75316]]],[[[-159.64317,54.87456],[-159.63632,54.8718],[-159.60192,54.88189],[-159.58077,54.88395],[-159.55614,54.88026],[-159.49762,54.85546],[-159.45877,54.82772],[-159.44067,54.81754],[-159.41679,54.7922],[-159.41646,54.782],[-159.4182,54.77515],[-159.42525,54.76],[-159.44289,54.7384],[-159.46931,54.72097],[-159.50292,54.709],[-159.53417,54.70136],[-159.54789,54.6993],[-159.56612,54.70349],[-159.60045,54.70396],[-159.62478,54.70792],[-159.65245,54.71778],[-159.66921,54.73352],[-159.68487,54.76234],[-159.6886,54.7656],[-159.74681,54.74267],[-159.76542,54.73977],[-159.80177,54.7418],[-159.81352,54.74042],[-159.8351,54.74546],[-159.85524,54.7577],[-159.87895,54.77682],[-159.89964,54.79431],[-159.91169,54.80929],[-159.90581,54.82278],[-159.89748,54.83407],[-159.88585,54.84719],[-159.87209,54.85663],[-159.83705,54.87029],[-159.76107,54.89132],[-159.72931,54.89416],[-159.70813,54.89184],[-159.68135,54.88743],[-159.64317,54.87456]]],[[[-161.07171,55.20745],[-161.05453,55.20516],[-161.04388,55.20109],[-161.02704,55.18952],[-161.00751,55.1706],[-161.00544,55.16347],[-161.00654,55.15693],[-161.01999,55.12924],[-161.04275,55.11827],[-161.05895,55.11177],[-161.08442,55.10477],[-161.09568,55.10346],[-161.11271,55.10501],[-161.1329,55.10966],[-161.15158,55.11513],[-161.16608,55.12213],[-161.17703,55.13065],[-161.189,55.1454],[-161.19442,55.15496],[-161.19272,55.16469],[-161.17503,55.18438],[-161.14893,55.20101],[-161.12897,55.20655],[-161.10908,55.208],[-161.07171,55.20745]]],[[[-163.13983,55.34315],[-163.15396,55.34312],[-163.19629,55.35078],[-163.21497,55.35966],[-163.22763,55.36259],[-163.23538,55.36611],[-163.24707,55.3745],[-163.25604,55.38552],[-163.26239,55.3942],[-163.27194,55.42385],[-163.27091,55.43172],[-163.26721,55.4381],[-163.2591,55.44952],[-163.25215,55.45382],[-163.25995,55.45905],[-163.26715,55.46678],[-163.27152,55.47702],[-163.27109,55.48489],[-163.26795,55.49429],[-163.26002,55.50623],[-163.24253,55.51772],[-163.22343,55.52429],[-163.19044,55.53056],[-163.1739,55.53212],[-163.15663,55.53105],[-163.13655,55.52502],[-163.10139,55.50607],[-163.09534,55.50176],[-163.09403,55.49707],[-163.07603,55.48869],[-163.06654,55.48041],[-163.0564,55.46517],[-163.04188,55.45464],[-163.03318,55.44277],[-163.02796,55.42083],[-163.03452,55.4037],[-163.04923,55.38195],[-163.07098,55.36133],[-163.1069,55.34883],[-163.13983,55.34315]]],[[[-155.52811,55.70585],[-155.58139,55.69991],[-155.63463,55.70585],[-155.71984,55.71179],[-155.79437,55.7296],[-155.82626,55.75928],[-155.83686,55.78302],[-155.83682,55.80083],[-155.82613,55.81863],[-155.80478,55.83644],[-155.75148,55.85424],[-155.67678,55.90766],[-155.63412,55.92547],[-155.6069,55.93068],[-155.58116,55.93068],[-155.53826,55.92547],[-155.47437,55.9136],[-155.45314,55.88392],[-155.47452,55.8483],[-155.48524,55.81862],[-155.47469,55.77708],[-155.47477,55.74146],[-155.52811,55.70585]]],[[[-156.73218,55.9535],[-156.76402,55.953],[-156.79309,55.95579],[-156.82223,55.96756],[-156.83341,55.98421],[-156.83211,55.99615],[-156.82643,56.00758],[-156.83814,56.01268],[-156.84493,56.02211],[-156.84655,56.03023],[-156.84539,56.04027],[-156.83537,56.06024],[-156.8201,56.07056],[-156.82108,56.08818],[-156.81719,56.1041],[-156.85288,56.10937],[-156.87144,56.11599],[-156.88362,56.12284],[-156.89312,56.13098],[-156.90066,56.14596],[-156.90317,56.15505],[-156.90205,56.16545],[-156.89679,56.17352],[-156.89922,56.18102],[-156.90018,56.19161],[-156.89802,56.20166],[-156.89118,56.21256],[-156.87806,56.2233],[-156.88073,56.23229],[-156.87225,56.24702],[-156.8586,56.2593],[-156.84201,56.27008],[-156.82,56.27652],[-156.79287,56.27958],[-156.77025,56.27979],[-156.72893,56.27398],[-156.70741,56.26743],[-156.69065,56.25725],[-156.67802,56.23988],[-156.67327,56.22408],[-156.66012,56.21499],[-156.65113,56.20096],[-156.64941,56.1842],[-156.65379,56.16759],[-156.66731,56.15672],[-156.67589,56.1525],[-156.67198,56.14835],[-156.65725,56.1469],[-156.62683,56.14019],[-156.60987,56.13215],[-156.60231,56.12697],[-156.59149,56.11489],[-156.58935,56.10928],[-156.57399,56.10231],[-156.55607,56.09016],[-156.55017,56.07664],[-156.55031,56.0643],[-156.55345,56.05841],[-156.54744,56.04864],[-156.54806,56.03862],[-156.55334,56.02708],[-156.58448,56.00564],[-156.61198,55.98292],[-156.6478,55.9623],[-156.67545,55.95677],[-156.73218,55.9535]]],[[[-169.62529,56.66162],[-169.58912,56.66226],[-169.53871,56.66844],[-169.50928,56.66747],[-169.48166,56.66045],[-169.47418,56.6561],[-169.46243,56.65658],[-169.43869,56.6537],[-169.42226,56.64881],[-169.40166,56.63655],[-169.38227,56.61475],[-169.37756,56.58773],[-169.38397,56.57816],[-169.42049,56.54926],[-169.47943,56.52685],[-169.52666,56.49298],[-169.55479,56.48625],[-169.58128,56.48323],[-169.64718,56.49192],[-169.67611,56.49623],[-169.70892,56.50703],[-169.72754,56.51464],[-169.76375,56.54072],[-169.78236,56.54256],[-169.8048,56.54737],[-169.83041,56.56033],[-169.83819,56.57119],[-169.86826,56.58703],[-169.88026,56.60203],[-169.87761,56.63054],[-169.87148,56.64305],[-169.86257,56.652],[-169.8529,56.65888],[-169.8294,56.66982],[-169.80255,56.67397],[-169.76827,56.67568],[-169.74737,56.67504],[-169.68853,56.66703],[-169.62529,56.66162]]],[[[-169.94001,57.23894],[-169.90977,57.23629],[-169.8837,57.2284],[-169.87125,57.22153],[-169.84933,57.19001],[-169.84771,57.1849],[-169.84905,57.17616],[-169.8695,57.158],[-169.88689,57.14544],[-169.93028,57.13212],[-169.95561,57.12823],[-169.9795,57.12895],[-170.00374,57.13504],[-170.02248,57.14432],[-170.04403,57.16505],[-170.05052,57.18687],[-170.04914,57.19568],[-170.04224,57.20505],[-170.02521,57.21683],[-170.008,57.2253],[-169.96043,57.23742],[-169.94001,57.23894]]],[[[-170.01653,57.26658],[-170.01238,57.25409],[-170.01851,57.23673],[-170.02979,57.22085],[-170.04664,57.20803],[-170.06388,57.19762],[-170.08082,57.19227],[-170.07727,57.17935],[-170.07833,57.16946],[-170.1118,57.13671],[-170.13709,57.12212],[-170.1477,57.12146],[-170.15357,57.11725],[-170.16529,57.11344],[-170.22326,57.07659],[-170.25894,57.06212],[-170.29574,57.05617],[-170.30539,57.05674],[-170.30096,57.04868],[-170.30099,57.04175],[-170.30611,57.02951],[-170.32424,57.01797],[-170.35415,57.00232],[-170.39948,56.99577],[-170.44416,56.99613],[-170.47831,57.00719],[-170.4873,57.01252],[-170.502,57.03318],[-170.50851,57.0464],[-170.50839,57.06237],[-170.49206,57.08018],[-170.46954,57.09277],[-170.44269,57.10226],[-170.41482,57.10473],[-170.44827,57.10849],[-170.47068,57.11365],[-170.49528,57.12831],[-170.5099,57.14382],[-170.51949,57.16218],[-170.51082,57.17426],[-170.51631,57.17598],[-170.52096,57.18221],[-170.52273,57.19337],[-170.50994,57.20831],[-170.49011,57.22554],[-170.47043,57.23709],[-170.46025,57.23874],[-170.44962,57.24933],[-170.4382,57.25488],[-170.42307,57.2575],[-170.39535,57.25795],[-170.38724,57.26251],[-170.36408,57.26873],[-170.33448,57.27237],[-170.29083,57.27059],[-170.26172,57.26413],[-170.233,57.27381],[-170.22295,57.27516],[-170.22186,57.27865],[-170.20694,57.29069],[-170.19104,57.29735],[-170.15891,57.30437],[-170.1095,57.30527],[-170.08731,57.30291],[-170.0654,57.29792],[-170.03994,57.28388],[-170.01653,57.26658]]],[[[-159.95242,58.53848],[-159.97264,58.53625],[-160.00458,58.53726],[-160.00856,58.53468],[-160.05907,58.54783],[-160.07321,58.56457],[-160.08939,58.57896],[-160.09458,58.58734],[-160.09761,58.59991],[-160.08821,58.62169],[-160.08279,58.63045],[-160.0749,58.63989],[-160.06402,58.64656],[-160.01748,58.65956],[-160.00467,58.6656],[-159.98555,58.66405],[-159.91422,58.65023],[-159.9053,58.64671],[-159.89464,58.63993],[-159.88531,58.63144],[-159.8677,58.61052],[-159.86432,58.60269],[-159.8629,58.59424],[-159.86347,58.57869],[-159.86814,58.57254],[-159.88048,58.56297],[-159.89655,58.55372],[-159.92134,58.54396],[-159.95242,58.53848]]],[[[-152.38255,58.69604],[-152.38482,58.69043],[-152.36861,58.69661],[-152.34266,58.70138],[-152.31261,58.70045],[-152.26808,58.68856],[-152.24773,58.68073],[-152.22723,58.66338],[-152.21296,58.64863],[-152.21165,58.63723],[-152.18934,58.62026],[-152.18088,58.60583],[-152.17906,58.59344],[-152.18285,58.57397],[-152.15368,58.57335],[-152.13866,58.57042],[-152.1135,58.56167],[-152.0925,58.5491],[-152.08997,58.54513],[-152.06551,58.52676],[-152.0609,58.50083],[-152.06783,58.48861],[-152.07985,58.47859],[-152.09112,58.47173],[-152.11627,58.46271],[-152.14439,58.45771],[-152.18195,58.45786],[-152.18207,58.45195],[-152.1733,58.44973],[-152.12637,58.44959],[-152.10333,58.44721],[-152.07193,58.44003],[-152.05201,58.43126],[-152.02428,58.41262],[-151.9625,58.4],[-151.93231,58.39067],[-151.91297,58.38233],[-151.89524,58.37171],[-151.87687,58.37941],[-151.85455,58.39145],[-151.82399,58.39888],[-151.79502,58.4006],[-151.77212,58.39857],[-151.75051,58.39466],[-151.72871,58.38621],[-151.71283,58.37398],[-151.70405,58.35734],[-151.70229,58.3415],[-151.70731,58.33135],[-151.73606,58.31183],[-151.7552,58.3034],[-151.74011,58.29737],[-151.72526,58.28754],[-151.70502,58.27052],[-151.6966,58.25978],[-151.69178,58.24592],[-151.69053,58.23514],[-151.70145,58.22251],[-151.69833,58.21543],[-151.70663,58.18782],[-151.71568,58.17553],[-151.73466,58.15678],[-151.76404,58.13663],[-151.7822,58.12876],[-151.80259,58.12216],[-151.8417,58.11314],[-151.86108,58.11061],[-151.8842,58.11296],[-151.90824,58.11721],[-151.93401,58.12572],[-151.9454,58.13244],[-151.96641,58.15374],[-151.98842,58.13825],[-152.03354,58.11178],[-152.05529,58.10454],[-152.1275,58.09202],[-152.26076,58.07336],[-152.27042,58.06928],[-152.27513,58.06466],[-152.29262,58.05585],[-152.31233,58.04964],[-152.32527,58.04792],[-152.34498,58.048],[-152.3826,58.05239],[-152.40425,58.05924],[-152.41364,58.05818],[-152.45337,58.05929],[-152.47454,58.04543],[-152.45892,58.0463],[-152.41447,58.03658],[-152.38019,58.01845],[-152.35874,58.01401],[-152.34623,58.00914],[-152.33344,58.00187],[-152.32417,57.99214],[-152.31665,57.97961],[-152.31173,57.97657],[-152.29711,57.97238],[-152.28166,57.97493],[-152.26565,57.97114],[-152.2356,57.94994],[-152.22023,57.93022],[-152.22889,57.90448],[-152.25592,57.86929],[-152.25525,57.86627],[-152.22657,57.85733],[-152.1824,57.84995],[-152.16114,57.84296],[-152.13797,57.82981],[-152.12411,57.81173],[-152.12103,57.80457],[-152.07981,57.6863],[-152.07476,57.68172],[-152.04612,57.66536],[-152.03488,57.65332],[-152.03171,57.6434],[-152.03103,57.62863],[-152.04516,57.61052],[-152.0535,57.60365],[-152.05128,57.59545],[-152.05549,57.5864],[-152.05644,57.57951],[-152.06352,57.57121],[-152.09628,57.55255],[-152.12514,57.53136],[-152.15266,57.51861],[-152.22246,57.4753],[-152.21651,57.43823],[-152.19653,57.43213],[-152.18239,57.42481],[-152.16457,57.41404],[-152.15654,57.40586],[-152.15972,57.38041],[-152.17007,57.36776],[-152.18636,57.35318],[-152.20451,57.34223],[-152.22741,57.33204],[-152.2585,57.32343],[-152.31494,57.31859],[-152.3377,57.32158],[-152.36121,57.32676],[-152.38317,57.33541],[-152.39551,57.34553],[-152.40211,57.3563],[-152.40363,57.36647],[-152.40078,57.37829],[-152.40211,57.38035],[-152.4156,57.38447],[-152.42497,57.38105],[-152.52603,57.32937],[-152.52878,57.32733],[-152.53449,57.30631],[-152.53769,57.30075],[-152.62295,57.24607],[-152.64274,57.23537],[-152.67657,57.22727],[-152.70184,57.22489],[-152.77293,57.2198],[-152.83565,57.21737],[-152.79886,57.20181],[-152.78523,57.19246],[-152.77919,57.18217],[-152.77548,57.17093],[-152.77459,57.15293],[-152.7774,57.14145],[-152.79297,57.12288],[-152.80999,57.10918],[-152.83418,57.09443],[-152.87688,57.07884],[-152.93802,57.06617],[-152.98401,57.06646],[-153.00124,57.0644],[-153.09831,57.04031],[-153.10465,57.02811],[-153.11144,57.02251],[-153.11047,57.01158],[-153.12154,57.00153],[-153.14685,56.98749],[-153.15989,56.97391],[-153.16915,56.96704],[-153.18098,56.96068],[-153.19499,56.9558],[-153.21789,56.9517],[-153.22976,56.95088],[-153.2388,56.95232],[-153.24323,56.94988],[-153.27434,56.94273],[-153.32002,56.94094],[-153.35773,56.94996],[-153.38799,56.94828],[-153.40455,56.95077],[-153.43921,56.96396],[-153.44912,56.97081],[-153.45907,56.9638],[-153.45739,56.96021],[-153.4577,56.956],[-153.46287,56.94774],[-153.47688,56.94132],[-153.47039,56.93933],[-153.45464,56.92643],[-153.44945,56.9134],[-153.45097,56.90034],[-153.46259,56.8855],[-153.47636,56.87255],[-153.48274,56.86937],[-153.48872,56.86367],[-153.50134,56.85667],[-153.52312,56.85253],[-153.54456,56.84237],[-153.59961,56.83393],[-153.6152,56.83439],[-153.62776,56.82039],[-153.64867,56.80418],[-153.66606,56.79485],[-153.69457,56.78564],[-153.71911,56.77871],[-153.74252,56.77588],[-153.76044,56.77648],[-153.74967,56.75908],[-153.74757,56.74505],[-153.76981,56.71181],[-153.78356,56.69757],[-153.80045,56.68993],[-153.81239,56.68784],[-153.83497,56.68805],[-153.84015,56.68331],[-153.85744,56.67641],[-153.8719,56.67271],[-153.8901,56.67171],[-153.89361,56.6633],[-153.90266,56.65334],[-153.91994,56.64254],[-153.95707,56.63332],[-153.97117,56.63204],[-153.99978,56.63495],[-153.98634,56.62587],[-153.98138,56.61383],[-153.98214,56.60901],[-153.9151,56.61284],[-153.90515,56.61158],[-153.88339,56.61868],[-153.84213,56.62057],[-153.81908,56.61699],[-153.79092,56.61011],[-153.76496,56.58808],[-153.75825,56.56849],[-153.76245,56.55675],[-153.77018,56.54704],[-153.778,56.54119],[-153.78397,56.53166],[-153.80663,56.50936],[-153.82474,56.49713],[-153.84887,56.48605],[-153.87152,56.47858],[-153.88123,56.47748],[-153.88894,56.47064],[-153.90469,56.46198],[-153.9191,56.45699],[-153.9363,56.45346],[-153.95966,56.45515],[-153.98102,56.45109],[-153.99718,56.45009],[-154.01333,56.45168],[-154.0359,56.44875],[-154.0579,56.44844],[-154.08147,56.45196],[-154.10542,56.45008],[-154.13107,56.4535],[-154.15336,56.46005],[-154.18821,56.44896],[-154.23363,56.44348],[-154.25378,56.44394],[-154.27506,56.44663],[-154.34058,56.4644],[-154.35603,56.45395],[-154.37837,56.4461],[-154.4032,56.44167],[-154.4299,56.44114],[-154.45262,56.44324],[-154.47326,56.4478],[-154.49823,56.45579],[-154.58201,56.42681],[-154.6289,56.38609],[-154.65712,56.37323],[-154.68906,56.3627],[-154.72575,56.35522],[-154.76332,56.35469],[-154.79495,56.35929],[-154.81798,56.36617],[-154.86296,56.38385],[-154.88172,56.4014],[-154.88904,56.41262],[-154.89311,56.42286],[-154.89483,56.43457],[-154.89387,56.44473],[-154.88671,56.45574],[-154.8614,56.47535],[-154.85459,56.48699],[-154.82092,56.51155],[-154.81239,56.52383],[-154.75813,56.55982],[-154.66872,56.59783],[-154.64876,56.60986],[-154.5975,56.63603],[-154.56386,56.64976],[-154.54052,56.65585],[-154.50754,56.65885],[-154.48857,56.65809],[-154.45896,56.65308],[-154.43,56.65463],[-154.41506,56.65167],[-154.36013,56.63353],[-154.35213,56.63254],[-154.33784,56.63691],[-154.32047,56.64666],[-154.3054,56.65201],[-154.27687,56.66002],[-154.23669,56.66757],[-154.23552,56.67392],[-154.23867,56.67961],[-154.23932,56.69286],[-154.23362,56.70363],[-154.21785,56.72047],[-154.31609,56.78613],[-154.38554,56.83027],[-154.39278,56.83973],[-154.39322,56.84903],[-154.38774,56.89562],[-154.44008,56.9236],[-154.50246,56.94079],[-154.53729,56.94501],[-154.5775,56.95277],[-154.59556,56.96093],[-154.60863,56.97028],[-154.61691,56.97963],[-154.62399,56.99089],[-154.62856,57.00201],[-154.60115,57.03638],[-154.6198,57.16236],[-154.6503,57.17789],[-154.67978,57.19809],[-154.68579,57.21422],[-154.70959,57.2161],[-154.76711,57.21451],[-154.79863,57.22753],[-154.80705,57.22565],[-154.83112,57.23065],[-154.87126,57.24649],[-154.91405,57.26674],[-154.93124,57.28237],[-154.93371,57.29468],[-154.92648,57.31642],[-154.91035,57.33506],[-154.91448,57.34244],[-154.91558,57.34987],[-154.88865,57.38192],[-154.81542,57.41279],[-154.81764,57.41809],[-154.81695,57.42425],[-154.79018,57.46142],[-154.7659,57.48095],[-154.7528,57.48718],[-154.74569,57.50711],[-154.72299,57.52796],[-154.70317,57.54202],[-154.67159,57.55715],[-154.6252,57.57291],[-154.61636,57.59377],[-154.6069,57.60325],[-154.57275,57.62059],[-154.53742,57.62508],[-154.51053,57.63203],[-154.48096,57.63186],[-154.43912,57.66849],[-154.40703,57.69053],[-154.36474,57.69301],[-154.32976,57.69318],[-154.29816,57.70614],[-154.26626,57.71595],[-154.24009,57.71547],[-154.12844,57.77067],[-154.10592,57.78858],[-154.00382,57.85025],[-153.97827,57.86147],[-153.97222,57.8677],[-153.96861,57.8749],[-153.95659,57.88196],[-153.94347,57.88567],[-153.94455,57.89234],[-153.94152,57.90043],[-153.9323,57.9092],[-153.91715,57.91656],[-153.87059,57.92878],[-153.82461,57.92701],[-153.78664,57.91771],[-153.7449,57.94001],[-153.69611,57.95543],[-153.63437,57.97137],[-153.55448,58.00282],[-153.51176,58.01341],[-153.48021,58.01885],[-153.49672,58.02776],[-153.50478,58.04033],[-153.5066,58.06623],[-153.50016,58.07956],[-153.48681,58.09464],[-153.47022,58.1087],[-153.43104,58.1282],[-153.42478,58.13601],[-153.40644,58.15146],[-153.36749,58.17929],[-153.34187,58.18724],[-153.3147,58.19301],[-153.31031,58.19681],[-153.30085,58.2114],[-153.28823,58.22554],[-153.27137,58.23849],[-153.24886,58.2491],[-153.22131,58.25727],[-153.20006,58.26625],[-153.18535,58.28297],[-153.12309,58.33022],[-152.97072,58.43559],[-152.92231,58.47219],[-152.90072,58.48399],[-152.89092,58.48801],[-152.88088,58.48979],[-152.87663,58.49408],[-152.87138,58.50692],[-152.86177,58.52005],[-152.84692,58.5315],[-152.83337,58.53832],[-152.81971,58.54268],[-152.77514,58.54941],[-152.77309,58.57423],[-152.76757,58.5866],[-152.75726,58.59524],[-152.74223,58.60348],[-152.73465,58.61109],[-152.73296,58.62244],[-152.7191,58.63538],[-152.69843,58.64865],[-152.61003,58.69228],[-152.57462,58.72533],[-152.56026,58.73573],[-152.54559,58.74245],[-152.49733,58.75533],[-152.47359,58.75726],[-152.43456,58.75078],[-152.4092,58.74186],[-152.39301,58.73046],[-152.38079,58.71127],[-152.38094,58.70101],[-152.38255,58.69604]]],[[[-160.33321,58.78177],[-160.32326,58.77506],[-160.31173,58.7765],[-160.28241,58.77497],[-160.23772,58.76605],[-160.2141,58.75548],[-160.18769,58.75628],[-160.13764,58.7489],[-160.11658,58.73902],[-160.10193,58.72481],[-160.09629,58.70534],[-160.09699,58.69728],[-160.11033,58.6816],[-160.12257,58.67283],[-160.15275,58.6582],[-160.152,58.65336],[-160.15411,58.63711],[-160.16117,58.62604],[-160.17984,58.61002],[-160.21218,58.59505],[-160.21349,58.59317],[-160.21288,58.58485],[-160.21546,58.57831],[-160.22562,58.56554],[-160.25878,58.54457],[-160.30105,58.53576],[-160.33363,58.53568],[-160.36764,58.54199],[-160.39688,58.55392],[-160.40779,58.56731],[-160.41431,58.58693],[-160.40114,58.61257],[-160.39488,58.62127],[-160.38765,58.62765],[-160.40134,58.62498],[-160.43312,58.62225],[-160.45363,58.62307],[-160.47536,58.62719],[-160.49149,58.63346],[-160.52876,58.65416],[-160.5395,58.66434],[-160.54434,58.67433],[-160.54408,58.68784],[-160.53751,58.70027],[-160.53094,58.70627],[-160.52545,58.70857],[-160.52581,58.73024],[-160.51356,58.75065],[-160.50432,58.76143],[-160.49039,58.77363],[-160.47207,58.78369],[-160.45225,58.79185],[-160.41606,58.79845],[-160.36766,58.7941],[-160.34941,58.78881],[-160.33321,58.78177]]],[[[-152.09129,59.00702],[-152.08339,59.00502],[-152.05896,59.012],[-152.04041,59.01289],[-152.01958,59.01092],[-151.99537,59.00521],[-151.96494,58.99234],[-151.93721,58.9883],[-151.91768,58.97521],[-151.8678,58.94641],[-151.85761,58.93596],[-151.85166,58.91735],[-151.85391,58.90877],[-151.86069,58.89994],[-151.875,58.88641],[-151.88322,58.88068],[-151.90051,58.87342],[-151.91207,58.87041],[-151.93641,58.86738],[-151.9516,58.85219],[-151.9816,58.83728],[-152.01719,58.82852],[-152.03656,58.82784],[-152.0668,58.83301],[-152.10861,58.84462],[-152.13409,58.85812],[-152.19538,58.84063],[-152.21908,58.83897],[-152.24967,58.84068],[-152.26243,58.83285],[-152.27555,58.82727],[-152.29293,58.82265],[-152.31464,58.82],[-152.34074,58.82039],[-152.36091,58.82305],[-152.38332,58.82829],[-152.40147,58.83668],[-152.41377,58.84761],[-152.42098,58.85848],[-152.42597,58.87338],[-152.43462,58.87587],[-152.45261,58.88487],[-152.46073,58.89545],[-152.46545,58.90634],[-152.46655,58.915],[-152.46488,58.92422],[-152.45209,58.93948],[-152.43751,58.94843],[-152.43985,58.95474],[-152.44092,58.96609],[-152.43739,58.97353],[-152.42943,58.9814],[-152.41404,58.99224],[-152.40599,58.99423],[-152.39388,58.99396],[-152.36911,59.0017],[-152.35277,59.00487],[-152.32347,59.00746],[-152.29473,59.00663],[-152.27275,59.0032],[-152.24567,58.99346],[-152.23665,58.99575],[-152.22878,59.00178],[-152.20852,59.01011],[-152.18824,59.01615],[-152.17021,59.01703],[-152.14542,59.01789],[-152.12907,59.01675],[-152.09129,59.00702]]],[[[-146.31381,59.34495],[-146.32235,59.34491],[-146.34898,59.33763],[-146.37196,59.33449],[-146.39745,59.33438],[-146.42053,59.33732],[-146.45936,59.34669],[-146.4796,59.35461],[-146.4976,59.36722],[-146.50349,59.37445],[-146.50709,59.38206],[-146.5083,59.39073],[-146.50685,59.39852],[-146.50139,59.4101],[-146.49296,59.4215],[-146.47004,59.44007],[-146.45665,59.45322],[-146.44296,59.46097],[-146.42786,59.46667],[-146.43454,59.47855],[-146.43541,59.4907],[-146.43102,59.50177],[-146.42067,59.51357],[-146.42753,59.5214],[-146.43169,59.52983],[-146.43291,59.5385],[-146.43115,59.54715],[-146.42517,59.55712],[-146.41523,59.56625],[-146.40177,59.57413],[-146.38536,59.58041],[-146.35349,59.58662],[-146.31934,59.58693],[-146.28705,59.58128],[-146.26054,59.57037],[-146.24566,59.55872],[-146.23799,59.54629],[-146.23691,59.53329],[-146.24295,59.51996],[-146.21003,59.51137],[-146.1964,59.50478],[-146.18637,59.49774],[-146.17169,59.483],[-146.16711,59.47283],[-146.16669,59.46297],[-146.15365,59.45205],[-146.14642,59.43956],[-146.14549,59.42828],[-146.14956,59.41718],[-146.15842,59.40683],[-146.17046,59.3984],[-146.19278,59.38903],[-146.21855,59.38352],[-146.24089,59.36472],[-146.26151,59.35439],[-146.28713,59.34759],[-146.31381,59.34495]]],[[[-172.76181,60.14068],[-172.79956,60.1388],[-172.82966,60.14211],[-172.84834,60.14878],[-172.88104,60.16878],[-172.89038,60.18212],[-172.88571,60.2088],[-172.86703,60.22214],[-172.81565,60.23993],[-172.79696,60.24882],[-172.77361,60.25549],[-172.73157,60.26216],[-172.69859,60.25837],[-172.67343,60.24978],[-172.64924,60.23689],[-172.63751,60.21929],[-172.63434,60.20074],[-172.65572,60.17848],[-172.68068,60.15991],[-172.69421,60.15461],[-172.76181,60.14068]]],[[[-166.00582,60.41957],[-165.99979,60.41128],[-165.99833,60.4004],[-166.00955,60.3877],[-165.99728,60.38376],[-165.98673,60.37865],[-165.98139,60.37409],[-165.96099,60.3897],[-165.94952,60.39378],[-165.89941,60.4032],[-165.87623,60.40274],[-165.84776,60.39857],[-165.82847,60.39005],[-165.81645,60.39612],[-165.78249,60.40487],[-165.75936,60.4064],[-165.73849,60.40561],[-165.6931,60.39315],[-165.67151,60.38346],[-165.65395,60.37176],[-165.64742,60.36231],[-165.6495,60.34882],[-165.63273,60.3483],[-165.61707,60.3449],[-165.60022,60.33893],[-165.57453,60.3212],[-165.56154,60.30173],[-165.5614,60.29226],[-165.56531,60.28307],[-165.5744,60.2733],[-165.57022,60.26412],[-165.57073,60.25896],[-165.58832,60.24141],[-165.57551,60.23169],[-165.57079,60.22482],[-165.56662,60.21565],[-165.5671,60.20762],[-165.57039,60.19785],[-165.58852,60.17888],[-165.57922,60.17172],[-165.57625,60.16571],[-165.57556,60.15854],[-165.57718,60.15078],[-165.56848,60.14593],[-165.56208,60.14021],[-165.5597,60.13333],[-165.56399,60.11266],[-165.55874,60.10637],[-165.55748,60.09919],[-165.56021,60.08944],[-165.56638,60.08024],[-165.57319,60.07506],[-165.56738,60.0702],[-165.56501,60.06418],[-165.56664,60.05873],[-165.5534,60.05416],[-165.547,60.0473],[-165.53939,60.03498],[-165.49752,60.02789],[-165.4797,60.02161],[-165.46238,60.00959],[-165.45324,59.99921],[-165.4519,59.99042],[-165.40248,59.97045],[-165.40256,59.96786],[-165.41203,59.95414],[-165.43915,59.93604],[-165.43873,59.9318],[-165.44521,59.91644],[-165.46093,59.895],[-165.49549,59.87018],[-165.5604,59.85287],[-165.60217,59.84769],[-165.62528,59.8464],[-165.65784,59.83626],[-165.69905,59.83508],[-165.73904,59.84135],[-165.77329,59.82046],[-165.80306,59.8091],[-165.82488,59.80675],[-165.83721,59.79751],[-165.87807,59.77601],[-165.92162,59.74713],[-165.96484,59.72297],[-166.01247,59.70538],[-166.05791,59.69553],[-166.09974,59.69405],[-166.15759,59.69791],[-166.19663,59.70338],[-166.24213,59.71709],[-166.27389,59.73385],[-166.29127,59.7472],[-166.3006,59.76007],[-166.32187,59.77314],[-166.36642,59.77966],[-166.42969,59.80164],[-166.46173,59.79593],[-166.50799,59.79875],[-166.56424,59.79611],[-166.62615,59.79706],[-166.65436,59.80239],[-166.68904,59.81534],[-166.7368,59.8383],[-166.74839,59.8382],[-166.78653,59.84266],[-166.82893,59.85233],[-166.84153,59.86154],[-166.85087,59.87106],[-166.86815,59.88126],[-166.90463,59.89805],[-166.94064,59.91191],[-167.04206,59.93576],[-167.10293,59.93695],[-167.13786,59.94403],[-167.19261,59.97456],[-167.22275,59.99385],[-167.29343,59.99919],[-167.31082,60.00747],[-167.32417,60.01846],[-167.3585,60.01848],[-167.3856,60.02121],[-167.40084,60.02612],[-167.41801,60.03416],[-167.43485,60.04566],[-167.44079,60.05646],[-167.44299,60.09545],[-167.44173,60.10208],[-167.43647,60.10876],[-167.4531,60.11623],[-167.4646,60.12465],[-167.47175,60.13602],[-167.47326,60.1489],[-167.49245,60.15202],[-167.50546,60.15697],[-167.51519,60.16426],[-167.51699,60.17284],[-167.53637,60.17824],[-167.56032,60.20595],[-167.55825,60.22436],[-167.55082,60.24055],[-167.54052,60.24935],[-167.52942,60.25528],[-167.50809,60.26311],[-167.47362,60.26483],[-167.43772,60.26285],[-167.4118,60.27159],[-167.39186,60.27507],[-167.37114,60.27569],[-167.35261,60.28317],[-167.33674,60.28742],[-167.30985,60.29072],[-167.27683,60.28893],[-167.25513,60.28382],[-167.22598,60.28797],[-167.20521,60.28828],[-167.17914,60.28666],[-167.15348,60.28243],[-167.13768,60.28811],[-167.12057,60.29122],[-167.1026,60.29004],[-167.06997,60.28475],[-167.04474,60.27792],[-167.01809,60.26623],[-166.98911,60.27378],[-166.968,60.2775],[-166.9438,60.2781],[-166.92978,60.2955],[-166.91874,60.30453],[-166.90473,60.31216],[-166.88597,60.31755],[-166.87343,60.3312],[-166.8447,60.34503],[-166.81263,60.35058],[-166.80054,60.36276],[-166.76332,60.38128],[-166.73936,60.38786],[-166.70121,60.38914],[-166.66633,60.38578],[-166.64057,60.40384],[-166.62014,60.41295],[-166.59379,60.41924],[-166.57022,60.42292],[-166.56067,60.4299],[-166.52886,60.44427],[-166.50581,60.44764],[-166.47803,60.44876],[-166.44365,60.44448],[-166.41722,60.43611],[-166.40289,60.42619],[-166.38785,60.42661],[-166.37151,60.42388],[-166.34984,60.41774],[-166.33405,60.42907],[-166.31647,60.43897],[-166.29765,60.44743],[-166.27635,60.45161],[-166.27584,60.46912],[-166.27095,60.47862],[-166.24935,60.49113],[-166.22931,60.4993],[-166.20861,60.50519],[-166.15245,60.51075],[-166.12136,60.50091],[-166.0849,60.48594],[-166.05421,60.46949],[-166.03071,60.43894],[-166.00582,60.41957]]],[[[-172.49968,60.43215],[-172.46262,60.43869],[-172.45342,60.43869],[-172.43961,60.4365],[-172.39359,60.4365],[-172.34756,60.42775],[-172.31995,60.4168],[-172.30614,60.40585],[-172.29233,60.39928],[-172.27853,60.38833],[-172.26012,60.37957],[-172.24171,60.373],[-172.2233,60.36424],[-172.16807,60.34891],[-172.14506,60.34015],[-172.12205,60.32701],[-172.10911,60.31401],[-172.10879,60.30343],[-172.1204,60.28734],[-172.14354,60.27145],[-172.16289,60.26445],[-172.1668,60.26071],[-172.18951,60.25081],[-172.21692,60.2446],[-172.24673,60.24123],[-172.26755,60.2445],[-172.29553,60.23883],[-172.33313,60.24453],[-172.3616,60.252],[-172.37921,60.26071],[-172.38842,60.2755],[-172.40755,60.27876],[-172.45386,60.27061],[-172.49606,60.27422],[-172.52298,60.27109],[-172.53425,60.26526],[-172.56503,60.25808],[-172.59615,60.25862],[-172.6525,60.26975],[-172.67938,60.27802],[-172.7154,60.29622],[-172.74444,60.30103],[-172.8024,60.31865],[-172.82015,60.31615],[-172.84797,60.31838],[-172.87779,60.32631],[-172.91025,60.33962],[-172.92538,60.35258],[-172.93099,60.37052],[-172.93147,60.38968],[-172.98592,60.41185],[-173.06741,60.4399],[-173.09531,60.44179],[-173.14489,60.4571],[-173.15829,60.46749],[-173.16784,60.48108],[-173.17054,60.49648],[-173.16528,60.51429],[-173.15648,60.52214],[-173.16324,60.53831],[-173.15404,60.56458],[-173.14024,60.57553],[-173.14484,60.5821],[-173.16785,60.59304],[-173.17705,60.59961],[-173.18165,60.60618],[-173.23225,60.63683],[-173.23685,60.64558],[-173.21845,60.67623],[-173.19085,60.68936],[-173.19085,60.70688],[-173.17705,60.72001],[-173.15865,60.72877],[-173.10043,60.74516],[-173.05909,60.74775],[-173.01249,60.74037],[-172.98978,60.73181],[-172.96227,60.7098],[-172.95307,60.69448],[-172.94387,60.6507],[-172.88867,60.64413],[-172.86107,60.63757],[-172.83806,60.62881],[-172.82886,60.62224],[-172.81966,60.61349],[-172.81506,60.60254],[-172.81966,60.59598],[-172.81535,60.55785],[-172.79577,60.53865],[-172.76028,60.51418],[-172.68786,60.48012],[-172.53004,60.43574],[-172.49968,60.43215]]],[[[-161.74604,63.65361],[-161.71478,63.65254],[-161.69641,63.64899],[-161.67716,63.64265],[-161.66117,63.63538],[-161.6495,63.62764],[-161.6396,63.61775],[-161.63399,63.60432],[-161.64156,63.5885],[-161.65169,63.57966],[-161.67525,63.56634],[-161.6941,63.55923],[-161.72107,63.55374],[-161.75199,63.55206],[-161.78449,63.55379],[-161.81243,63.55994],[-161.83924,63.57035],[-161.84984,63.57736],[-161.85705,63.58798],[-161.85931,63.61091],[-161.85587,63.62163],[-161.84034,63.63512],[-161.81455,63.64667],[-161.79548,63.65042],[-161.75852,63.65452],[-161.74604,63.65361]]],[[[-171.64749,63.84095],[-171.61753,63.83364],[-171.54885,63.80046],[-171.52705,63.77652],[-171.5207,63.75023],[-171.5275,63.73449],[-171.53563,63.72187],[-171.25134,63.66744],[-171.16506,63.65899],[-170.95918,63.62589],[-170.91096,63.63787],[-170.87554,63.65529],[-170.84719,63.66612],[-170.70517,63.71308],[-170.65672,63.72355],[-170.61996,63.72345],[-170.50405,63.7534],[-170.46851,63.75556],[-170.29687,63.75557],[-170.24322,63.74538],[-170.1681,63.71989],[-170.1037,63.68418],[-170.02858,63.64847],[-169.98565,63.62296],[-169.96417,63.58212],[-169.92662,63.52674],[-169.84863,63.50752],[-169.79302,63.49074],[-169.73694,63.48623],[-169.64563,63.48364],[-169.60231,63.48063],[-169.56944,63.47286],[-169.5439,63.45944],[-169.48382,63.43563],[-169.45556,63.41502],[-169.3722,63.4071],[-169.23457,63.39073],[-169.03502,63.38745],[-168.88363,63.37435],[-168.70472,63.3547],[-168.64279,63.34488],[-168.60839,63.33505],[-168.58774,63.32523],[-168.57864,63.30867],[-168.58672,63.27247],[-168.6043,63.25159],[-168.60928,63.22936],[-168.63599,63.20464],[-168.66661,63.18597],[-168.6928,63.15894],[-168.73348,63.13155],[-168.69668,63.10922],[-168.68281,63.08467],[-168.70075,63.05692],[-168.76411,63.02762],[-168.80325,63.01765],[-168.83735,63.01617],[-168.86857,63.01979],[-168.91751,63.03111],[-168.94038,63.04633],[-168.94872,63.06247],[-168.94663,63.07445],[-168.93626,63.08745],[-168.9228,63.09957],[-168.98439,63.11276],[-169.02781,63.12453],[-169.06674,63.12821],[-169.14257,63.1278],[-169.23067,63.1235],[-169.28235,63.1144],[-169.32438,63.08574],[-169.36799,63.06107],[-169.40655,63.04751],[-169.45111,63.03855],[-169.42729,63.00026],[-169.41988,62.97385],[-169.43635,62.94744],[-169.46157,62.93284],[-169.49326,62.92661],[-169.52536,62.92466],[-169.55212,62.90291],[-169.59106,62.88787],[-169.63882,62.88491],[-169.72791,62.89633],[-169.81484,62.91739],[-169.83897,62.92589],[-169.86462,62.9447],[-169.86529,62.96043],[-169.86329,62.98014],[-169.87775,62.99713],[-169.8838,63.02007],[-169.90143,63.03736],[-169.95278,63.06407],[-170.03182,63.09552],[-170.08118,63.1113],[-170.11544,63.12725],[-170.14016,63.12426],[-170.17675,63.12533],[-170.1906,63.12684],[-170.20187,63.13119],[-170.22843,63.1302],[-170.24859,63.13202],[-170.25986,63.13666],[-170.29084,63.1351],[-170.32804,63.13872],[-170.35944,63.14774],[-170.37509,63.15581],[-170.39438,63.17105],[-170.40049,63.18223],[-170.40091,63.19367],[-170.38347,63.21075],[-170.4391,63.25159],[-170.5153,63.28791],[-170.59692,63.31161],[-170.81663,63.35498],[-170.90827,63.36994],[-170.99361,63.37484],[-171.04841,63.37369],[-171.06686,63.37111],[-171.10054,63.35651],[-171.1279,63.3502],[-171.16607,63.34816],[-171.17361,63.33643],[-171.19133,63.32468],[-171.21414,63.31578],[-171.2274,63.30404],[-171.25142,63.29257],[-171.28057,63.28565],[-171.32625,63.2827],[-171.36225,63.26802],[-171.39891,63.25764],[-171.43562,63.25267],[-171.48196,63.25453],[-171.53358,63.26664],[-171.56021,63.26511],[-171.59457,63.26955],[-171.62204,63.27715],[-171.65157,63.29104],[-171.69114,63.29801],[-171.74429,63.31318],[-171.77231,63.31532],[-171.81084,63.32855],[-171.83927,63.34268],[-171.85104,63.35319],[-171.85574,63.36118],[-171.88491,63.37759],[-171.90664,63.39861],[-171.93113,63.42563],[-171.94425,63.45471],[-171.95425,63.46637],[-171.96534,63.47287],[-171.94475,63.57062],[-171.92486,63.61085],[-171.90994,63.61794],[-171.90497,63.63924],[-171.89005,63.6558],[-171.86022,63.67473],[-171.86519,63.68893],[-171.86519,63.70549],[-171.8453,63.72679],[-171.83536,63.74336],[-171.84033,63.75282],[-171.84033,63.76939],[-171.85595,63.78567],[-171.846,63.79986],[-171.81617,63.82116],[-171.79628,63.83062],[-171.77639,63.83772],[-171.7147,63.83605],[-171.70574,63.84039],[-171.67476,63.84368],[-171.64749,63.84095]]],[[[-161.2523,64.06596],[-161.30606,64.06197],[-161.3732,64.06974],[-161.41447,64.08677],[-161.43244,64.10534],[-161.43695,64.13355],[-161.42022,64.15842],[-161.39331,64.17201],[-161.35574,64.18378],[-161.31039,64.18937],[-161.26484,64.18466],[-161.22357,64.17643],[-161.19704,64.16398],[-161.17669,64.14686],[-161.17681,64.14028],[-161.18546,64.12616],[-161.18336,64.11618],[-161.18451,64.10616],[-161.19641,64.09197],[-161.20994,64.08205],[-161.22177,64.07529],[-161.2523,64.06596]]],[[[-168.00258,64.91623],[-168.03706,64.90928],[-168.0909,64.91111],[-168.13706,64.91843],[-168.18706,64.9349],[-168.21014,64.95137],[-168.21399,64.96784],[-168.21399,64.98432],[-168.21014,64.99896],[-168.20793,65.00329],[-168.19187,65.01047],[-168.16911,65.02407],[-168.15619,65.02917],[-168.09544,65.04092],[-168.07613,65.04329],[-168.0049,65.0389],[-167.97229,65.03053],[-167.9531,65.02348],[-167.92432,65.00273],[-167.91647,64.98862],[-167.91385,64.96994],[-167.91908,64.96081],[-167.93224,64.95209],[-167.95312,64.93299],[-167.97617,64.92287],[-168.00258,64.91623]]],[[[-168.73319,65.57224],[-168.76612,65.57148],[-168.80837,65.57852],[-168.82916,65.58461],[-168.84608,65.59251],[-168.86595,65.60692],[-168.86956,65.61313],[-168.86925,65.62085],[-168.86495,65.62982],[-168.85676,65.64059],[-168.84121,65.65298],[-168.82009,65.66519],[-168.79464,65.67121],[-168.73495,65.6743],[-168.71061,65.67313],[-168.67765,65.66414],[-168.66605,65.65983],[-168.65333,65.6521],[-168.63793,65.63986],[-168.62855,65.62577],[-168.62684,65.61237],[-168.63371,65.60136],[-168.65234,65.59093],[-168.67349,65.58417],[-168.73319,65.57224]]],[[[-168.90637,65.68462],[-168.91808,65.68433],[-168.97193,65.68876],[-168.97106,65.81464],[-168.92698,65.82226],[-168.8928,65.82135],[-168.86103,65.81781],[-168.83574,65.81067],[-168.80101,65.79517],[-168.78709,65.78462],[-168.78145,65.77361],[-168.77988,65.76706],[-168.78091,65.76447],[-168.76249,65.75116],[-168.76169,65.74002],[-168.76738,65.73075],[-168.78552,65.71632],[-168.85612,65.69123],[-168.88095,65.68578],[-168.90637,65.68462]]]]},"properties":{"fid":6,"zone":"Alaska","utc":"-09:00","Shape__Area":310.80662404146915,"Shape__Length":211.47156091518696}},{"type":"Feature","id":7,"geometry":{"type":"MultiPolygon","coordinates":[[[[-174.09223,52.46071],[-174.06577,52.44565],[-174.06541,52.44265],[-174.05554,52.44381],[-174.03088,52.43938],[-173.99542,52.42432],[-173.98724,52.41862],[-173.98596,52.41212],[-173.96426,52.40723],[-173.94024,52.39626],[-173.92294,52.37807],[-173.91817,52.36291],[-173.91854,52.35433],[-173.9218,52.34745],[-173.90834,52.33229],[-173.90285,52.31923],[-173.90239,52.30036],[-173.90465,52.29366],[-173.9218,52.26783],[-173.94822,52.24453],[-173.95561,52.23996],[-173.96467,52.22396],[-173.97331,52.21561],[-173.98051,52.21162],[-173.98269,52.20804],[-173.98411,52.19572],[-173.98689,52.18752],[-173.99049,52.18314],[-173.98133,52.18083],[-173.95695,52.18443],[-173.93641,52.18456],[-173.8986,52.19901],[-173.87183,52.20289],[-173.84061,52.20132],[-173.78509,52.18555],[-173.73212,52.18325],[-173.70951,52.18667],[-173.63858,52.20607],[-173.60169,52.21253],[-173.58734,52.21222],[-173.5709,52.207],[-173.56516,52.20366],[-173.54087,52.20912],[-173.50632,52.21314],[-173.47901,52.2071],[-173.45572,52.19168],[-173.4451,52.17271],[-173.44078,52.16876],[-173.41458,52.16971],[-173.40515,52.16678],[-173.38165,52.16928],[-173.34299,52.16652],[-173.30978,52.155],[-173.28317,52.16126],[-173.25717,52.16135],[-173.22408,52.15567],[-173.17783,52.16181],[-173.15153,52.16159],[-173.12373,52.16045],[-173.0453,52.15276],[-172.97432,52.14964],[-172.9437,52.14658],[-172.94133,52.14892],[-172.92519,52.15521],[-172.89489,52.1555],[-172.86666,52.14893],[-172.84252,52.13635],[-172.82881,52.12344],[-172.82204,52.11229],[-172.81993,52.10497],[-172.82027,52.10027],[-172.82579,52.09009],[-172.83925,52.07156],[-172.852,52.06268],[-172.86689,52.0564],[-172.87654,52.05594],[-172.88472,52.04335],[-172.9026,52.03196],[-172.92307,52.02416],[-172.94978,52.01915],[-172.97605,52.02027],[-173.00329,52.02798],[-173.00877,52.02567],[-173.02165,52.02445],[-173.03452,52.02558],[-173.04878,52.02242],[-173.06452,52.02393],[-173.07002,52.02599],[-173.08029,52.01858],[-173.0777,52.00797],[-173.07813,51.99345],[-173.08518,51.97493],[-173.10325,51.95947],[-173.12928,51.95051],[-173.15128,51.94714],[-173.16672,51.94671],[-173.17608,51.94888],[-173.20358,51.96032],[-173.22489,51.9746],[-173.23719,51.98834],[-173.23888,52.00867],[-173.2432,52.0094],[-173.25583,52.0053],[-173.30454,52.00543],[-173.30994,51.999],[-173.34424,51.98339],[-173.35669,51.98083],[-173.39316,51.9797],[-173.42788,51.98487],[-173.448,51.97818],[-173.48733,51.97118],[-173.51861,51.97165],[-173.5307,51.97649],[-173.55145,51.97672],[-173.58493,51.98246],[-173.60712,51.99238],[-173.61743,52.00095],[-173.63788,52.00366],[-173.64502,52.00105],[-173.68021,52.00088],[-173.71005,52.00684],[-173.73489,51.99888],[-173.75641,52.00027],[-173.76654,52.00288],[-173.76837,52.00115],[-173.77368,52.00288],[-173.77655,51.99857],[-173.81524,51.98981],[-173.85397,51.99126],[-173.87938,51.99875],[-173.88299,51.99747],[-173.90091,51.99926],[-173.93518,52.00444],[-173.9707,52.01423],[-174.00218,52.02874],[-174.01135,52.03731],[-174.01672,52.03763],[-174.0264,52.04721],[-174.0423,52.04994],[-174.04988,52.05524],[-174.05652,52.05163],[-174.07663,52.04896],[-174.11212,52.04644],[-174.12427,52.04855],[-174.13306,52.04568],[-174.151,52.04321],[-174.18116,52.04738],[-174.19455,52.04683],[-174.22098,52.04164],[-174.25034,52.03932],[-174.27717,52.0454],[-174.31399,52.03623],[-174.31578,52.02386],[-174.32334,52.01016],[-174.33595,52.00032],[-174.34101,51.99109],[-174.35041,51.98034],[-174.37858,51.96852],[-174.42308,51.96184],[-174.44252,51.96387],[-174.48091,51.9525],[-174.5085,51.95762],[-174.53368,51.95802],[-174.55067,51.96137],[-174.57558,51.96878],[-174.5943,51.97841],[-174.63146,51.96871],[-174.64608,51.96921],[-174.68795,51.95752],[-174.70141,51.95726],[-174.70861,51.95548],[-174.74508,51.95565],[-174.78723,51.96628],[-174.80582,51.97298],[-174.83249,51.97271],[-174.86127,51.98005],[-174.86932,51.9891],[-174.87675,51.98591],[-174.91084,51.9809],[-174.93333,51.97529],[-174.95152,51.96672],[-175.00034,51.95449],[-175.02934,51.95146],[-175.04072,51.9541],[-175.05638,51.94816],[-175.10017,51.94903],[-175.14644,51.95695],[-175.16447,51.95783],[-175.18227,51.95789],[-175.2039,51.95519],[-175.23711,51.96152],[-175.25628,51.96141],[-175.2759,51.95468],[-175.30688,51.95234],[-175.33761,51.95815],[-175.34874,51.96258],[-175.37286,51.94651],[-175.39245,51.93655],[-175.41,51.93018],[-175.43097,51.92773],[-175.44626,51.93059],[-175.46997,51.9218],[-175.49875,51.92155],[-175.51309,51.9268],[-175.5257,51.91535],[-175.55255,51.90897],[-175.58539,51.9049],[-175.61527,51.90429],[-175.62827,51.90751],[-175.63595,51.91117],[-175.63889,51.90895],[-175.64512,51.90791],[-175.64805,51.90352],[-175.65562,51.89768],[-175.67249,51.89024],[-175.69218,51.88584],[-175.69498,51.8818],[-175.71195,51.87321],[-175.75257,51.86383],[-175.79066,51.86253],[-175.80595,51.86646],[-175.80244,51.86041],[-175.79866,51.83908],[-175.81464,51.81527],[-175.82713,51.80544],[-175.84977,51.79549],[-175.882,51.79391],[-175.91305,51.80035],[-175.91474,51.79261],[-175.92661,51.77603],[-175.94205,51.76472],[-175.96473,51.75542],[-176.00265,51.74845],[-176.01872,51.74929],[-176.04185,51.75585],[-176.05836,51.7447],[-176.07878,51.73906],[-176.09062,51.74091],[-176.11558,51.72672],[-176.13322,51.72163],[-176.16304,51.71998],[-176.18974,51.72424],[-176.20723,51.73034],[-176.21136,51.73314],[-176.21818,51.72234],[-176.22999,51.71131],[-176.24141,51.70285],[-176.2552,51.69537],[-176.31782,51.68139],[-176.33897,51.67873],[-176.36876,51.67886],[-176.40316,51.68391],[-176.42653,51.6777],[-176.44795,51.67418],[-176.45656,51.67642],[-176.46553,51.67149],[-176.47713,51.6677],[-176.49309,51.65574],[-176.51527,51.6478],[-176.53328,51.64642],[-176.53978,51.64844],[-176.56096,51.63637],[-176.57829,51.62235],[-176.60155,51.61171],[-176.62477,51.6049],[-176.64653,51.60265],[-176.65126,51.60391],[-176.66298,51.5941],[-176.69875,51.57843],[-176.73451,51.57417],[-176.74733,51.57773],[-176.75679,51.57265],[-176.80141,51.55941],[-176.82973,51.55878],[-176.84878,51.56301],[-176.86217,51.5704],[-176.86703,51.56358],[-176.89401,51.54682],[-176.9179,51.53847],[-176.9428,51.53707],[-176.96963,51.53898],[-176.99804,51.54547],[-177.04257,51.56609],[-177.05887,51.57846],[-177.06867,51.59279],[-177.06878,51.60969],[-177.07209,51.61325],[-177.07435,51.62091],[-177.07469,51.63319],[-177.07273,51.6424],[-177.06535,51.64893],[-177.06575,51.65539],[-177.06376,51.66465],[-177.04545,51.6907],[-177.03395,51.70398],[-177.01268,51.71453],[-176.99031,51.734],[-176.97023,51.74369],[-176.96839,51.7481],[-176.98055,51.75248],[-176.99431,51.76223],[-177.00145,51.77372],[-177.00417,51.78778],[-177.00149,51.8027],[-176.99453,51.81386],[-176.98306,51.82576],[-176.9837,51.8338],[-176.98852,51.82799],[-176.99707,51.82254],[-177.02444,51.80958],[-177.0403,51.8077],[-177.03741,51.80442],[-177.03451,51.7967],[-177.03445,51.78447],[-177.03609,51.7818],[-177.03167,51.77956],[-177.02834,51.7743],[-177.02764,51.76705],[-177.03362,51.74989],[-177.03637,51.74628],[-177.0335,51.7412],[-177.03411,51.73274],[-177.04686,51.71294],[-177.05974,51.69736],[-177.06529,51.6955],[-177.06441,51.69301],[-177.06758,51.68757],[-177.08,51.67423],[-177.098,51.66333],[-177.12687,51.65337],[-177.15047,51.65154],[-177.16304,51.65276],[-177.18367,51.64858],[-177.19829,51.6419],[-177.22865,51.63203],[-177.25661,51.62828],[-177.28111,51.62761],[-177.30437,51.63089],[-177.31764,51.63604],[-177.33495,51.63425],[-177.3503,51.63504],[-177.3723,51.64157],[-177.38845,51.65413],[-177.403,51.67038],[-177.4132,51.66441],[-177.41995,51.6625],[-177.45205,51.6402],[-177.48101,51.63216],[-177.51287,51.63192],[-177.53866,51.63736],[-177.5414,51.64117],[-177.5538,51.63977],[-177.55642,51.63057],[-177.56274,51.62292],[-177.58117,51.61326],[-177.60244,51.607],[-177.64679,51.59904],[-177.6577,51.59866],[-177.69968,51.60231],[-177.72773,51.61096],[-177.75028,51.62771],[-177.75196,51.63735],[-177.78342,51.64786],[-177.81041,51.63305],[-177.82492,51.63105],[-177.82173,51.62168],[-177.81871,51.61874],[-177.81788,51.59811],[-177.82051,51.58442],[-177.83055,51.57004],[-177.84382,51.55855],[-177.86006,51.55109],[-177.87828,51.54332],[-177.89937,51.54022],[-177.92827,51.54189],[-177.97131,51.55239],[-177.99066,51.5602],[-178.00213,51.56694],[-178.01083,51.57582],[-178.01901,51.57397],[-178.02692,51.57419],[-178.05072,51.57991],[-178.08344,51.59512],[-178.08943,51.60067],[-178.09024,51.60374],[-178.13179,51.60991],[-178.16292,51.62124],[-178.18938,51.63367],[-178.19558,51.64139],[-178.20321,51.66132],[-178.20599,51.67934],[-178.20373,51.69251],[-178.19226,51.70385],[-178.19235,51.72085],[-178.18454,51.7322],[-178.16449,51.74688],[-178.1391,51.75705],[-178.13206,51.75785],[-178.14353,51.76439],[-178.15168,51.77375],[-178.16031,51.77889],[-178.1891,51.78908],[-178.23351,51.80189],[-178.25606,51.81202],[-178.27248,51.82312],[-178.29767,51.84523],[-178.30707,51.85844],[-178.3095,51.87106],[-178.3078,51.88161],[-178.29886,51.9037],[-178.275,51.92389],[-178.25843,51.94213],[-178.2474,51.95016],[-178.23627,51.95473],[-178.10726,51.97651],[-178.0869,51.97544],[-178.07222,51.97001],[-178.06497,51.96477],[-178.05036,51.97049],[-178.03245,51.97265],[-178.00745,51.96978],[-178.00227,51.96567],[-177.99594,51.96837],[-177.98175,51.97075],[-177.94702,51.97131],[-177.92797,51.96851],[-177.91326,51.96436],[-177.88994,51.95257],[-177.87068,51.93577],[-177.8658,51.92855],[-177.86555,51.92577],[-177.84672,51.92248],[-177.83451,51.91407],[-177.82682,51.89641],[-177.8169,51.89467],[-177.81194,51.89077],[-177.79981,51.89412],[-177.77344,51.89571],[-177.75937,51.89479],[-177.73545,51.88841],[-177.72785,51.89195],[-177.70395,51.89717],[-177.67362,51.89904],[-177.66168,51.90222],[-177.63772,51.90095],[-177.61493,51.905],[-177.58746,51.90318],[-177.57708,51.90119],[-177.56778,51.89724],[-177.55755,51.89188],[-177.53838,51.87313],[-177.53487,51.86595],[-177.53228,51.8551],[-177.5331,51.84235],[-177.53594,51.83656],[-177.54202,51.83318],[-177.53859,51.82825],[-177.53829,51.82093],[-177.55388,51.80054],[-177.56432,51.79598],[-177.54848,51.79263],[-177.54207,51.78827],[-177.52571,51.79156],[-177.51533,51.79197],[-177.50694,51.79785],[-177.48872,51.80487],[-177.46797,51.80882],[-177.44571,51.80948],[-177.44496,51.81197],[-177.43504,51.82071],[-177.42366,51.82866],[-177.40623,51.83623],[-177.387,51.83896],[-177.36375,51.83804],[-177.34696,51.83548],[-177.34165,51.83225],[-177.3245,51.83209],[-177.30891,51.83679],[-177.29832,51.85621],[-177.28935,51.86219],[-177.28291,51.86307],[-177.28157,51.87502],[-177.28532,51.89153],[-177.28438,51.91315],[-177.27562,51.94331],[-177.26747,51.95963],[-177.24895,51.97347],[-177.22954,51.98372],[-177.20622,51.99311],[-177.18626,51.99751],[-177.16808,51.99951],[-177.14892,51.9984],[-177.11973,51.99266],[-177.09648,51.99014],[-177.07972,51.98595],[-177.07499,51.98356],[-177.03989,51.97488],[-177.01691,51.96503],[-177.00421,51.95061],[-176.98371,51.94027],[-176.97006,51.9245],[-176.96762,51.91581],[-176.96725,51.88946],[-176.97055,51.88162],[-176.97525,51.87613],[-176.971,51.86111],[-176.95483,51.87473],[-176.93872,51.88275],[-176.91888,51.88213],[-176.91021,51.88963],[-176.89743,51.90701],[-176.88482,51.94092],[-176.87555,51.95967],[-176.84783,51.99552],[-176.82702,52.00913],[-176.80248,52.01667],[-176.75881,52.01802],[-176.73864,52.0208],[-176.6915,52.01772],[-176.69058,52.02046],[-176.68189,52.02857],[-176.66193,52.04009],[-176.6013,52.05656],[-176.58445,52.05629],[-176.5412,52.05088],[-176.51007,52.03936],[-176.48849,52.02604],[-176.48151,52.01819],[-176.47503,52.00285],[-176.46957,51.98122],[-176.47292,51.96356],[-176.45284,51.94401],[-176.44896,51.93331],[-176.44786,51.92118],[-176.45279,51.90793],[-176.42915,51.91535],[-176.36567,51.91843],[-176.33992,51.91626],[-176.326,51.92237],[-176.30198,51.92244],[-176.26933,51.91896],[-176.24288,51.92674],[-176.25199,51.94832],[-176.25297,51.95798],[-176.24714,51.96533],[-176.25447,51.9724],[-176.26555,51.98732],[-176.26848,51.99899],[-176.26888,52.00311],[-176.26749,52.00544],[-176.27279,52.01033],[-176.27993,52.0234],[-176.28109,52.04336],[-176.29144,52.05336],[-176.29315,52.06543],[-176.2854,52.09408],[-176.27826,52.10354],[-176.22445,52.15312],[-176.20769,52.15695],[-176.16915,52.16958],[-176.14839,52.17146],[-176.11616,52.16521],[-176.09315,52.16455],[-176.08061,52.15904],[-176.03991,52.1622],[-176.02776,52.16017],[-175.99193,52.14967],[-175.9771,52.14128],[-175.96721,52.12674],[-175.96688,52.12142],[-175.954,52.11624],[-175.93535,52.10491],[-175.9301,52.09958],[-175.92763,52.09494],[-175.92779,52.09107],[-175.89522,52.09693],[-175.85368,52.09652],[-175.8303,52.08539],[-175.82157,52.07133],[-175.81201,52.04795],[-175.80647,52.04367],[-175.79535,52.045],[-175.77826,52.04012],[-175.73934,52.0213],[-175.71322,52.0263],[-175.68645,52.02329],[-175.6776,52.0193],[-175.67061,52.0212],[-175.64769,52.02215],[-175.63609,52.01751],[-175.6115,52.01821],[-175.59889,52.01253],[-175.57234,52.01453],[-175.56001,52.01376],[-175.54915,52.00988],[-175.51771,52.02838],[-175.49378,52.03684],[-175.47038,52.04283],[-175.44123,52.04312],[-175.41245,52.03598],[-175.40183,52.04972],[-175.38434,52.06329],[-175.36448,52.07205],[-175.34104,52.0775],[-175.32669,52.07583],[-175.32129,52.08007],[-175.3129,52.08131],[-175.29663,52.08882],[-175.27316,52.09215],[-175.23164,52.09019],[-175.2211,52.09657],[-175.19311,52.10436],[-175.15515,52.10945],[-175.11627,52.10997],[-175.10238,52.10862],[-175.08395,52.12568],[-175.05944,52.13661],[-175.02691,52.13842],[-174.99323,52.13641],[-174.96456,52.15433],[-174.92525,52.16391],[-174.89671,52.16625],[-174.8661,52.16564],[-174.85374,52.16216],[-174.84987,52.15543],[-174.82713,52.15982],[-174.79664,52.15347],[-174.79472,52.15021],[-174.77412,52.1586],[-174.75984,52.16715],[-174.73157,52.17145],[-174.71857,52.19012],[-174.69614,52.20936],[-174.66853,52.2252],[-174.64246,52.2314],[-174.61777,52.23337],[-174.60318,52.23258],[-174.58901,52.22872],[-174.57544,52.24257],[-174.5535,52.25949],[-174.5246,52.26763],[-174.50446,52.26737],[-174.49441,52.26533],[-174.5058,52.27316],[-174.51783,52.2845],[-174.53767,52.31704],[-174.5369,52.32886],[-174.52488,52.34817],[-174.51316,52.35747],[-174.49473,52.36695],[-174.46885,52.37294],[-174.41071,52.37644],[-174.40641,52.39079],[-174.39078,52.40991],[-174.37583,52.42177],[-174.35575,52.42647],[-174.35215,52.43172],[-174.32886,52.4507],[-174.31275,52.45671],[-174.28663,52.45842],[-174.25507,52.4577],[-174.24501,52.45484],[-174.23807,52.45835],[-174.22293,52.46157],[-174.20795,52.46713],[-174.18644,52.47166],[-174.15787,52.47302],[-174.13279,52.47227],[-174.1106,52.46832],[-174.09223,52.46071]]],[[[-155.77483,20.29865],[-155.75549,20.29577],[-155.74041,20.28893],[-155.72688,20.28013],[-155.71798,20.27008],[-155.70223,20.26161],[-155.68886,20.24478],[-155.67774,20.24124],[-155.65874,20.22539],[-155.6518,20.22387],[-155.63053,20.2135],[-155.61575,20.20351],[-155.60641,20.19395],[-155.5978,20.19086],[-155.5821,20.18132],[-155.57878,20.18015],[-155.57063,20.18295],[-155.56175,20.18365],[-155.54076,20.18025],[-155.50839,20.16847],[-155.47884,20.16251],[-155.46289,20.15518],[-155.44389,20.15096],[-155.43161,20.14423],[-155.42447,20.14327],[-155.40023,20.13403],[-155.37853,20.12287],[-155.36972,20.11596],[-155.34845,20.10748],[-155.33526,20.09919],[-155.31443,20.09124],[-155.29832,20.08152],[-155.25241,20.06345],[-155.22239,20.04346],[-155.21178,20.03847],[-155.20402,20.03255],[-155.20059,20.02793],[-155.18452,20.0195],[-155.18126,20.01548],[-155.16682,20.00643],[-155.1575,19.99761],[-155.14034,19.98948],[-155.1217,19.97106],[-155.08606,19.94175],[-155.07612,19.9286],[-155.07086,19.91843],[-155.05557,19.90668],[-155.04683,19.89771],[-155.03163,19.875],[-155.03463,19.875],[-155.03154,19.86609],[-155.03031,19.849],[-155.03029,19.83947],[-155.03472,19.82207],[-155.03333,19.79342],[-155.02554,19.79015],[-155.01371,19.79093],[-154.99473,19.78893],[-154.97786,19.78141],[-154.96386,19.76919],[-154.95244,19.75679],[-154.94834,19.75],[-154.93187,19.71547],[-154.92812,19.70454],[-154.92615,19.69167],[-154.92895,19.67361],[-154.92027,19.66925],[-154.91147,19.66204],[-154.90307,19.65231],[-154.89487,19.63625],[-154.88431,19.625],[-154.8868,19.625],[-154.88144,19.61995],[-154.84498,19.60214],[-154.83993,19.60171],[-154.82224,19.59331],[-154.81152,19.5826],[-154.79756,19.57567],[-154.77831,19.5599],[-154.76491,19.54497],[-154.75935,19.53647],[-154.75585,19.52079],[-154.75789,19.5],[-154.75992,19.5],[-154.77577,19.45712],[-154.78615,19.44038],[-154.81033,19.41606],[-154.84793,19.38516],[-154.88904,19.3604],[-154.89592,19.35232],[-154.92731,19.32696],[-154.93173,19.31988],[-154.93968,19.31284],[-154.98009,19.29412],[-155.00001,19.28204],[-155.00001,19.28438],[-155.03234,19.27151],[-155.04917,19.26725],[-155.06755,19.25533],[-155.07935,19.25409],[-155.0832,19.25],[-155.07905,19.24897],[-155.10552,19.23427],[-155.14089,19.22212],[-155.16132,19.21838],[-155.17563,19.21139],[-155.19657,19.20968],[-155.23007,19.21285],[-155.25803,19.22217],[-155.26842,19.2195],[-155.27319,19.21376],[-155.29787,19.19946],[-155.30158,19.1925],[-155.32539,19.17128],[-155.34817,19.15878],[-155.37297,19.15224],[-155.39145,19.14436],[-155.40653,19.12459],[-155.42895,19.10722],[-155.46611,19.09536],[-155.47762,19.08428],[-155.49489,19.07159],[-155.4986,19.06391],[-155.50002,19.06434],[-155.50332,19.04649],[-155.51461,19.01558],[-155.5188,19.00807],[-155.53738,18.98906],[-155.5418,18.9813],[-155.54537,18.96185],[-155.55748,18.94345],[-155.56561,18.93452],[-155.58379,18.9221],[-155.59157,18.91274],[-155.61607,18.89025],[-155.62501,18.88391],[-155.62501,18.8861],[-155.63077,18.87969],[-155.63911,18.875],[-155.66301,18.86616],[-155.67837,18.86546],[-155.69427,18.86679],[-155.70599,18.8703],[-155.72291,18.88253],[-155.73056,18.89412],[-155.73999,18.91689],[-155.75001,18.92264],[-155.78174,18.93342],[-155.82825,18.96655],[-155.85077,18.96924],[-155.87501,18.97643],[-155.87501,18.97812],[-155.88224,18.98063],[-155.91635,19],[-155.92595,19.00816],[-155.93404,19.02158],[-155.94044,19.0361],[-155.95408,19.05363],[-155.96348,19.08208],[-155.97255,19.10139],[-155.97449,19.11275],[-155.97347,19.125],[-155.97472,19.125],[-155.97475,19.13016],[-155.96608,19.19126],[-155.95674,19.23096],[-155.95621,19.25995],[-155.94512,19.29668],[-155.94424,19.32963],[-155.94234,19.33954],[-155.94323,19.34423],[-155.96363,19.38652],[-155.9658,19.40066],[-155.97812,19.44581],[-155.99034,19.45589],[-155.99915,19.46618],[-156.01288,19.5],[-156.01182,19.50038],[-156.01692,19.53264],[-156.01941,19.53929],[-156.02301,19.56364],[-156.03029,19.58748],[-156.03895,19.60095],[-156.04934,19.60447],[-156.06322,19.61183],[-156.07861,19.625],[-156.08764,19.64609],[-156.08883,19.66141],[-156.09784,19.67538],[-156.10476,19.69482],[-156.11519,19.71069],[-156.11909,19.7193],[-156.12002,19.72718],[-156.11793,19.74457],[-156.11474,19.75],[-156.11587,19.75],[-156.11487,19.75459],[-156.10918,19.76952],[-156.10553,19.79727],[-156.09569,19.81502],[-156.07953,19.83113],[-156.06564,19.83912],[-156.05356,19.84354],[-156.02736,19.875],[-156.02486,19.875],[-156.01241,19.88976],[-155.98611,19.90267],[-155.96244,19.90916],[-155.9504,19.94208],[-155.9389,19.96152],[-155.919,19.98397],[-155.90803,19.99196],[-155.90351,20],[-155.9018,20],[-155.89611,20.00801],[-155.88433,20.01833],[-155.89532,20.03576],[-155.93229,20.08345],[-155.9379,20.10416],[-155.9427,20.1104],[-155.948,20.12379],[-155.95773,20.16762],[-155.96083,20.19773],[-155.95839,20.20912],[-155.95951,20.22147],[-155.95768,20.23498],[-155.95364,20.24703],[-155.95096,20.25],[-155.94798,20.26166],[-155.9424,20.27163],[-155.92646,20.2918],[-155.91249,20.30323],[-155.888,20.31389],[-155.86097,20.32029],[-155.84547,20.32146],[-155.82948,20.31991],[-155.81476,20.31575],[-155.8121,20.31327],[-155.7929,20.30927],[-155.7802,20.30346],[-155.77483,20.29865]]],[[[-156.97112,20.98296],[-156.96463,20.98117],[-156.91334,20.97797],[-156.86849,20.96438],[-156.84758,20.95124],[-156.82334,20.93081],[-156.80426,20.90692],[-156.79096,20.89496],[-156.75747,20.85077],[-156.75001,20.82672],[-156.75001,20.80761],[-156.76906,20.77085],[-156.78232,20.75],[-156.79538,20.73525],[-156.81701,20.7198],[-156.84543,20.71168],[-156.86187,20.6986],[-156.87501,20.69097],[-156.88783,20.68884],[-156.89962,20.68994],[-156.9106,20.69332],[-156.92828,20.69116],[-156.93591,20.69223],[-156.96285,20.68546],[-156.97382,20.68679],[-156.98598,20.69045],[-157.00001,20.6969],[-157.02729,20.72873],[-157.03816,20.75],[-157.04028,20.76204],[-157.0452,20.77047],[-157.04762,20.79006],[-157.04689,20.80311],[-157.04396,20.81003],[-157.04808,20.82055],[-157.07522,20.8273],[-157.0952,20.84716],[-157.11269,20.875],[-157.11122,20.875],[-157.11725,20.8917],[-157.11507,20.91558],[-157.11124,20.93123],[-157.09994,20.94861],[-157.08885,20.9584],[-157.0495,20.97904],[-157.03528,20.98331],[-157.00836,20.98327],[-156.98984,20.98506],[-156.97112,20.98296]]],[[[-156.45494,20.97214],[-156.4511,20.96876],[-156.42746,20.97338],[-156.40492,20.97418],[-156.39622,20.98097],[-156.37762,20.98983],[-156.37501,20.99084],[-156.37501,20.98925],[-156.36475,20.99379],[-156.3548,20.9938],[-156.33923,21.0042],[-156.32049,21.00623],[-156.2945,21.00103],[-156.27432,21.00424],[-156.26859,21.00375],[-156.25661,21],[-156.2376,20.98972],[-156.21436,20.98309],[-156.19531,20.97151],[-156.17184,20.94923],[-156.16189,20.94288],[-156.13637,20.91744],[-156.12501,20.91501],[-156.11108,20.90834],[-156.09594,20.89848],[-156.08603,20.88843],[-156.08171,20.88073],[-156.07649,20.88075],[-156.04964,20.87055],[-156.0323,20.85986],[-156.0256,20.8595],[-156.00001,20.85213],[-156.00001,20.875],[-155.95901,20.875],[-155.95097,20.86193],[-155.93914,20.83659],[-155.92971,20.80147],[-155.9268,20.78174],[-155.92697,20.76705],[-155.9292,20.75808],[-155.92685,20.73868],[-155.92812,20.7248],[-155.94966,20.67684],[-155.96147,20.66046],[-155.96961,20.65213],[-156.00001,20.62598],[-156.00001,20.63187],[-156.00514,20.625],[-156.00267,20.625],[-156.00603,20.621],[-156.02593,20.60626],[-156.04308,20.5993],[-156.05428,20.59726],[-156.07329,20.59841],[-156.08301,20.59508],[-156.08744,20.5907],[-156.10222,20.58301],[-156.13528,20.56985],[-156.14387,20.56974],[-156.15875,20.57274],[-156.17718,20.57248],[-156.19562,20.57715],[-156.25001,20.55034],[-156.25001,20.55414],[-156.27916,20.54008],[-156.29049,20.5369],[-156.32414,20.53633],[-156.3415,20.53304],[-156.35111,20.53441],[-156.37501,20.52899],[-156.37501,20.53143],[-156.42051,20.53661],[-156.4374,20.54393],[-156.45351,20.55553],[-156.45988,20.55767],[-156.48452,20.57909],[-156.48839,20.55855],[-156.48233,20.54813],[-156.4806,20.54111],[-156.47957,20.52958],[-156.48337,20.51317],[-156.48938,20.5],[-156.51221,20.47478],[-156.53347,20.46298],[-156.54608,20.46085],[-156.56391,20.46284],[-156.57356,20.45914],[-156.58394,20.45817],[-156.60132,20.46099],[-156.65687,20.45727],[-156.6728,20.45778],[-156.70513,20.45415],[-156.73291,20.45293],[-156.75001,20.45434],[-156.75001,20.49999],[-156.74428,20.5],[-156.75,20.50683],[-156.75519,20.52016],[-156.75576,20.53528],[-156.75002,20.55646],[-156.75001,20.55383],[-156.74267,20.57009],[-156.73366,20.58185],[-156.70446,20.60459],[-156.69113,20.61157],[-156.67424,20.61538],[-156.65507,20.625],[-156.64539,20.6334],[-156.62501,20.6451],[-156.61009,20.6508],[-156.59775,20.65788],[-156.57509,20.65931],[-156.54964,20.65803],[-156.54026,20.67139],[-156.53167,20.67922],[-156.50884,20.68913],[-156.50001,20.69124],[-156.50001,20.68943],[-156.49574,20.69158],[-156.50001,20.70255],[-156.50001,20.69909],[-156.51188,20.73539],[-156.52192,20.73256],[-156.54683,20.73249],[-156.5776,20.74326],[-156.58695,20.75],[-156.62501,20.75],[-156.62501,20.76309],[-156.6401,20.76511],[-156.65987,20.77842],[-156.66939,20.78885],[-156.6727,20.79485],[-156.68474,20.80402],[-156.72175,20.84244],[-156.72863,20.8517],[-156.73755,20.86792],[-156.73948,20.875],[-156.73759,20.875],[-156.73943,20.88881],[-156.75001,20.90513],[-156.75237,20.92414],[-156.75181,20.94855],[-156.75001,20.96078],[-156.74314,20.9761],[-156.73503,21.00573],[-156.73218,21.01094],[-156.7085,21.04323],[-156.69091,21.05348],[-156.68708,21.06056],[-156.67044,21.0767],[-156.65596,21.08183],[-156.6336,21.08334],[-156.61815,21.0905],[-156.6059,21.09258],[-156.59105,21.09241],[-156.57439,21.08853],[-156.55953,21.08234],[-156.54305,21.06883],[-156.51298,21.05102],[-156.49074,21.03544],[-156.4754,21.01921],[-156.46816,21],[-156.47031,21],[-156.46756,20.98795],[-156.46345,20.97956],[-156.45494,20.97214]]],[[[-157.23395,21.27624],[-157.21426,21.27862],[-157.19955,21.27651],[-157.18396,21.27147],[-157.15901,21.2579],[-157.13522,21.25516],[-157.12501,21.25564],[-157.12501,21.25715],[-157.10951,21.25258],[-157.09075,21.25227],[-157.07246,21.24678],[-157.06534,21.24695],[-157.05741,21.24419],[-157.03441,21.24571],[-157.03018,21.24395],[-157.0188,21.25824],[-157.0091,21.26595],[-156.99036,21.27354],[-156.9713,21.27437],[-156.95218,21.26933],[-156.92741,21.25658],[-156.91717,21.24379],[-156.91029,21.22957],[-156.90244,21.23234],[-156.88612,21.23435],[-156.87438,21.2331],[-156.85906,21.22709],[-156.85353,21.22271],[-156.84088,21.2232],[-156.81213,21.23141],[-156.79486,21.23416],[-156.7839,21.23145],[-156.77108,21.23286],[-156.75001,21.2282],[-156.72209,21.22607],[-156.70627,21.21723],[-156.68652,21.21052],[-156.67584,21.20241],[-156.65958,21.18191],[-156.6509,21.14502],[-156.65054,21.13428],[-156.65274,21.125],[-156.65485,21.125],[-156.65772,21.11491],[-156.6726,21.09572],[-156.69401,21.0878],[-156.70807,21.07221],[-156.73562,21.05578],[-156.75001,21.04383],[-156.75001,21.04699],[-156.76175,21.04089],[-156.7853,21.02454],[-156.80163,21.02197],[-156.83,21.00226],[-156.83697,21],[-156.87501,21],[-156.87501,20.9937],[-156.87794,20.99337],[-156.89363,20.99384],[-156.89948,20.99457],[-156.90369,20.99703],[-156.91455,20.99759],[-156.92574,21.00143],[-156.93537,21.00678],[-156.96315,21.01287],[-156.97391,21.02182],[-157.00001,21.02932],[-157.01057,21.03549],[-157.02452,21.03881],[-157.03874,21.03852],[-157.05025,21.04271],[-157.07216,21.0576],[-157.07757,21.05836],[-157.10277,21.05796],[-157.12501,21.0525],[-157.12501,21.05009],[-157.12956,21.04856],[-157.15602,21.04885],[-157.17721,21.04648],[-157.21605,21.04566],[-157.23145,21.0431],[-157.25001,21.04491],[-157.25001,21.04612],[-157.26792,21.04472],[-157.28944,21.04612],[-157.32126,21.05068],[-157.33463,21.05861],[-157.34914,21.07224],[-157.3638,21.09236],[-157.36656,21.10096],[-157.36627,21.11666],[-157.3635,21.125],[-157.36568,21.125],[-157.35716,21.13907],[-157.34991,21.15709],[-157.33861,21.17504],[-157.32883,21.18782],[-157.31169,21.20413],[-157.31457,21.22028],[-157.31448,21.23044],[-157.31054,21.24453],[-157.30527,21.25288],[-157.29231,21.26564],[-157.2722,21.27657],[-157.25001,21.27878],[-157.25001,21.28035],[-157.23395,21.27624]]],[[[-160.53084,21.60107],[-160.54623,21.60039],[-160.57074,21.60667],[-160.59076,21.625],[-160.5895,21.625],[-160.59295,21.62965],[-160.60038,21.64927],[-160.59978,21.66765],[-160.59188,21.68586],[-160.57828,21.70025],[-160.56274,21.7089],[-160.55032,21.71207],[-160.53175,21.712],[-160.50881,21.70324],[-160.50001,21.69703],[-160.49416,21.69054],[-160.49019,21.6845],[-160.48321,21.66519],[-160.48292,21.64031],[-160.48494,21.63243],[-160.49626,21.61886],[-160.52038,21.60493],[-160.53084,21.60107]]],[[[-157.86023,21.66555],[-157.84416,21.62181],[-157.83726,21.61371],[-157.81866,21.6034],[-157.80206,21.5901],[-157.79866,21.5852],[-157.79026,21.56151],[-157.78097,21.54461],[-157.75094,21.51646],[-157.74727,21.51531],[-157.72774,21.51979],[-157.71219,21.52082],[-157.70263,21.51871],[-157.68351,21.50781],[-157.67779,21.50186],[-157.66096,21.49679],[-157.65056,21.48509],[-157.64286,21.4723],[-157.64076,21.4627],[-157.64546,21.44871],[-157.65217,21.43911],[-157.64247,21.42641],[-157.63857,21.41781],[-157.63237,21.39002],[-157.62927,21.38522],[-157.62847,21.37662],[-157.62227,21.37272],[-157.62007,21.36768],[-157.60823,21.35306],[-157.60231,21.34152],[-157.59874,21.32613],[-157.5973,21.31067],[-157.59792,21.29514],[-157.60094,21.28292],[-157.60771,21.26914],[-157.62227,21.25533],[-157.64588,21.24058],[-157.65349,21.22912],[-157.67579,21.2138],[-157.68939,21.20919],[-157.70834,21.20821],[-157.71972,21.20949],[-157.73092,21.21246],[-157.73997,21.21686],[-157.74533,21.22167],[-157.75335,21.2194],[-157.77142,21.20784],[-157.79087,21.20168],[-157.81024,21.19924],[-157.82911,21.20094],[-157.85908,21.21314],[-157.88134,21.23935],[-157.88607,21.24323],[-157.89597,21.24684],[-157.89867,21.24994],[-157.91347,21.24754],[-157.93147,21.24834],[-157.94197,21.25304],[-157.96357,21.25774],[-157.97076,21.25331],[-157.98337,21.25014],[-158.02197,21.24874],[-158.03906,21.24324],[-158.05982,21.24128],[-158.07249,21.24193],[-158.0916,21.23787],[-158.11009,21.23707],[-158.12227,21.23865],[-158.13477,21.24239],[-158.14227,21.24684],[-158.15407,21.25664],[-158.16437,21.27234],[-158.18327,21.34594],[-158.18877,21.35354],[-158.20657,21.35904],[-158.21777,21.36454],[-158.22887,21.37563],[-158.23557,21.38943],[-158.24007,21.41153],[-158.2458,21.41448],[-158.24727,21.41901],[-158.25766,21.42553],[-158.26376,21.43299],[-158.26835,21.44204],[-158.27626,21.44932],[-158.28595,21.46517],[-158.29028,21.47597],[-158.29156,21.48936],[-158.29018,21.49683],[-158.30137,21.49682],[-158.29867,21.52472],[-158.32867,21.546],[-158.34217,21.56429],[-158.34407,21.56979],[-158.34466,21.58318],[-158.33506,21.60458],[-158.32426,21.61568],[-158.31196,21.62178],[-158.30192,21.62179],[-158.27817,21.62785],[-158.24725,21.63109],[-158.23024,21.63082],[-158.19962,21.63448],[-158.17502,21.63201],[-158.14886,21.642],[-158.13417,21.65799],[-158.12226,21.6657],[-158.12061,21.66378],[-158.12024,21.65731],[-158.10336,21.6921],[-158.09556,21.703],[-158.08856,21.7095],[-158.07196,21.71919],[-158.05716,21.73549],[-158.05016,21.73988],[-158.03096,21.74309],[-157.99726,21.76159],[-157.99176,21.76297],[-157.97833,21.763],[-157.95508,21.75863],[-157.9418,21.75458],[-157.92423,21.74345],[-157.90926,21.72798],[-157.90046,21.72308],[-157.89146,21.71209],[-157.88146,21.70519],[-157.87226,21.68589],[-157.86023,21.66555]]],[[[-160.02881,21.875],[-160.03105,21.86937],[-160.03726,21.86237],[-160.05942,21.8456],[-160.093,21.8299],[-160.12203,21.82496],[-160.14195,21.79903],[-160.14398,21.78742],[-160.14738,21.7823],[-160.15207,21.76296],[-160.15529,21.75716],[-160.17032,21.73955],[-160.18621,21.73215],[-160.2083,21.72824],[-160.21832,21.7288],[-160.26579,21.74618],[-160.26952,21.75],[-160.26724,21.75],[-160.27823,21.75778],[-160.29347,21.77997],[-160.29854,21.7905],[-160.30384,21.81958],[-160.30437,21.8538],[-160.30239,21.86149],[-160.2969,21.87101],[-160.2973,21.875],[-160.29038,21.88918],[-160.28591,21.90867],[-160.27996,21.92064],[-160.26474,21.9359],[-160.24872,21.94301],[-160.24268,21.94387],[-160.22274,21.96456],[-160.19951,21.98128],[-160.18917,21.987],[-160.17403,21.99148],[-160.16585,22.02007],[-160.16199,22.02445],[-160.15956,22.04133],[-160.15145,22.06052],[-160.14043,22.07333],[-160.12384,22.08156],[-160.10032,22.0825],[-160.07516,22.077],[-160.06348,22.07268],[-160.05674,22.06835],[-160.04481,22.05489],[-160.04223,22.04954],[-160.02718,22.03886],[-160.0183,22.03001],[-160.00454,22.0069],[-160.00124,21.99641],[-159.99722,21.99251],[-159.99564,21.98214],[-160.00001,21.96811],[-160.00621,21.95658],[-160.01415,21.94639],[-160.02153,21.94011],[-160.02752,21.93122],[-160.02244,21.91158],[-160.0249,21.88498],[-160.02881,21.875]]],[[[-159.37501,22.28034],[-159.3557,22.26966],[-159.33427,22.26647],[-159.32091,22.25889],[-159.30881,22.25],[-159.29134,22.23362],[-159.26553,22.20392],[-159.24579,22.16681],[-159.24194,22.1189],[-159.25001,22.08415],[-159.25903,22.07294],[-159.27038,22.04112],[-159.28373,22.0185],[-159.2799,22.00118],[-159.2816,21.98177],[-159.27924,21.9653],[-159.28437,21.94064],[-159.30799,21.90868],[-159.32013,21.8983],[-159.33977,21.88645],[-159.34235,21.88019],[-159.35779,21.8657],[-159.3712,21.85899],[-159.37501,21.85444],[-159.40391,21.83496],[-159.43287,21.82077],[-159.44954,21.81744],[-159.47668,21.82377],[-159.4935,21.82918],[-159.50001,21.83233],[-159.50001,21.83357],[-159.51825,21.83506],[-159.52297,21.83368],[-159.53767,21.83428],[-159.58792,21.84547],[-159.60529,21.84313],[-159.62478,21.84388],[-159.64201,21.85328],[-159.67296,21.875],[-159.67952,21.88046],[-159.6879,21.89096],[-159.69769,21.89566],[-159.71173,21.90756],[-159.73586,21.91217],[-159.76209,21.9276],[-159.77528,21.93046],[-159.79362,21.93978],[-159.80862,21.95291],[-159.83375,21.9893],[-159.8386,22],[-159.84362,22],[-159.85006,22.01649],[-159.85097,22.02715],[-159.85069,22.04059],[-159.84714,22.05287],[-159.84814,22.07608],[-159.83774,22.09423],[-159.80491,22.125],[-159.80113,22.125],[-159.79402,22.13463],[-159.79204,22.15166],[-159.78884,22.16011],[-159.77281,22.18106],[-159.76343,22.18976],[-159.75001,22.19772],[-159.75001,22.19945],[-159.70801,22.21318],[-159.67727,22.22711],[-159.65347,22.24457],[-159.64002,22.25],[-159.61297,22.27224],[-159.5964,22.278],[-159.583,22.27999],[-159.5749,22.28295],[-159.54746,22.28308],[-159.53358,22.2772],[-159.52467,22.2755],[-159.51542,22.2778],[-159.50684,22.28248],[-159.48406,22.28592],[-159.43978,22.28187],[-159.43277,22.27804],[-159.41243,22.28885],[-159.40293,22.29048],[-159.38969,22.28751],[-159.37501,22.28034]]],[[[-161.87146,23.02348],[-161.87501,23.01925],[-161.89423,23.00943],[-161.93191,23.00532],[-161.95519,23.00917],[-161.97608,23.02557],[-161.98546,23.04113],[-161.98757,23.06993],[-161.98254,23.09128],[-161.96546,23.10499],[-161.94468,23.1119],[-161.91945,23.11399],[-161.88759,23.11039],[-161.87501,23.10164],[-161.87501,23.09755],[-161.87045,23.09536],[-161.86302,23.08519],[-161.85997,23.07566],[-161.85807,23.06081],[-161.85894,23.0526],[-161.86336,23.03661],[-161.87146,23.02348]]],[[[-164.69633,23.51705],[-164.72306,23.52176],[-164.75001,23.53615],[-164.75001,23.54107],[-164.76262,23.55851],[-164.76474,23.56638],[-164.76482,23.58172],[-164.75811,23.59896],[-164.74007,23.6144],[-164.72464,23.62107],[-164.70981,23.62324],[-164.68264,23.62281],[-164.66878,23.61663],[-164.6541,23.60707],[-164.64462,23.59454],[-164.64003,23.57611],[-164.64536,23.55152],[-164.65404,23.53522],[-164.67334,23.52109],[-164.68523,23.51715],[-164.69633,23.51705]]],[[[-166.22929,23.92701],[-166.20429,23.91722],[-166.18236,23.90233],[-166.17046,23.88846],[-166.16595,23.875],[-166.16832,23.875],[-166.16554,23.86482],[-166.16485,23.85102],[-166.16975,23.83743],[-166.16487,23.83541],[-166.15349,23.81894],[-166.14818,23.78548],[-166.14261,23.78437],[-166.12501,23.76612],[-166.12501,23.77291],[-166.11851,23.76667],[-166.11668,23.75423],[-166.11459,23.75],[-166.10679,23.74253],[-166.10464,23.72893],[-166.10589,23.71354],[-166.11351,23.69715],[-166.12501,23.6861],[-166.12501,23.69014],[-166.13297,23.68471],[-166.12501,23.67409],[-166.12501,23.67074],[-166.1177,23.6646],[-166.11386,23.65234],[-166.11315,23.63699],[-166.11715,23.625],[-166.1107,23.625],[-166.11264,23.61663],[-166.11679,23.61126],[-166.12501,23.60712],[-166.12501,23.60928],[-166.13133,23.60301],[-166.15117,23.59047],[-166.17223,23.58709],[-166.19442,23.58953],[-166.21107,23.59981],[-166.22425,23.61479],[-166.22887,23.625],[-166.22485,23.625],[-166.2323,23.64158],[-166.22988,23.65439],[-166.22398,23.67254],[-166.20543,23.6916],[-166.21482,23.69669],[-166.22284,23.70488],[-166.2268,23.72745],[-166.23151,23.72361],[-166.24124,23.71968],[-166.25001,23.71817],[-166.25001,23.7139],[-166.2656,23.71314],[-166.286,23.71812],[-166.30262,23.72867],[-166.31584,23.74012],[-166.31971,23.75],[-166.31671,23.75],[-166.32376,23.77098],[-166.31917,23.79105],[-166.31359,23.80374],[-166.32259,23.79906],[-166.33684,23.79964],[-166.35636,23.80595],[-166.36924,23.81554],[-166.37501,23.82463],[-166.37501,23.82164],[-166.37885,23.82364],[-166.38449,23.832],[-166.38655,23.84637],[-166.38194,23.875],[-166.3833,23.875],[-166.38048,23.88398],[-166.37501,23.88827],[-166.37501,23.88539],[-166.36563,23.89421],[-166.35138,23.90286],[-166.33007,23.9083],[-166.32476,23.91796],[-166.30709,23.92489],[-166.28838,23.92898],[-166.28802,23.92418],[-166.26474,23.92852],[-166.25001,23.92886],[-166.25001,23.93243],[-166.22929,23.92701]]],[[[-167.9479,25.00949],[-167.94635,25],[-167.94461,25],[-167.94422,24.98981],[-167.94898,24.97364],[-167.9537,24.96439],[-167.96678,24.95489],[-167.98355,24.94927],[-168.00001,24.94811],[-168.00001,24.95071],[-168.0236,24.95448],[-168.03776,24.95972],[-168.05036,24.97449],[-168.0584,24.98789],[-168.05799,25.00262],[-168.0562,25.01051],[-168.05062,25.02587],[-168.04659,25.03128],[-168.027,25.04481],[-168.01322,25.04919],[-168.00001,25.05026],[-168.00001,25.05224],[-167.98895,25.04905],[-167.97254,25.04123],[-167.96202,25.03322],[-167.95246,25.02354],[-167.9479,25.00949]]],[[[-170.62774,25.45577],[-170.63669,25.45622],[-170.64956,25.45936],[-170.66661,25.4692],[-170.67416,25.47703],[-170.67958,25.48554],[-170.68464,25.50434],[-170.68411,25.51373],[-170.68086,25.52498],[-170.67608,25.53359],[-170.66939,25.54145],[-170.65994,25.54866],[-170.6505,25.55322],[-170.63084,25.55713],[-170.61833,25.5562],[-170.60867,25.55364],[-170.59138,25.54371],[-170.58439,25.53673],[-170.57858,25.52799],[-170.57426,25.51631],[-170.57319,25.50758],[-170.57387,25.49803],[-170.57715,25.48732],[-170.58789,25.47202],[-170.59616,25.46532],[-170.60585,25.46024],[-170.6168,25.45697],[-170.62774,25.45577]]],[[[-171.75001,25.83436],[-171.71064,25.83321],[-171.68829,25.82377],[-171.67664,25.81091],[-171.66938,25.79391],[-171.66794,25.78122],[-171.67769,25.75],[-171.67408,25.75],[-171.68049,25.73676],[-171.68687,25.72788],[-171.69986,25.71686],[-171.71845,25.7095],[-171.7375,25.70654],[-171.75001,25.70919],[-171.77016,25.7182],[-171.79704,25.74054],[-171.80706,25.76714],[-171.80964,25.78135],[-171.80648,25.79336],[-171.80016,25.80583],[-171.78699,25.8223],[-171.76813,25.83368],[-171.75001,25.83795],[-171.75001,25.83436]]],[[[-174.00071,26.1357],[-174.00001,26.13688],[-173.99189,26.13661],[-173.98144,26.13323],[-173.95793,26.13569],[-173.95027,26.13315],[-173.9291,26.12014],[-173.91858,26.10974],[-173.91344,26.0994],[-173.90384,26.06676],[-173.90337,26.06006],[-173.91316,26.036],[-173.92598,26.01963],[-173.94277,26.01072],[-173.96494,26.00664],[-173.97706,26],[-174.00001,25.99288],[-174.00001,25.99021],[-174.00642,25.99029],[-174.02722,25.99328],[-174.03755,26],[-174.04312,26],[-174.04611,26.00231],[-174.0592,26.02072],[-174.06596,26.03943],[-174.06739,26.05962],[-174.05914,26.09415],[-174.0548,26.10774],[-174.04963,26.11658],[-174.03113,26.12907],[-174.01891,26.134],[-174.00713,26.13706],[-174.00071,26.1357]]],[[[-175.74115,28.00025],[-175.73494,28],[-175.70437,27.98274],[-175.68155,27.95856],[-175.67014,27.9416],[-175.6648,27.91442],[-175.66407,27.89406],[-175.66561,27.875],[-175.67664,27.84677],[-175.72617,27.75],[-175.73415,27.73886],[-175.74613,27.73272],[-175.75001,27.73326],[-175.77915,27.72569],[-175.81754,27.72297],[-175.84506,27.72846],[-175.87501,27.70841],[-175.87501,27.71016],[-175.8952,27.69922],[-175.9395,27.68823],[-175.96961,27.6934],[-176.00001,27.70931],[-176.00001,27.7161],[-176.02494,27.73804],[-176.03964,27.75824],[-176.04293,27.77841],[-176.04337,27.7959],[-176.03665,27.80714],[-176.02503,27.82158],[-176.00001,27.83535],[-176.00001,27.83053],[-175.9907,27.83258],[-175.97457,27.83025],[-175.93885,27.81863],[-175.93252,27.81445],[-175.92432,27.81371],[-175.92104,27.82144],[-175.95577,27.83306],[-175.97817,27.84798],[-175.98889,27.86191],[-175.99067,27.875],[-175.99377,27.875],[-175.99216,27.8895],[-175.98145,27.91322],[-175.96635,27.92991],[-175.93566,27.94058],[-175.90886,27.95827],[-175.87501,27.97592],[-175.87501,27.9733],[-175.80675,28.00719],[-175.78633,28.00861],[-175.7697,28.00748],[-175.74115,28.00025]]],[[[-178.25602,28.47509],[-178.25001,28.46668],[-178.25001,28.46818],[-178.23848,28.45615],[-178.23224,28.42734],[-178.23052,28.3977],[-178.23251,28.38364],[-178.23708,28.375],[-178.23303,28.375],[-178.23887,28.36198],[-178.25001,28.34715],[-178.25001,28.34942],[-178.25754,28.34283],[-178.27028,28.33589],[-178.28891,28.32881],[-178.30141,28.32834],[-178.37501,28.33754],[-178.37501,28.33536],[-178.39562,28.3419],[-178.41149,28.36066],[-178.41589,28.38009],[-178.4405,28.40517],[-178.44361,28.41899],[-178.43835,28.44409],[-178.42759,28.4661],[-178.39578,28.5],[-178.38645,28.5],[-178.37501,28.50782],[-178.37501,28.51009],[-178.34055,28.51727],[-178.31513,28.51634],[-178.30436,28.51327],[-178.29153,28.50721],[-178.28108,28.5],[-178.28884,28.5],[-178.27118,28.48857],[-178.25602,28.47509]]],[[[-178.82404,51.35807],[-178.82815,51.33502],[-178.83282,51.32359],[-178.8565,51.3049],[-178.88791,51.29385],[-178.89959,51.29338],[-178.90808,51.2818],[-178.91953,51.27468],[-178.92862,51.27044],[-178.93723,51.26934],[-178.95798,51.25912],[-178.97888,51.25525],[-178.9774,51.25297],[-178.99508,51.23509],[-179.02421,51.20983],[-179.07361,51.17904],[-179.13696,51.17509],[-179.18383,51.18377],[-179.2079,51.20272],[-179.22058,51.22799],[-179.2311,51.26753],[-179.23025,51.28393],[-179.2257,51.29927],[-179.20767,51.32094],[-179.18368,51.33849],[-179.16003,51.34798],[-179.13091,51.35375],[-179.10761,51.35367],[-179.10674,51.36517],[-179.09325,51.39093],[-179.07757,51.399],[-179.07113,51.40797],[-179.04989,51.42844],[-179.03393,51.43885],[-179.00506,51.45265],[-178.99016,51.45682],[-178.97786,51.45743],[-178.96944,51.45711],[-178.93672,51.45072],[-178.91392,51.44421],[-178.90443,51.43975],[-178.89541,51.43289],[-178.87318,51.42479],[-178.85221,51.41041],[-178.83524,51.39081],[-178.82565,51.36753],[-178.82404,51.35807]]],[[[-178.25545,51.53579],[-178.23863,51.52989],[-178.2209,51.51825],[-178.21344,51.50973],[-178.20893,51.50922],[-178.20228,51.5039],[-178.18764,51.48223],[-178.18784,51.47263],[-178.19098,51.45645],[-178.19843,51.44365],[-178.21814,51.43149],[-178.24866,51.42317],[-178.27896,51.41987],[-178.30435,51.42134],[-178.32138,51.42541],[-178.33184,51.43081],[-178.3541,51.42968],[-178.37033,51.43178],[-178.38742,51.43681],[-178.40983,51.44936],[-178.43089,51.47658],[-178.4312,51.48912],[-178.42296,51.50899],[-178.40517,51.52238],[-178.39009,51.52916],[-178.36,51.53747],[-178.33278,51.53838],[-178.32215,51.53532],[-178.31062,51.54052],[-178.29219,51.54232],[-178.2726,51.54101],[-178.25545,51.53579]]],[[[-178.60315,51.66031],[-178.593,51.65622],[-178.57813,51.65948],[-178.55933,51.658],[-178.53982,51.65233],[-178.51525,51.6404],[-178.50449,51.63353],[-178.49917,51.63484],[-178.48992,51.63366],[-178.47041,51.62867],[-178.45222,51.621],[-178.43613,51.60971],[-178.42169,51.58728],[-178.42239,51.57431],[-178.42669,51.5618],[-178.44064,51.55086],[-178.45617,51.54339],[-178.49649,51.53247],[-178.50127,51.53271],[-178.5069,51.52646],[-178.5177,51.52062],[-178.55021,51.50848],[-178.57447,51.50753],[-178.59657,51.51083],[-178.61901,51.51705],[-178.63644,51.52479],[-178.64901,51.51994],[-178.66529,51.51801],[-178.66684,51.51425],[-178.67306,51.50976],[-178.69082,51.50074],[-178.71481,51.49381],[-178.7558,51.48871],[-178.77485,51.49044],[-178.78263,51.48758],[-178.80021,51.48586],[-178.83644,51.49204],[-178.85506,51.50102],[-178.86528,51.50813],[-178.86891,51.5131],[-178.87608,51.51198],[-178.90029,51.52228],[-178.91003,51.53126],[-178.9182,51.5337],[-178.92562,51.53808],[-178.94864,51.56088],[-178.95032,51.5648],[-178.9552,51.55352],[-178.96154,51.54679],[-178.97979,51.5311],[-178.99014,51.52607],[-179.01782,51.5178],[-179.02853,51.51901],[-179.05414,51.5114],[-179.07108,51.50929],[-179.08676,51.51025],[-179.11994,51.51906],[-179.12727,51.52342],[-179.14112,51.53803],[-179.14891,51.55423],[-179.15053,51.56648],[-179.14989,51.59536],[-179.14125,51.60956],[-179.12401,51.62626],[-179.11336,51.63239],[-179.09209,51.64028],[-179.07829,51.64363],[-179.05604,51.64597],[-179.0388,51.6435],[-179.02006,51.63929],[-179.00083,51.6317],[-178.98835,51.62458],[-178.95462,51.59852],[-178.94862,51.5873],[-178.94418,51.59605],[-178.93411,51.6048],[-178.92023,51.61372],[-178.89078,51.62853],[-178.86993,51.6336],[-178.8446,51.63762],[-178.82754,51.63541],[-178.79104,51.62339],[-178.78499,51.61936],[-178.77461,51.61883],[-178.76831,51.61661],[-178.76662,51.62129],[-178.75234,51.63597],[-178.74184,51.64412],[-178.72591,51.65266],[-178.66014,51.66588],[-178.63432,51.66648],[-178.60315,51.66031]]],[[[178.69877,51.70956],[178.737,51.69494],[178.76991,51.69781],[178.79274,51.69273],[178.81005,51.6869],[178.82702,51.687],[178.84118,51.68088],[178.86566,51.67561],[178.89346,51.67443],[178.92205,51.66863],[178.95302,51.65672],[178.97241,51.64644],[178.98415,51.64731],[178.9995,51.64248],[179.01516,51.64557],[179.04015,51.64003],[179.0606,51.63251],[179.07791,51.62111],[179.08884,51.6062],[179.08743,51.58353],[179.09473,51.57603],[179.11647,51.56917],[179.15053,51.53729],[179.17031,51.52303],[179.18715,51.51692],[179.19741,51.51813],[179.2268,51.51293],[179.24789,51.50309],[179.26455,51.4923],[179.27466,51.47875],[179.28705,51.46982],[179.30462,51.4705],[179.33188,51.46677],[179.35555,51.45813],[179.37106,51.46519],[179.39673,51.46555],[179.42521,51.46282],[179.45212,51.45068],[179.47764,51.43108],[179.49247,51.42961],[179.5225,51.41915],[179.53535,51.40652],[179.55318,51.40001],[179.57689,51.37681],[179.57839,51.35434],[179.56798,51.33937],[179.54366,51.31915],[179.51085,51.30826],[179.4796,51.31144],[179.45937,51.31602],[179.45232,51.31316],[179.40306,51.30685],[179.37166,51.30704],[179.35697,51.31072],[179.35823,51.30591],[179.33821,51.30505],[179.30928,51.30629],[179.29807,51.31102],[179.29677,51.3067],[179.28206,51.29982],[179.25551,51.29367],[179.21818,51.29498],[179.18104,51.30545],[179.15064,51.31634],[179.12998,51.3334],[179.12201,51.3532],[179.10193,51.36609],[179.03272,51.39943],[178.99569,51.42204],[178.96935,51.42877],[178.95021,51.44505],[178.9454,51.46063],[178.91673,51.47738],[178.896,51.49253],[178.89292,51.4903],[178.87265,51.4897],[178.862,51.49413],[178.85755,51.49177],[178.82352,51.48759],[178.79023,51.49246],[178.762,51.50758],[178.74073,51.52354],[178.70798,51.53739],[178.66721,51.54274],[178.64121,51.55583],[178.62455,51.56904],[178.59348,51.57825],[178.57691,51.58723],[178.56319,51.59983],[178.55176,51.59985],[178.53061,51.62473],[178.5318,51.64969],[178.54329,51.68233],[178.54672,51.68807],[178.55948,51.70165],[178.58459,51.71188],[178.60727,51.71652],[178.6431,51.71535],[178.69877,51.70956]]],[[[-178.77133,51.69604],[-178.7962,51.69339],[-178.80582,51.69462],[-178.81592,51.69359],[-178.82803,51.69477],[-178.8411,51.69825],[-178.86851,51.71169],[-178.88038,51.7215],[-178.89372,51.72864],[-178.91511,51.73713],[-178.94176,51.75335],[-178.94997,51.76024],[-178.95424,51.76841],[-178.9573,51.7808],[-178.94686,51.81808],[-178.93957,51.8336],[-178.91534,51.85808],[-178.89038,51.8731],[-178.85919,51.88216],[-178.84512,51.88794],[-178.83938,51.88832],[-178.78655,51.88788],[-178.77275,51.88529],[-178.72886,51.86967],[-178.70567,51.85872],[-178.69034,51.84953],[-178.68048,51.83555],[-178.66974,51.82557],[-178.65862,51.80713],[-178.64666,51.79939],[-178.64682,51.7903],[-178.65911,51.76153],[-178.66351,51.74736],[-178.67071,51.73922],[-178.68493,51.72816],[-178.70928,51.71202],[-178.74942,51.70015],[-178.77133,51.69604]]],[[[178.25205,51.88333],[178.27007,51.87764],[178.27549,51.87897],[178.29343,51.87858],[178.33216,51.87085],[178.36842,51.86054],[178.38634,51.84913],[178.40822,51.84156],[178.43114,51.82697],[178.44133,51.80932],[178.45144,51.80216],[178.47903,51.78997],[178.49276,51.77689],[178.49798,51.76373],[178.49633,51.74452],[178.4692,51.71871],[178.43313,51.70905],[178.40044,51.70361],[178.37041,51.70404],[178.32836,51.71923],[178.30745,51.71882],[178.29788,51.72363],[178.29369,51.72054],[178.27654,51.72104],[178.24987,51.72447],[178.22783,51.73259],[178.20711,51.74674],[178.19728,51.76733],[178.1848,51.77019],[178.15767,51.78453],[178.14051,51.79653],[178.12504,51.81401],[178.12092,51.83251],[178.12382,51.84398],[178.13157,51.85583],[178.15549,51.87532],[178.17581,51.88459],[178.19794,51.88886],[178.22006,51.88873],[178.25205,51.88333]]],[[[178.06638,51.8272],[178.04487,51.8215],[177.99717,51.82203],[177.9827,51.82732],[177.96021,51.83704],[177.93903,51.85492],[177.93546,51.86109],[177.9336,51.86964],[177.93427,51.87576],[177.94553,51.89562],[177.95477,51.90352],[177.9744,51.91463],[177.99696,51.92203],[178.03433,51.9226],[178.06897,51.91448],[178.09369,51.8945],[178.10044,51.87549],[178.10126,51.86296],[178.09794,51.85069],[178.08402,51.83534],[178.06638,51.8272]]],[[[-177.42982,51.84109],[-177.46898,51.83986],[-177.48674,51.84365],[-177.5237,51.86618],[-177.53258,51.87299],[-177.5465,51.88937],[-177.552,51.90815],[-177.55175,51.91552],[-177.54968,51.92422],[-177.54294,51.93513],[-177.53445,51.94147],[-177.50915,51.96574],[-177.49365,51.97463],[-177.45956,51.98288],[-177.42221,51.97645],[-177.37438,51.96261],[-177.35622,51.95035],[-177.33644,51.92156],[-177.3326,51.90077],[-177.33635,51.88898],[-177.35237,51.8717],[-177.36195,51.86428],[-177.38087,51.85574],[-177.40324,51.84723],[-177.42982,51.84109]]],[[[179.78505,51.86264],[179.75722,51.85479],[179.73524,51.85497],[179.72683,51.8464],[179.71746,51.84095],[179.67166,51.82566],[179.6232,51.81899],[179.57486,51.82682],[179.54835,51.83606],[179.54599,51.83501],[179.52326,51.8391],[179.50855,51.84376],[179.48459,51.84803],[179.45679,51.85989],[179.44287,51.87588],[179.42352,51.8858],[179.40548,51.90951],[179.38967,51.92379],[179.38873,51.94192],[179.40455,51.96836],[179.40136,51.97308],[179.40871,52.00535],[179.42959,52.02358],[179.45031,52.03132],[179.48584,52.03386],[179.50829,52.03971],[179.52089,52.05416],[179.54085,52.06416],[179.56935,52.06892],[179.5858,52.06925],[179.65837,52.07827],[179.67902,52.07531],[179.70402,52.0637],[179.71843,52.05337],[179.73136,52.05229],[179.75343,52.04715],[179.771,52.04083],[179.78217,52.03343],[179.78877,52.02556],[179.79026,52.01837],[179.81919,52.01],[179.84706,51.99247],[179.85704,51.97761],[179.85967,51.96036],[179.851,51.93588],[179.83584,51.91747],[179.83571,51.91015],[179.825,51.89202],[179.78505,51.86264]]],[[[178.26714,52.03745],[178.33547,52.03057],[178.35012,52.03147],[178.37845,52.02887],[178.40265,52.0217],[178.4144,52.02715],[178.4404,52.03547],[178.46878,52.04118],[178.49616,52.04403],[178.5124,52.04343],[178.54142,52.03277],[178.61656,52.00937],[178.6433,51.9976],[178.66393,51.98284],[178.67129,51.95988],[178.67019,51.94409],[178.66689,51.93025],[178.64459,51.90612],[178.62567,51.88844],[178.6047,51.87366],[178.58071,51.85955],[178.53158,51.84671],[178.50208,51.84694],[178.47728,51.85221],[178.41298,51.87536],[178.3838,51.89102],[178.37107,51.90684],[178.36335,51.90355],[178.33091,51.89855],[178.28925,51.90085],[178.26053,51.91015],[178.25045,51.91963],[178.22897,51.9265],[178.19586,51.94884],[178.14279,51.93932],[178.10056,51.9399],[178.05966,51.94811],[178.03854,51.96036],[178.01629,51.9787],[178.01055,52.00066],[178.01505,52.01504],[178.00613,52.02144],[178.00039,52.03332],[178.00344,52.04959],[178.02056,52.07186],[178.04622,52.0886],[178.07689,52.1],[178.10905,52.10275],[178.12196,52.10742],[178.1627,52.10665],[178.18882,52.09868],[178.21154,52.08405],[178.22557,52.08037],[178.24735,52.06753],[178.25715,52.05485],[178.26714,52.03745]]],[[[177.36851,52.07239],[177.3451,52.07209],[177.33261,52.07521],[177.32135,52.08043],[177.29803,52.0958],[177.29059,52.10215],[177.28134,52.11984],[177.28015,52.12758],[177.28359,52.13849],[177.29629,52.14987],[177.31539,52.16097],[177.34051,52.17032],[177.36734,52.1753],[177.38364,52.17427],[177.40021,52.1705],[177.40882,52.16763],[177.42576,52.1572],[177.43791,52.14687],[177.44597,52.13513],[177.44655,52.11445],[177.44301,52.10526],[177.42879,52.09174],[177.41496,52.08479],[177.38679,52.07519],[177.36851,52.07239]]],[[[177.76954,52.09784],[177.76789,52.0765],[177.76042,52.06117],[177.7346,52.03812],[177.72636,52.03603],[177.72609,52.03253],[177.70829,52.00985],[177.70314,52.00703],[177.74175,51.99553],[177.74843,51.99807],[177.77052,52.00145],[177.79338,51.99956],[177.81154,51.99531],[177.84569,51.98378],[177.85741,51.97517],[177.87399,51.9561],[177.87408,51.94395],[177.8608,51.92228],[177.85144,51.91196],[177.83706,51.90227],[177.81918,51.89535],[177.79058,51.89239],[177.76259,51.89503],[177.73595,51.90213],[177.72173,51.89715],[177.69557,51.89459],[177.68725,51.89542],[177.6805,51.88832],[177.6692,51.88144],[177.65489,51.87515],[177.63545,51.8707],[177.60463,51.87108],[177.59858,51.8732],[177.5706,51.86393],[177.54639,51.86161],[177.52234,51.86473],[177.51924,51.86692],[177.50434,51.86287],[177.47562,51.8604],[177.45547,51.86135],[177.43353,51.86501],[177.41623,51.87122],[177.41003,51.83371],[177.41934,51.82674],[177.42029,51.81901],[177.4209,51.8131],[177.41519,51.79104],[177.40378,51.77904],[177.38257,51.76624],[177.37161,51.76186],[177.3453,51.75774],[177.30871,51.75963],[177.2986,51.76289],[177.26173,51.78241],[177.25491,51.78971],[177.2494,51.78901],[177.24232,51.79054],[177.23078,51.79839],[177.21571,51.81347],[177.21345,51.81772],[177.2017,51.82214],[177.20031,51.82441],[177.18909,51.82484],[177.16901,51.82929],[177.14246,51.84219],[177.129,51.84998],[177.11959,51.85873],[177.11553,51.86734],[177.11199,51.87966],[177.11196,51.89054],[177.12133,51.91787],[177.13961,51.93559],[177.16595,51.94903],[177.20962,51.96283],[177.22458,51.9698],[177.25394,51.97845],[177.26,51.97872],[177.26425,51.98623],[177.272,51.99398],[177.28742,52.00545],[177.30552,52.01519],[177.32084,52.02123],[177.34828,52.02838],[177.38206,52.02925],[177.41642,52.03813],[177.41466,52.0423],[177.41423,52.05318],[177.41801,52.06656],[177.42598,52.07778],[177.45149,52.09397],[177.46062,52.09463],[177.45903,52.09856],[177.46456,52.109],[177.46917,52.12402],[177.48766,52.14008],[177.49807,52.15163],[177.51076,52.1611],[177.53063,52.17067],[177.57323,52.18715],[177.58669,52.1895],[177.60775,52.18944],[177.64398,52.18443],[177.71536,52.15781],[177.74564,52.1416],[177.76459,52.12097],[177.7696,52.10637],[177.76954,52.09784]]],[[[-175.48898,52.23664],[-175.45648,52.22748],[-175.43682,52.21704],[-175.41909,52.20547],[-175.41072,52.19677],[-175.40554,52.18702],[-175.40376,52.18199],[-175.40428,52.17163],[-175.43703,52.13281],[-175.45476,52.12095],[-175.47249,52.11314],[-175.48576,52.10939],[-175.51238,52.10737],[-175.53551,52.11285],[-175.56127,52.12257],[-175.59867,52.14668],[-175.60315,52.15187],[-175.60913,52.1674],[-175.60977,52.183],[-175.60404,52.19868],[-175.57932,52.22024],[-175.55331,52.23115],[-175.53281,52.2366],[-175.48898,52.23664]]],[[[-175.13217,52.16317],[-175.15256,52.16298],[-175.17655,52.17065],[-175.19486,52.18192],[-175.20533,52.19123],[-175.223,52.2206],[-175.22483,52.23296],[-175.20466,52.25911],[-175.17512,52.27156],[-175.14359,52.27822],[-175.11982,52.28054],[-175.09592,52.27428],[-175.07071,52.26292],[-175.05359,52.2513],[-175.03654,52.22901],[-175.03634,52.21763],[-175.04336,52.2069],[-175.06421,52.1861],[-175.0787,52.17717],[-175.10234,52.168],[-175.13217,52.16317]]],[[[175.89686,52.43288],[175.89856,52.43194],[175.91789,52.43434],[175.9318,52.43138],[175.9553,52.42399],[175.96856,52.41614],[175.97859,52.41683],[176.0049,52.4095],[176.03102,52.39781],[176.04917,52.38564],[176.06047,52.37224],[176.0645,52.36337],[176.06286,52.35019],[176.05401,52.33675],[176.03738,52.32126],[176.02437,52.31573],[176.02428,52.31307],[176.0169,52.30407],[176.00991,52.29955],[175.99773,52.29582],[175.97088,52.28869],[175.95135,52.2856],[175.92007,52.28135],[175.90267,52.28093],[175.87566,52.28572],[175.85439,52.29311],[175.83138,52.30557],[175.82073,52.3157],[175.80134,52.33988],[175.7899,52.348],[175.76347,52.38074],[175.76527,52.38732],[175.77476,52.40767],[175.78251,52.41724],[175.81132,52.43266],[175.84189,52.44029],[175.85627,52.44038],[175.87476,52.43971],[175.89686,52.43288]]],[[[-172.37951,52.44128],[-172.35604,52.43329],[-172.33238,52.41992],[-172.29655,52.41387],[-172.27455,52.40576],[-172.24968,52.39345],[-172.2313,52.37993],[-172.22434,52.36943],[-172.22358,52.3592],[-172.22632,52.35491],[-172.21055,52.32712],[-172.21073,52.31627],[-172.21503,52.30944],[-172.22846,52.29619],[-172.25019,52.28408],[-172.26606,52.28183],[-172.27164,52.27529],[-172.28772,52.26565],[-172.31204,52.25703],[-172.33501,52.2523],[-172.35483,52.23832],[-172.37793,52.22836],[-172.40769,52.22449],[-172.42722,52.22542],[-172.43396,52.2215],[-172.45007,52.21733],[-172.47495,52.21508],[-172.49423,52.20412],[-172.51062,52.19995],[-172.5444,52.19804],[-172.57004,52.20011],[-172.57601,52.20219],[-172.58948,52.19954],[-172.61618,52.19909],[-172.63644,52.20199],[-172.65231,52.20625],[-172.65954,52.21112],[-172.66717,52.20976],[-172.67602,52.21058],[-172.68872,52.21671],[-172.70752,52.23423],[-172.71835,52.2531],[-172.72071,52.26436],[-172.71772,52.2719],[-172.71261,52.27629],[-172.71729,52.2815],[-172.71436,52.29475],[-172.7013,52.31462],[-172.68156,52.33064],[-172.66728,52.34975],[-172.66092,52.35299],[-172.6465,52.37486],[-172.63326,52.38786],[-172.6061,52.3994],[-172.58336,52.40305],[-172.57222,52.40795],[-172.54773,52.413],[-172.50756,52.42936],[-172.48946,52.43278],[-172.484,52.43665],[-172.46489,52.44092],[-172.44832,52.4431],[-172.42711,52.44022],[-172.41762,52.44412],[-172.39931,52.4445],[-172.37951,52.44128]]],[[[173.78206,52.56553],[173.80415,52.56097],[173.82563,52.54606],[173.84776,52.53718],[173.85557,52.52833],[173.85634,52.52196],[173.84904,52.49705],[173.84459,52.48887],[173.83727,52.48165],[173.81243,52.46278],[173.79262,52.45265],[173.78057,52.45078],[173.78118,52.44795],[173.79098,52.43944],[173.79458,52.43327],[173.79815,52.39245],[173.80173,52.37809],[173.80701,52.36719],[173.81128,52.36308],[173.81406,52.35334],[173.79425,52.32501],[173.78144,52.31529],[173.76655,52.30674],[173.74769,52.29997],[173.73078,52.29757],[173.71369,52.2981],[173.69239,52.30187],[173.68162,52.29487],[173.67258,52.29247],[173.63862,52.29425],[173.62437,52.29781],[173.59742,52.308],[173.58106,52.31915],[173.54825,52.32488],[173.53368,52.33177],[173.48158,52.32667],[173.46226,52.32769],[173.44749,52.33044],[173.43574,52.33464],[173.37953,52.33814],[173.34911,52.34917],[173.32152,52.34997],[173.30403,52.35645],[173.28355,52.37401],[173.27449,52.38916],[173.27257,52.39747],[173.2744,52.41663],[173.28773,52.42892],[173.29811,52.44169],[173.29999,52.45016],[173.30729,52.45803],[173.31593,52.46464],[173.33668,52.47615],[173.37,52.48295],[173.3844,52.49499],[173.39365,52.49975],[173.40717,52.50309],[173.41651,52.50367],[173.42157,52.50728],[173.43128,52.50866],[173.45331,52.5076],[173.48048,52.50256],[173.48392,52.5077],[173.49869,52.51692],[173.53473,52.52833],[173.54852,52.54167],[173.55902,52.5471],[173.60824,52.55987],[173.62643,52.55912],[173.63907,52.55687],[173.64681,52.56131],[173.6567,52.56411],[173.67052,52.56467],[173.69222,52.56139],[173.78206,52.56553]]],[[[-171.01884,52.58579],[-171.02369,52.5707],[-171.03358,52.54852],[-171.04954,52.53103],[-171.06462,52.52125],[-171.10203,52.5083],[-171.11186,52.50756],[-171.11488,52.48277],[-171.12406,52.46441],[-171.13651,52.44567],[-171.15864,52.42543],[-171.17316,52.41516],[-171.20628,52.39889],[-171.22663,52.3937],[-171.26432,52.39123],[-171.29432,52.39313],[-171.34917,52.40877],[-171.35837,52.41254],[-171.36687,52.41936],[-171.37728,52.43138],[-171.38665,52.44859],[-171.39373,52.46813],[-171.39297,52.4912],[-171.38708,52.51482],[-171.37445,52.53712],[-171.34408,52.55597],[-171.31244,52.57074],[-171.28048,52.5798],[-171.24857,52.58086],[-171.24841,52.58347],[-171.23446,52.59826],[-171.21966,52.61351],[-171.20596,52.62493],[-171.18939,52.63506],[-171.17918,52.63866],[-171.14025,52.63963],[-171.10985,52.63631],[-171.06975,52.62706],[-171.03838,52.61434],[-171.02245,52.60372],[-171.01884,52.58579]]],[[[-170.53754,52.73136],[-170.52634,52.7292],[-170.50833,52.72116],[-170.48101,52.69041],[-170.47472,52.6738],[-170.4728,52.64349],[-170.47542,52.6366],[-170.4937,52.61894],[-170.5092,52.59774],[-170.53615,52.57385],[-170.5757,52.55487],[-170.65203,52.54062],[-170.67444,52.53988],[-170.73824,52.50011],[-170.76385,52.48981],[-170.79379,52.4871],[-170.82834,52.49193],[-170.84717,52.50244],[-170.84845,52.50517],[-170.88761,52.51383],[-170.91294,52.53029],[-170.92741,52.54989],[-170.92353,52.57499],[-170.91273,52.5912],[-170.91114,52.6001],[-170.90321,52.62241],[-170.88893,52.64927],[-170.86546,52.66906],[-170.83415,52.68428],[-170.81877,52.68848],[-170.81593,52.69252],[-170.80473,52.70146],[-170.78606,52.71397],[-170.7704,52.72109],[-170.74569,52.72815],[-170.73207,52.72978],[-170.70024,52.74402],[-170.68047,52.74959],[-170.63042,52.75159],[-170.59312,52.74484],[-170.56413,52.7422],[-170.54326,52.73189],[-170.53754,52.73136]]],[[[173.95894,52.81414],[173.96477,52.81153],[173.98058,52.81397],[173.98872,52.81235],[174.00789,52.80494],[174.03786,52.79661],[174.05013,52.78908],[174.06837,52.79622],[174.11442,52.80335],[174.12861,52.80121],[174.14772,52.79338],[174.19926,52.78028],[174.22142,52.76769],[174.23271,52.75729],[174.23662,52.74817],[174.23833,52.73881],[174.23781,52.70326],[174.2344,52.69508],[174.22399,52.68341],[174.21174,52.67419],[174.19723,52.66786],[174.1625,52.65673],[174.14672,52.65598],[174.1083,52.66448],[174.09692,52.66262],[174.07931,52.66331],[174.05714,52.67168],[174.01797,52.67184],[173.95156,52.68572],[173.91613,52.69967],[173.90145,52.70282],[173.87148,52.70562],[173.83795,52.71602],[173.80023,52.74033],[173.78869,52.74972],[173.77319,52.77335],[173.77606,52.79175],[173.78158,52.80215],[173.78906,52.81034],[173.80199,52.81966],[173.81743,52.82504],[173.84475,52.83151],[173.87062,52.83479],[173.90611,52.83133],[173.92613,52.82598],[173.95894,52.81414]]],[[[172.80826,53.05653],[172.83658,53.05103],[172.85983,53.05374],[172.88833,53.05413],[172.91299,53.05075],[172.95414,53.03895],[172.96301,53.04256],[172.98181,53.04689],[172.99429,53.04754],[173.0187,53.04746],[173.06182,53.04179],[173.1022,53.04587],[173.13219,53.04396],[173.17867,53.03283],[173.21587,53.02035],[173.22915,53.01216],[173.23834,52.99976],[173.24987,53.00229],[173.27889,53.00172],[173.32192,52.99212],[173.37139,52.96034],[173.38382,52.94115],[173.38836,52.92553],[173.39063,52.90913],[173.39258,52.90745],[173.40035,52.90676],[173.40884,52.91236],[173.41803,52.91604],[173.43164,52.91749],[173.47406,52.90762],[173.48953,52.90011],[173.50254,52.89154],[173.51252,52.88106],[173.51615,52.87397],[173.53751,52.86679],[173.5676,52.84186],[173.57706,52.83035],[173.58063,52.81548],[173.57786,52.80899],[173.56937,52.79896],[173.55134,52.78488],[173.52604,52.77448],[173.50438,52.77279],[173.46873,52.77499],[173.44825,52.78124],[173.40336,52.77756],[173.40571,52.77147],[173.42168,52.75561],[173.42058,52.74411],[173.41432,52.72815],[173.39852,52.71047],[173.39227,52.70706],[173.36196,52.69575],[173.34606,52.69324],[173.33022,52.69283],[173.30633,52.69886],[173.28741,52.70672],[173.26769,52.71997],[173.20961,52.73965],[173.18248,52.73841],[173.13274,52.73022],[173.10329,52.72979],[173.0627,52.74031],[173.04921,52.74563],[173.04577,52.74885],[173.04415,52.73818],[173.036,52.72846],[172.99291,52.71145],[172.9692,52.69949],[172.94307,52.68884],[172.92089,52.68307],[172.90145,52.6816],[172.88296,52.68476],[172.86761,52.69024],[172.85733,52.69574],[172.8356,52.70996],[172.81437,52.73084],[172.78768,52.72708],[172.76016,52.72741],[172.73693,52.72788],[172.71606,52.73241],[172.6928,52.74175],[172.68014,52.74862],[172.63958,52.77978],[172.61013,52.79822],[172.5873,52.80914],[172.47907,52.85523],[172.45043,52.85244],[172.43786,52.85346],[172.42794,52.85612],[172.40447,52.86843],[172.36257,52.88702],[172.35391,52.89499],[172.34783,52.90669],[172.34933,52.92219],[172.35387,52.9358],[172.3658,52.95174],[172.37639,52.95961],[172.39958,52.96877],[172.41658,52.97204],[172.42776,52.97153],[172.44532,52.98404],[172.46583,52.99382],[172.4838,52.99891],[172.49574,53.00442],[172.50663,53.01252],[172.52772,53.02332],[172.56226,53.03063],[172.58615,53.04386],[172.62314,53.05315],[172.68277,53.05493],[172.7344,53.06364],[172.76361,53.06525],[172.78793,53.063],[172.80826,53.05653]]],[[[-169.62,52.93615],[-169.62543,52.9318],[-169.63363,52.92906],[-169.62784,52.92674],[-169.6149,52.91208],[-169.61368,52.90684],[-169.61566,52.90333],[-169.60757,52.90193],[-169.59341,52.88952],[-169.5917,52.88056],[-169.58788,52.87288],[-169.58824,52.83978],[-169.58943,52.83537],[-169.59291,52.83155],[-169.58888,52.8268],[-169.58662,52.81414],[-169.58863,52.80056],[-169.61018,52.78419],[-169.61881,52.78064],[-169.61707,52.77595],[-169.62418,52.76237],[-169.62748,52.75067],[-169.63911,52.73676],[-169.65974,52.72623],[-169.68229,52.7191],[-169.70308,52.7161],[-169.73806,52.72099],[-169.785,52.73673],[-169.80436,52.7462],[-169.82034,52.75943],[-169.82627,52.75815],[-169.84877,52.76311],[-169.85707,52.75591],[-169.87633,52.74673],[-169.90386,52.74057],[-169.93317,52.73822],[-169.97556,52.73812],[-169.9741,52.735],[-169.97739,52.719],[-169.98182,52.71202],[-170.01933,52.68237],[-170.0326,52.67574],[-170.04842,52.67062],[-170.0866,52.66262],[-170.11972,52.66174],[-170.15649,52.6644],[-170.17377,52.66289],[-170.21342,52.66903],[-170.23189,52.67392],[-170.25008,52.68109],[-170.2636,52.69732],[-170.26745,52.71384],[-170.26742,52.72476],[-170.27493,52.73763],[-170.27301,52.74851],[-170.2673,52.76425],[-170.25781,52.77369],[-170.24704,52.77888],[-170.23321,52.80013],[-170.22262,52.81064],[-170.20678,52.82276],[-170.18642,52.83052],[-170.15281,52.83582],[-170.19015,52.86283],[-170.19971,52.88009],[-170.2034,52.89765],[-170.19861,52.91643],[-170.17691,52.93514],[-170.11654,52.96313],[-170.0866,52.97121],[-170.04612,52.97312],[-170.02497,52.97115],[-170.00876,52.96771],[-170.00229,52.96475],[-169.99555,52.96653],[-169.97745,52.96553],[-169.94177,52.95878],[-169.92977,52.95158],[-169.91051,52.93521],[-169.90798,52.92861],[-169.90818,52.92255],[-169.88551,52.93258],[-169.83192,52.93554],[-169.82776,52.93279],[-169.81776,52.93735],[-169.82755,52.94537],[-169.84291,52.96952],[-169.84334,52.97838],[-169.83297,53.00996],[-169.85213,53.01586],[-169.8651,53.02437],[-169.87942,53.0393],[-169.88323,53.04519],[-169.88345,53.05145],[-169.88064,53.0675],[-169.87208,53.08197],[-169.87298,53.08919],[-169.86077,53.10501],[-169.8141,53.12664],[-169.78618,53.13261],[-169.77021,53.13433],[-169.75917,53.13405],[-169.73075,53.12781],[-169.68988,53.11206],[-169.67932,53.10362],[-169.66425,53.08568],[-169.63106,53.0775],[-169.61409,53.06981],[-169.60447,53.06203],[-169.58066,53.03216],[-169.57831,53.02021],[-169.58002,53.01511],[-169.57513,53.00177],[-169.57526,52.99371],[-169.58749,52.96996],[-169.5958,52.96324],[-169.60712,52.95957],[-169.60669,52.95516],[-169.61261,52.9443],[-169.62,52.93615]]]]},"properties":{"fid":7,"zone":"Hawaii-Aleutian","utc":"-10:00","Shape__Area":5.768662937680574,"Shape__Length":61.933931516361405}},{"type":"Feature","id":8,"geometry":{"type":"MultiPolygon","coordinates":[[[[-170.60637,-14.19773],[-170.60225,-14.20036],[-170.58168,-14.19639],[-170.55924,-14.19838],[-170.5368,-14.20433],[-170.51062,-14.23212],[-170.50647,-14.25429],[-170.49474,-14.26596],[-170.49036,-14.28247],[-170.49151,-14.30168],[-170.50002,-14.31761],[-170.50946,-14.32876],[-170.51969,-14.33315],[-170.53086,-14.33532],[-170.55956,-14.33804],[-170.58144,-14.33482],[-170.58652,-14.33103],[-170.6024,-14.33431],[-170.61647,-14.33421],[-170.63748,-14.33691],[-170.6428,-14.34031],[-170.64819,-14.34744],[-170.65451,-14.36424],[-170.66041,-14.37137],[-170.72577,-14.41593],[-170.73904,-14.41994],[-170.75987,-14.41813],[-170.77436,-14.41313],[-170.78116,-14.40745],[-170.78589,-14.40052],[-170.80398,-14.39574],[-170.81229,-14.38877],[-170.82076,-14.37746],[-170.82312,-14.37178],[-170.83812,-14.37022],[-170.85235,-14.36634],[-170.86596,-14.35857],[-170.88372,-14.34269],[-170.88927,-14.33089],[-170.89031,-14.31719],[-170.88186,-14.29848],[-170.87502,-14.28759],[-170.86255,-14.27504],[-170.84029,-14.25801],[-170.82952,-14.25768],[-170.82328,-14.24999],[-170.8168,-14.24765],[-170.76627,-14.24396],[-170.75002,-14.24123],[-170.746,-14.23375],[-170.74161,-14.22929],[-170.73725,-14.22582],[-170.7263,-14.22268],[-170.72034,-14.21472],[-170.70394,-14.20336],[-170.70281,-14.19686],[-170.68711,-14.18223],[-170.67666,-14.17833],[-170.65533,-14.17554],[-170.64168,-14.17693],[-170.6281,-14.18283],[-170.60637,-14.19773]]],[[[-168.13582,-14.59967],[-168.15787,-14.60181],[-168.17356,-14.60133],[-168.19513,-14.59706],[-168.20677,-14.59009],[-168.218,-14.57512],[-168.2235,-14.56134],[-168.22602,-14.54703],[-168.22455,-14.5245],[-168.21849,-14.51183],[-168.20984,-14.50008],[-168.19954,-14.49012],[-168.1868,-14.48324],[-168.17332,-14.47969],[-168.15225,-14.47784],[-168.13491,-14.48457],[-168.12335,-14.49172],[-168.11118,-14.50812],[-168.10471,-14.52481],[-168.10163,-14.53793],[-168.10225,-14.55403],[-168.11042,-14.57916],[-168.11616,-14.58704],[-168.12912,-14.59725],[-168.13582,-14.59967]]],[[[-169.57567,-14.11364],[-169.56238,-14.12499],[-169.55752,-14.13448],[-169.55473,-14.14257],[-169.55429,-14.15168],[-169.54763,-14.16358],[-169.54827,-14.178],[-169.54703,-14.18433],[-169.54257,-14.17977],[-169.52382,-14.17471],[-169.50608,-14.16687],[-169.50002,-14.16604],[-169.46047,-14.16949],[-169.45808,-14.16727],[-169.43214,-14.17125],[-169.41593,-14.16859],[-169.3952,-14.17],[-169.38566,-14.1746],[-169.37722,-14.18125],[-169.36922,-14.19377],[-169.36691,-14.20207],[-169.36706,-14.24489],[-169.36754,-14.2613],[-169.37069,-14.27952],[-169.37502,-14.28848],[-169.38026,-14.29481],[-169.39742,-14.30717],[-169.40899,-14.31002],[-169.41952,-14.31141],[-169.43023,-14.30985],[-169.44599,-14.30482],[-169.45379,-14.30951],[-169.47326,-14.31635],[-169.48271,-14.31724],[-169.50002,-14.31301],[-169.51341,-14.30778],[-169.5189,-14.30179],[-169.52771,-14.28171],[-169.53292,-14.274],[-169.53921,-14.26899],[-169.55339,-14.2639],[-169.55889,-14.25891],[-169.56383,-14.24999],[-169.56686,-14.22147],[-169.58835,-14.23376],[-169.60866,-14.23791],[-169.62283,-14.23568],[-169.63137,-14.22796],[-169.64674,-14.23257],[-169.66063,-14.23382],[-169.67269,-14.23288],[-169.68037,-14.23059],[-169.69286,-14.2216],[-169.71421,-14.20073],[-169.72282,-14.18936],[-169.72581,-14.18096],[-169.72529,-14.15562],[-169.72259,-14.14366],[-169.71734,-14.1333],[-169.70233,-14.12034],[-169.67804,-14.11151],[-169.66576,-14.10936],[-169.63051,-14.11371],[-169.61509,-14.10681],[-169.59926,-14.10538],[-169.59003,-14.10752],[-169.57567,-14.11364]]],[[[-171.04888,-11.10929],[-171.07443,-11.11012],[-171.09836,-11.10786],[-171.12065,-11.10091],[-171.13389,-11.09053],[-171.14116,-11.07381],[-171.14118,-11.04622],[-171.13747,-11.03008],[-171.12578,-11.01559],[-171.11142,-11.00378],[-171.0949,-10.99779],[-171.07465,-10.9972],[-171.03635,-11.0029],[-171.0193,-11.01224],[-171.01409,-11.02369],[-171.01117,-11.06022],[-171.01139,-11.07814],[-171.01965,-11.09462],[-171.03219,-11.10508],[-171.04888,-11.10929]]]]},"properties":{"fid":8,"zone":"Samoa","utc":"-11:00","Shape__Area":0.12591184947643796,"Shape__Length":2.8624859605080526}},{"type":"Feature","id":9,"geometry":{"type":"MultiPolygon","coordinates":[[[[144.99557,13.62744],[145.0031,13.61815],[145.00916,13.59115],[145.0067,13.5809],[144.99937,13.56964],[144.99588,13.55673],[144.98947,13.54719],[144.98475,13.52946],[144.97924,13.51965],[144.97582,13.50681],[144.97203,13.50001],[144.95405,13.47892],[144.94417,13.4727],[144.93228,13.46937],[144.91721,13.45238],[144.90526,13.44471],[144.89887,13.44264],[144.88222,13.42487],[144.875,13.41958],[144.87026,13.4182],[144.86644,13.41251],[144.85708,13.40384],[144.84455,13.39691],[144.83928,13.38939],[144.82659,13.38146],[144.82253,13.3546],[144.82276,13.34037],[144.82082,13.33366],[144.82203,13.30591],[144.82019,13.28835],[144.81798,13.28045],[144.81161,13.26779],[144.80468,13.26019],[144.80273,13.25119],[144.79918,13.25001],[144.79175,13.24091],[144.78315,13.23511],[144.77662,13.22263],[144.76322,13.20854],[144.75277,13.20092],[144.73694,13.19414],[144.72964,13.19268],[144.71972,13.19339],[144.70392,13.19056],[144.68833,13.19104],[144.675,13.18776],[144.66786,13.18842],[144.65666,13.18421],[144.63823,13.18234],[144.62595,13.18408],[144.61521,13.18898],[144.60639,13.19566],[144.60015,13.20226],[144.5932,13.21342],[144.58994,13.22891],[144.59341,13.25001],[144.59466,13.25001],[144.60003,13.26098],[144.60837,13.27062],[144.60397,13.28098],[144.60299,13.29516],[144.59344,13.30164],[144.58473,13.31251],[144.58093,13.31995],[144.57797,13.33458],[144.57818,13.3493],[144.582,13.36062],[144.5846,13.37642],[144.59127,13.38653],[144.59304,13.39243],[144.5739,13.41117],[144.5669,13.42564],[144.56397,13.43891],[144.56357,13.45099],[144.56634,13.4637],[144.57668,13.48107],[144.58879,13.4938],[144.61656,13.51308],[144.63743,13.51756],[144.66312,13.51523],[144.67669,13.52279],[144.693,13.52903],[144.70926,13.52905],[144.72546,13.53175],[144.73747,13.54429],[144.75,13.5519],[144.76471,13.58265],[144.77742,13.59863],[144.78107,13.61617],[144.78111,13.62501],[144.78959,13.65332],[144.81639,13.68876],[144.82714,13.69692],[144.84529,13.70509],[144.86043,13.70588],[144.875,13.70334],[144.88915,13.69823],[144.91255,13.68304],[144.92386,13.66821],[144.93691,13.65609],[144.94051,13.65058],[144.96178,13.64878],[144.97562,13.64429],[144.98157,13.64122],[144.99557,13.62744]]],[[[145.27106,14.26232],[145.27658,14.25431],[145.30452,14.25629],[145.31919,14.25393],[145.32976,14.24938],[145.3517,14.24442],[145.36499,14.22662],[145.37448,14.20083],[145.37141,14.17013],[145.34918,14.13642],[145.35148,14.12501],[145.33964,14.10828],[145.32555,14.09891],[145.31204,14.09418],[145.29914,14.09195],[145.29576,14.08443],[145.28456,14.07112],[145.27392,14.064],[145.26074,14.05867],[145.23302,14.05254],[145.21956,14.05599],[145.19725,14.04275],[145.17798,14.03657],[145.15973,14.04303],[145.15137,14.04285],[145.13944,14.03917],[145.13334,14.03935],[145.12732,14.04412],[145.0969,14.04706],[145.07774,14.06042],[145.06446,14.08172],[145.05959,14.09907],[145.05805,14.11441],[145.05896,14.12501],[145.06302,14.13791],[145.07523,14.15912],[145.09145,14.16874],[145.08936,14.17905],[145.09194,14.19363],[145.103,14.20685],[145.1143,14.21691],[145.14309,14.23133],[145.15698,14.23516],[145.17832,14.23503],[145.20139,14.25376],[145.21679,14.26192],[145.23562,14.2666],[145.24894,14.26692],[145.2638,14.26621],[145.27106,14.26232]]],[[[145.76541,15.06905],[145.75007,15.06661],[145.74268,15.01422],[145.74306,15.00001],[145.7462,14.99174],[145.74774,14.97122],[145.73076,14.9173],[145.70932,14.89276],[145.69467,14.87314],[145.68374,14.86424],[145.67121,14.86],[145.65312,14.85737],[145.64137,14.83234],[145.63269,14.81907],[145.61646,14.80085],[145.59171,14.78144],[145.56206,14.7738],[145.53262,14.7727],[145.50772,14.77938],[145.5,14.78763],[145.49393,14.79024],[145.48268,14.79921],[145.47255,14.81915],[145.46784,14.83709],[145.47019,14.86488],[145.47607,14.87845],[145.48935,14.89871],[145.5,14.9061],[145.55224,14.93273],[145.56289,14.93429],[145.54101,14.94959],[145.52476,14.97146],[145.51559,14.99149],[145.51321,15.00001],[145.5136,15.02684],[145.51831,15.05629],[145.53502,15.08922],[145.5726,15.12502],[145.64831,15.13867],[145.66929,15.16197],[145.68697,15.19737],[145.68745,15.23225],[145.6917,15.24702],[145.70851,15.27527],[145.73543,15.31266],[145.75206,15.32702],[145.78181,15.34836],[145.79302,15.35471],[145.80285,15.35784],[145.81907,15.35543],[145.83354,15.35529],[145.85281,15.3519],[145.87597,15.33451],[145.89634,15.30874],[145.90124,15.29481],[145.90734,15.28391],[145.90936,15.27409],[145.90551,15.25778],[145.89188,15.21991],[145.88294,15.19736],[145.87984,15.19326],[145.88003,15.17795],[145.87499,15.15024],[145.87916,15.1451],[145.87598,15.13544],[145.86492,15.1302],[145.85975,15.12376],[145.84771,15.12056],[145.83741,15.12008],[145.83871,15.116],[145.83389,15.10194],[145.8258,15.09241],[145.80869,15.07897],[145.79601,15.07359],[145.76541,15.06905]]],[[[146.08815,15.95296],[146.04444,15.9479],[146.01071,15.97068],[146.00321,16.00001],[146.00199,16.02879],[146.01425,16.05745],[146.03036,16.07724],[146.05077,16.09337],[146.09403,16.09729],[146.12499,16.08548],[146.13817,16.07466],[146.15191,16.05188],[146.15441,16.02277],[146.15066,16.00632],[146.14692,16.00001],[146.13315,15.98103],[146.08815,15.95296]]],[[[145.69319,16.274],[145.6499,16.27377],[145.625,16.28055],[145.6038,16.28937],[145.57507,16.30582],[145.56008,16.34125],[145.55883,16.37416],[145.57132,16.402],[145.59755,16.42351],[145.625,16.4425],[145.65461,16.4511],[145.67571,16.45235],[145.72075,16.44829],[145.75,16.43766],[145.76478,16.42238],[145.77087,16.41229],[145.78012,16.38351],[145.78282,16.35992],[145.76763,16.32397],[145.7329,16.29332],[145.7023,16.27658],[145.69319,16.274]]],[[[145.79051,16.6313],[145.78123,16.63048],[145.76295,16.63224],[145.75,16.63923],[145.7383,16.64096],[145.72184,16.65185],[145.71174,16.66568],[145.70442,16.68816],[145.70002,16.7109],[145.70216,16.73571],[145.70829,16.75001],[145.72009,16.75877],[145.72218,16.764],[145.73073,16.76989],[145.76977,16.78775],[145.79238,16.79198],[145.82318,16.78213],[145.84355,16.76588],[145.86789,16.74176],[145.86849,16.72509],[145.86763,16.69053],[145.86151,16.67301],[145.85493,16.66013],[145.84207,16.64793],[145.8219,16.63707],[145.80267,16.63237],[145.79051,16.6313]]],[[[145.86907,17.39405],[145.875,17.39157],[145.8964,17.38839],[145.90453,17.37501],[145.91609,17.37208],[145.9273,17.35805],[145.93655,17.34038],[145.92601,17.3333],[145.92723,17.32132],[145.92581,17.29713],[145.91831,17.27983],[145.90371,17.26083],[145.89563,17.25641],[145.89215,17.25001],[145.89071,17.24332],[145.8656,17.23072],[145.84681,17.22527],[145.82738,17.22868],[145.80547,17.24111],[145.79361,17.25001],[145.79145,17.25494],[145.77421,17.27308],[145.76605,17.29062],[145.76337,17.30586],[145.76239,17.32468],[145.76475,17.32975],[145.7613,17.33631],[145.76436,17.34439],[145.77438,17.35983],[145.78796,17.37501],[145.80157,17.38699],[145.82358,17.39323],[145.82854,17.39618],[145.85054,17.40119],[145.86907,17.39405]]],[[[145.84683,17.51561],[145.83235,17.51292],[145.81779,17.51446],[145.80113,17.52051],[145.77672,17.53597],[145.75883,17.55195],[145.75,17.56426],[145.74678,17.57682],[145.74665,17.59937],[145.75,17.60856],[145.78543,17.66853],[145.8001,17.68409],[145.82811,17.69082],[145.85687,17.69055],[145.89393,17.68031],[145.91084,17.66767],[145.9177,17.65464],[145.92324,17.62501],[145.92444,17.59913],[145.91833,17.56725],[145.90955,17.54796],[145.89666,17.53354],[145.875,17.52048],[145.86765,17.51772],[145.84683,17.51561]]],[[[145.79404,18.24308],[145.80603,18.23961],[145.82486,18.23823],[145.84002,18.23384],[145.84897,18.22803],[145.85599,18.22321],[145.88028,18.18638],[145.89065,18.15507],[145.88768,18.14791],[145.88781,18.13824],[145.88518,18.13203],[145.88347,18.10934],[145.875,18.0866],[145.86422,18.06863],[145.84423,18.04554],[145.80925,18.02952],[145.77786,18.00344],[145.7441,17.98605],[145.72161,17.98605],[145.69538,17.98984],[145.66402,18.00926],[145.65752,18.01887],[145.65626,18.0247],[145.6456,18.0457],[145.64567,18.05272],[145.64375,18.05795],[145.65474,18.09094],[145.65448,18.09767],[145.66032,18.1192],[145.66845,18.13721],[145.68548,18.15362],[145.68477,18.17112],[145.68687,18.17918],[145.6913,18.18905],[145.70003,18.19975],[145.73966,18.23023],[145.75952,18.24109],[145.79404,18.24308]]],[[[145.68462,18.65785],[145.65443,18.66042],[145.625,18.67267],[145.60861,18.68228],[145.59225,18.70249],[145.57689,18.72966],[145.56981,18.75155],[145.56313,18.77869],[145.56407,18.79241],[145.57539,18.82043],[145.59809,18.85685],[145.60784,18.86586],[145.625,18.87501],[145.64675,18.87962],[145.66218,18.881],[145.67608,18.88055],[145.70419,18.87501],[145.70997,18.87241],[145.72572,18.85983],[145.75,18.8271],[145.76492,18.79557],[145.76893,18.77814],[145.77066,18.76073],[145.7698,18.75001],[145.76433,18.73164],[145.73661,18.68791],[145.70028,18.66428],[145.68462,18.65785]]],[[[145.42749,19.59096],[145.40001,19.58843],[145.36914,19.59671],[145.34306,19.6077],[145.33032,19.61501],[145.32773,19.625],[145.31296,19.65369],[145.31041,19.66911],[145.30486,19.68453],[145.30633,19.69841],[145.3159,19.71404],[145.34118,19.74073],[145.35968,19.75642],[145.36715,19.75941],[145.38496,19.76412],[145.39692,19.76471],[145.42433,19.76016],[145.43527,19.75562],[145.47271,19.72673],[145.47881,19.71563],[145.48983,19.70359],[145.4932,19.69548],[145.49562,19.67992],[145.49056,19.67071],[145.4884,19.65698],[145.46761,19.62699],[145.45497,19.60488],[145.42749,19.59096]]],[[[145.25,19.94855],[145.21214,19.94734],[145.18312,19.95192],[145.17273,19.95915],[145.15519,19.97758],[145.1426,19.98626],[145.13188,20.03957],[145.13623,20.05599],[145.14616,20.07639],[145.17865,20.09652],[145.2032,20.10181],[145.2336,20.10267],[145.26514,20.09537],[145.28556,20.08194],[145.29971,20.06584],[145.31496,20.03297],[145.31008,20.0165],[145.30415,20.00359],[145.30568,20],[145.29254,19.97931],[145.28223,19.96878],[145.25,19.94855]]],[[[144.89867,20.46412],[144.87851,20.46348],[144.875,20.46563],[144.86247,20.4671],[144.8535,20.47228],[144.84505,20.47407],[144.83139,20.4849],[144.82676,20.49177],[144.82612,20.5],[144.81603,20.5233],[144.81333,20.54477],[144.81544,20.56283],[144.82106,20.57811],[144.83343,20.59515],[144.8461,20.60516],[144.86329,20.613],[144.89913,20.61656],[144.92303,20.61437],[144.94141,20.60833],[144.95928,20.59441],[144.97109,20.58119],[144.97748,20.56226],[144.97935,20.54738],[144.97914,20.52587],[144.97142,20.51054],[144.96384,20.5],[144.95297,20.48999],[144.92643,20.4701],[144.89867,20.46412]]]]},"properties":{"fid":9,"zone":"Chamorro","utc":"+10:00","Shape__Area":0.557368531513248,"Shape__Length":10.011238316717758}}]}